Filename, Fuzzy Messages, Total Messages, Fuzzy Words, Total Words, Achievement
l10n/po/pt_BR/content/versions/main/guides/all-config.adoc.po, 19796, 19816, 276861, 277028, 1%
l10n/po/pt_BR/content/guides/all-config.adoc.po, 19793, 19813, 273651, 273818, 1%
l10n/po/pt_BR/content/versions/3.34/guides/all-config.adoc.po, 18458, 18477, 254397, 254563, 1%
l10n/po/pt_BR/content/versions/3.33/guides/all-config.adoc.po, 18440, 18459, 254263, 254429, 1%
l10n/po/pt_BR/content/versions/3.27/guides/all-config.adoc.po, 17909, 17928, 246090, 246256, 1%
l10n/po/pt_BR/content/versions/3.20/guides/all-config.adoc.po, 17137, 17158, 235807, 235975, 1%
l10n/po/pt_BR/content/versions/3.15/guides/all-config.adoc.po, 16785, 16805, 225669, 225836, 1%
l10n/po/pt_BR/content/versions/3.2/guides/all-config.adoc.po, 15118, 15137, 196494, 196637, 1%
l10n/po/pt_BR/content/versions/3.8/guides/all-config.adoc.po, 15344, 15362, 194324, 194451, 1%
l10n/po/pt_BR/content/versions/2.16/guides/all-config.adoc.po, 12530, 12539, 164896, 164907, 1%
l10n/po/pt_BR/content/versions/2.13/guides/all-config.adoc.po, 11915, 11924, 156244, 156255, 1%
l10n/po/pt_BR/content/versions/main/guides/all-builditems.adoc.po, 3900, 3912, 47715, 47743, 1%
l10n/po/pt_BR/content/guides/deploying-to-kubernetes.adoc.po, 3865, 3888, 47249, 47359, 1%
l10n/po/pt_BR/content/versions/3.33/guides/deploying-to-kubernetes.adoc.po, 3835, 3858, 47038, 47148, 1%
l10n/po/pt_BR/content/versions/3.34/guides/deploying-to-kubernetes.adoc.po, 3836, 3859, 46988, 47098, 1%
l10n/po/pt_BR/content/versions/main/guides/deploying-to-kubernetes.adoc.po, 3846, 3869, 46988, 47098, 1%
l10n/po/pt_BR/content/versions/3.27/guides/deploying-to-kubernetes.adoc.po, 3736, 3759, 45557, 45667, 1%
l10n/po/pt_BR/content/versions/3.20/guides/deploying-to-kubernetes.adoc.po, 3723, 3747, 45416, 45527, 1%
l10n/po/pt_BR/content/guides/all-builditems.adoc.po, 3737, 3749, 44813, 44841, 1%
l10n/po/pt_BR/content/versions/3.15/guides/deploying-to-kubernetes.adoc.po, 3686, 3710, 43150, 43261, 1%
l10n/po/pt_BR/content/versions/3.34/guides/all-builditems.adoc.po, 3362, 3374, 42264, 42292, 1%
l10n/po/pt_BR/content/versions/3.33/guides/all-builditems.adoc.po, 3358, 3370, 41845, 41873, 1%
l10n/po/pt_BR/content/versions/3.8/guides/deploying-to-kubernetes.adoc.po, 3601, 3625, 39909, 40020, 1%
l10n/po/pt_BR/content/versions/3.2/guides/deploying-to-kubernetes.adoc.po, 3543, 3564, 39169, 39251, 1%
l10n/po/pt_BR/content/versions/3.27/guides/all-builditems.adoc.po, 3222, 3233, 38442, 38469, 1%
l10n/po/pt_BR/content/versions/3.20/guides/all-builditems.adoc.po, 3022, 3031, 33995, 34010, 1%
l10n/po/pt_BR/content/versions/3.15/guides/all-builditems.adoc.po, 2905, 2913, 32447, 32461, 1%
l10n/po/pt_BR/content/versions/2.16/guides/deploying-to-kubernetes.adoc.po, 2698, 2718, 29372, 29437, 1%
l10n/po/pt_BR/content/versions/3.8/guides/all-builditems.adoc.po, 2653, 2661, 29187, 29215, 1%
l10n/po/pt_BR/content/versions/3.2/guides/all-builditems.adoc.po, 2621, 2629, 28213, 28241, 1%
l10n/po/pt_BR/content/versions/2.13/guides/deploying-to-kubernetes.adoc.po, 2457, 2477, 25851, 25916, 1%
l10n/po/pt_BR/content/versions/2.16/guides/all-builditems.adoc.po, 2312, 2320, 24801, 24829, 1%
l10n/po/pt_BR/content/versions/2.13/guides/all-builditems.adoc.po, 2236, 2243, 23946, 23972, 1%
l10n/po/pt_BR/content/versions/2.16/guides/security-openid-connect-web-authentication.adoc.po, 1198, 1233, 22145, 22332, 1%
l10n/po/pt_BR/content/versions/3.15/guides/security-oidc-configuration-properties-reference.adoc.po, 1232, 1255, 22125, 22286, 1%
l10n/po/pt_BR/content/versions/2.13/guides/security-openid-connect-web-authentication.adoc.po, 1167, 1202, 21570, 21757, 1%
l10n/po/pt_BR/content/versions/3.2/guides/hibernate-search-orm-elasticsearch.adoc.po, 1013, 1062, 21258, 21601, 2%
l10n/po/pt_BR/content/versions/2.13/guides/hibernate-search-orm-elasticsearch.adoc.po, 929, 969, 20248, 20466, 2%
l10n/po/pt_BR/content/versions/2.16/guides/hibernate-search-orm-elasticsearch.adoc.po, 929, 969, 20248, 20466, 2%
l10n/po/pt_BR/content/versions/main/guides/security-oidc-configuration-properties-reference.adoc.po, 1111, 1129, 19591, 19717, 1%
l10n/po/pt_BR/content/versions/2.16/guides/security-openid-connect.adoc.po, 1115, 1150, 19399, 19585, 1%
l10n/po/pt_BR/content/versions/3.8/guides/security-oidc-configuration-properties-reference.adoc.po, 1111, 1132, 18927, 19082, 1%
l10n/po/pt_BR/content/versions/2.13/guides/security-openid-connect.adoc.po, 1085, 1120, 18845, 19031, 1%
l10n/po/pt_BR/content/guides/security-oidc-configuration-properties-reference.adoc.po, 1080, 1098, 18832, 18958, 1%
l10n/po/pt_BR/content/versions/3.34/guides/security-oidc-configuration-properties-reference.adoc.po, 1043, 1061, 18127, 18253, 1%
l10n/po/pt_BR/content/versions/3.33/guides/security-oidc-configuration-properties-reference.adoc.po, 1035, 1053, 18047, 18173, 1%
l10n/po/pt_BR/content/versions/3.2/guides/security-oidc-configuration-properties-reference.adoc.po, 1005, 1027, 17856, 18027, 1%
l10n/po/pt_BR/content/versions/2.16/guides/security-openid-connect-multitenancy.adoc.po, 1029, 1061, 17413, 17591, 2%
l10n/po/pt_BR/content/versions/3.27/guides/security-oidc-configuration-properties-reference.adoc.po, 996, 1014, 17389, 17515, 1%
l10n/po/pt_BR/content/versions/3.20/guides/security-oidc-configuration-properties-reference.adoc.po, 935, 958, 16757, 16918, 1%
l10n/po/pt_BR/content/versions/2.13/guides/security-openid-connect-multitenancy.adoc.po, 987, 1020, 16595, 16776, 2%
l10n/po/pt_BR/content/versions/main/guides/dev-services.adoc.po, 944, 981, 16449, 17020, 4%
l10n/po/pt_BR/content/guides/deploying-to-openshift.adoc.po, 1386, 1403, 16177, 16273, 1%
l10n/po/pt_BR/content/versions/main/guides/logging.adoc.po, 1538, 1547, 16123, 16132, 1%
l10n/po/pt_BR/content/versions/main/guides/deploying-to-openshift.adoc.po, 1379, 1396, 16084, 16180, 1%
l10n/po/pt_BR/content/versions/3.34/guides/deploying-to-openshift.adoc.po, 1396, 1413, 16047, 16143, 1%
l10n/po/pt_BR/content/versions/3.33/guides/deploying-to-openshift.adoc.po, 1369, 1386, 15974, 16070, 1%
l10n/po/pt_BR/content/versions/3.27/guides/deploying-to-openshift.adoc.po, 1388, 1405, 15966, 16062, 1%
l10n/po/pt_BR/content/versions/3.20/guides/deploying-to-openshift.adoc.po, 1387, 1405, 15965, 16062, 1%
l10n/po/pt_BR/content/guides/dev-services.adoc.po, 861, 898, 15339, 15910, 4%
l10n/po/pt_BR/content/guides/logging.adoc.po, 1492, 1501, 15131, 15140, 1%
l10n/po/pt_BR/content/versions/3.15/guides/deploying-to-openshift.adoc.po, 1340, 1371, 14947, 15144, 2%
l10n/po/pt_BR/_data/wg.yaml.po, 265, 265, 14631, 14631, 0%
l10n/po/pt_BR/content/guides/hibernate-search-orm-elasticsearch.adoc.po, 858, 906, 14631, 14980, 3%
l10n/po/pt_BR/content/versions/3.33/guides/hibernate-search-orm-elasticsearch.adoc.po, 858, 906, 14631, 14980, 3%
l10n/po/pt_BR/content/guides/quarkus-maven-plugin.adoc.po, 1206, 1214, 14630, 14746, 1%
l10n/po/pt_BR/content/versions/main/guides/quarkus-maven-plugin.adoc.po, 1206, 1214, 14630, 14746, 1%
l10n/po/pt_BR/content/versions/3.34/guides/hibernate-search-orm-elasticsearch.adoc.po, 857, 905, 14615, 14964, 3%
l10n/po/pt_BR/content/versions/3.33/guides/quarkus-maven-plugin.adoc.po, 1193, 1202, 14467, 14586, 1%
l10n/po/pt_BR/content/versions/3.34/guides/quarkus-maven-plugin.adoc.po, 1193, 1202, 14467, 14586, 1%
l10n/po/pt_BR/content/versions/3.33/guides/dev-services.adoc.po, 808, 846, 14458, 15032, 4%
l10n/po/pt_BR/content/versions/3.34/guides/dev-services.adoc.po, 808, 846, 14458, 15032, 4%
l10n/po/pt_BR/content/versions/main/guides/hibernate-search-orm-elasticsearch.adoc.po, 845, 893, 14431, 14780, 3%
l10n/po/pt_BR/content/versions/main/guides/tls-registry-reference.adoc.po, 879, 891, 14367, 14461, 1%
l10n/po/pt_BR/content/guides/tls-registry-reference.adoc.po, 879, 891, 14366, 14460, 1%
l10n/po/pt_BR/content/versions/3.27/guides/hibernate-search-orm-elasticsearch.adoc.po, 841, 889, 14342, 14691, 3%
l10n/po/pt_BR/content/versions/3.20/guides/hibernate-search-orm-elasticsearch.adoc.po, 838, 888, 14339, 14690, 3%
l10n/po/pt_BR/content/versions/3.15/guides/hibernate-search-orm-elasticsearch.adoc.po, 838, 888, 13922, 14273, 3%
l10n/po/pt_BR/content/versions/3.8/guides/deploying-to-openshift.adoc.po, 1306, 1337, 13823, 14020, 2%
l10n/po/pt_BR/content/versions/3.2/guides/deploying-to-openshift.adoc.po, 1293, 1322, 13626, 13810, 2%
l10n/po/pt_BR/content/versions/main/guides/qute-reference.adoc.po, 831, 858, 13572, 13801, 2%
l10n/po/pt_BR/content/guides/qute-reference.adoc.po, 826, 853, 13426, 13655, 2%
l10n/po/pt_BR/content/versions/3.27/guides/dev-services.adoc.po, 732, 771, 13324, 13933, 5%
l10n/po/pt_BR/content/versions/3.8/guides/hibernate-search-orm-elasticsearch.adoc.po, 800, 851, 13245, 13601, 3%
l10n/po/pt_BR/content/versions/main/guides/security-oidc-expanded-configuration.adoc.po, 794, 803, 13199, 13212, 1%
l10n/po/pt_BR/content/versions/3.20/guides/dev-services.adoc.po, 712, 752, 13142, 13752, 5%
l10n/po/pt_BR/content/versions/3.33/guides/qute-reference.adoc.po, 812, 840, 13094, 13326, 2%
l10n/po/pt_BR/content/versions/3.34/guides/qute-reference.adoc.po, 812, 840, 13094, 13326, 2%
l10n/po/pt_BR/content/versions/3.27/guides/quarkus-maven-plugin.adoc.po, 1074, 1083, 13043, 13162, 1%
l10n/po/pt_BR/content/versions/3.27/guides/qute-reference.adoc.po, 797, 825, 12775, 13007, 2%
l10n/po/pt_BR/content/guides/security-oidc-expanded-configuration.adoc.po, 752, 761, 12507, 12520, 1%
l10n/po/pt_BR/content/versions/3.34/guides/security-oidc-expanded-configuration.adoc.po, 742, 751, 12302, 12315, 1%
l10n/po/pt_BR/content/versions/3.20/guides/qute-reference.adoc.po, 781, 810, 12291, 12524, 2%
l10n/po/pt_BR/content/versions/main/guides/management-interface-reference.adoc.po, 779, 799, 12289, 12387, 1%
l10n/po/pt_BR/content/versions/3.33/guides/security-oidc-expanded-configuration.adoc.po, 738, 747, 12282, 12295, 1%
l10n/po/pt_BR/content/versions/main/guides/datasource.adoc.po, 1032, 1047, 12075, 12196, 1%
l10n/po/pt_BR/content/versions/3.15/guides/dev-services.adoc.po, 656, 696, 11955, 12565, 5%
l10n/po/pt_BR/content/versions/3.27/guides/security-oidc-expanded-configuration.adoc.po, 719, 728, 11934, 11947, 1%
l10n/po/pt_BR/content/versions/3.20/guides/quarkus-maven-plugin.adoc.po, 1038, 1047, 11683, 11802, 2%
l10n/po/pt_BR/content/versions/3.15/guides/qute-reference.adoc.po, 728, 757, 11481, 11714, 2%
l10n/po/pt_BR/content/versions/3.27/guides/redis-reference.adoc.po, 860, 873, 11156, 11275, 2%
l10n/po/pt_BR/content/guides/datasource.adoc.po, 956, 971, 11118, 11239, 2%
l10n/po/pt_BR/content/versions/main/guides/native-reference.adoc.po, 423, 518, 11109, 12642, 13%
l10n/po/pt_BR/content/guides/management-interface-reference.adoc.po, 666, 686, 11015, 11113, 1%
l10n/po/pt_BR/content/versions/3.8/guides/qute-reference.adoc.po, 710, 738, 11009, 11241, 3%
l10n/po/pt_BR/content/versions/3.33/guides/tls-registry-reference.adoc.po, 651, 663, 10753, 10847, 1%
l10n/po/pt_BR/content/versions/3.34/guides/tls-registry-reference.adoc.po, 651, 663, 10753, 10847, 1%
l10n/po/pt_BR/content/versions/3.27/guides/tls-registry-reference.adoc.po, 637, 649, 10689, 10783, 1%
l10n/po/pt_BR/content/versions/3.20/guides/tls-registry-reference.adoc.po, 636, 649, 10660, 10755, 1%
l10n/po/pt_BR/content/versions/main/guides/hibernate-orm.adoc.po, 650, 928, 10572, 15490, 32%
l10n/po/pt_BR/content/versions/3.8/guides/dev-services.adoc.po, 589, 635, 10571, 11413, 8%
l10n/po/pt_BR/content/versions/3.15/guides/quarkus-maven-plugin.adoc.po, 1004, 1013, 10562, 10681, 2%
l10n/po/pt_BR/content/versions/main/guides/security-oidc-code-flow-authentication.adoc.po, 472, 479, 10464, 10488, 1%
l10n/po/pt_BR/content/guides/native-reference.adoc.po, 370, 381, 10454, 10531, 1%
l10n/po/pt_BR/content/versions/3.33/guides/datasource.adoc.po, 921, 936, 10440, 10561, 2%
l10n/po/pt_BR/content/versions/3.34/guides/datasource.adoc.po, 921, 936, 10440, 10561, 2%
l10n/po/pt_BR/content/guides/security-oidc-code-flow-authentication.adoc.po, 465, 472, 10376, 10400, 1%
l10n/po/pt_BR/content/versions/3.33/guides/native-reference.adoc.po, 365, 376, 10351, 10428, 1%
l10n/po/pt_BR/content/versions/3.34/guides/native-reference.adoc.po, 365, 376, 10351, 10428, 1%
l10n/po/pt_BR/content/versions/3.20/guides/native-reference.adoc.po, 365, 376, 10343, 10420, 1%
l10n/po/pt_BR/content/versions/3.27/guides/native-reference.adoc.po, 365, 376, 10343, 10420, 1%
l10n/po/pt_BR/content/versions/3.2/guides/qute-reference.adoc.po, 669, 697, 10328, 10560, 3%
l10n/po/pt_BR/content/versions/3.2/guides/dev-services.adoc.po, 565, 612, 10300, 11158, 8%
l10n/po/pt_BR/content/versions/3.20/guides/redis-reference.adoc.po, 841, 855, 10291, 10411, 2%
l10n/po/pt_BR/content/versions/3.27/guides/datasource.adoc.po, 907, 922, 10273, 10394, 2%
l10n/po/pt_BR/content/versions/2.16/guides/deploying-to-openshift.adoc.po, 980, 1001, 10250, 10319, 1%
l10n/po/pt_BR/content/versions/3.15/guides/native-reference.adoc.po, 356, 367, 10243, 10320, 1%
l10n/po/pt_BR/content/versions/3.20/guides/datasource.adoc.po, 901, 917, 10174, 10296, 2%
l10n/po/pt_BR/content/guides/hibernate-orm.adoc.po, 637, 934, 10168, 15514, 35%
l10n/po/pt_BR/content/versions/3.2/guides/datasource.adoc.po, 1000, 1017, 10134, 10272, 2%
l10n/po/pt_BR/content/versions/3.8/guides/datasource.adoc.po, 983, 1001, 10054, 10216, 2%
l10n/po/pt_BR/content/versions/3.15/guides/datasource.adoc.po, 941, 959, 9956, 10118, 2%
l10n/po/pt_BR/content/versions/main/guides/security-openid-connect-client-reference.adoc.po, 612, 630, 9831, 9938, 2%
l10n/po/pt_BR/content/versions/2.16/guides/qute-reference.adoc.po, 621, 648, 9829, 10060, 3%
l10n/po/pt_BR/content/versions/3.33/guides/security-oidc-code-flow-authentication.adoc.po, 448, 455, 9801, 9825, 1%
l10n/po/pt_BR/content/versions/3.34/guides/security-oidc-code-flow-authentication.adoc.po, 448, 455, 9801, 9825, 1%
l10n/po/pt_BR/content/versions/3.8/guides/quarkus-maven-plugin.adoc.po, 1102, 1117, 9683, 9807, 2%
l10n/po/pt_BR/content/guides/hibernate-reactive.adoc.po, 603, 635, 9610, 9868, 3%
l10n/po/pt_BR/content/versions/3.27/guides/security-oidc-code-flow-authentication.adoc.po, 401, 408, 9578, 9602, 1%
l10n/po/pt_BR/content/versions/3.15/guides/security-openid-connect-client-reference.adoc.po, 662, 680, 9512, 9618, 2%
l10n/po/pt_BR/content/versions/3.20/guides/security-oidc-code-flow-authentication.adoc.po, 396, 403, 9488, 9512, 1%
l10n/po/pt_BR/content/versions/3.2/guides/quarkus-maven-plugin.adoc.po, 1091, 1106, 9438, 9562, 2%
l10n/po/pt_BR/content/versions/3.15/guides/tls-registry-reference.adoc.po, 584, 597, 9421, 9516, 1%
l10n/po/pt_BR/content/versions/main/guides/hibernate-reactive.adoc.po, 577, 609, 9372, 9630, 3%
l10n/po/pt_BR/content/guides/rest-client.adoc.po, 553, 763, 9325, 12462, 26%
l10n/po/pt_BR/content/guides/opentelemetry.adoc.po, 682, 704, 9304, 9415, 2%
l10n/po/pt_BR/content/versions/2.16/guides/dev-services.adoc.po, 457, 497, 9280, 10005, 8%
l10n/po/pt_BR/content/versions/main/guides/opentelemetry.adoc.po, 678, 700, 9261, 9372, 2%
l10n/po/pt_BR/content/versions/2.13/guides/qute-reference.adoc.po, 595, 622, 9237, 9468, 3%
l10n/po/pt_BR/content/guides/security-openid-connect-client-reference.adoc.po, 596, 614, 9217, 9324, 2%
l10n/po/pt_BR/content/guides/hibernate-search-standalone-elasticsearch.adoc.po, 527, 571, 9122, 9442, 4%
l10n/po/pt_BR/content/versions/3.33/guides/hibernate-search-standalone-elasticsearch.adoc.po, 527, 571, 9122, 9442, 4%
l10n/po/pt_BR/content/versions/main/guides/hibernate-search-standalone-elasticsearch.adoc.po, 527, 571, 9122, 9442, 4%
l10n/po/pt_BR/content/versions/3.27/guides/hibernate-search-standalone-elasticsearch.adoc.po, 526, 570, 9106, 9426, 4%
l10n/po/pt_BR/content/versions/3.34/guides/hibernate-search-standalone-elasticsearch.adoc.po, 526, 570, 9106, 9426, 4%
l10n/po/pt_BR/content/versions/3.20/guides/hibernate-search-standalone-elasticsearch.adoc.po, 523, 569, 9103, 9425, 4%
l10n/po/pt_BR/content/versions/main/guides/rest-client.adoc.po, 518, 728, 9096, 12233, 26%
l10n/po/pt_BR/content/versions/3.34/guides/hibernate-orm.adoc.po, 589, 895, 9080, 14671, 39%
l10n/po/pt_BR/content/versions/3.33/guides/hibernate-orm.adoc.po, 587, 893, 9078, 14669, 39%
l10n/po/pt_BR/content/posts/2020-05-08-insights-1.adoc.po, 265, 265, 9071, 9071, 0%
l10n/po/pt_BR/content/posts/2020/2020-05-08-insights-1.adoc.po, 265, 265, 9071, 9071, 0%
l10n/po/pt_BR/content/versions/3.8/guides/native-reference.adoc.po, 319, 330, 9067, 9144, 1%
l10n/po/pt_BR/content/guides/infinispan-client-reference.adoc.po, 551, 560, 9065, 9079, 1%
l10n/po/pt_BR/content/versions/3.33/guides/infinispan-client-reference.adoc.po, 551, 560, 9065, 9079, 1%
l10n/po/pt_BR/content/versions/3.34/guides/infinispan-client-reference.adoc.po, 551, 560, 9065, 9079, 1%
l10n/po/pt_BR/content/versions/3.2/guides/native-reference.adoc.po, 317, 325, 9027, 9075, 1%
l10n/po/pt_BR/content/versions/2.13/guides/deploying-to-openshift.adoc.po, 886, 907, 9023, 9092, 1%
l10n/po/pt_BR/content/versions/main/guides/redis-reference.adoc.po, 697, 710, 8985, 9104, 2%
l10n/po/pt_BR/content/guides/redis-reference.adoc.po, 695, 708, 8982, 9101, 2%
l10n/po/pt_BR/content/versions/3.33/guides/redis-reference.adoc.po, 695, 708, 8982, 9101, 2%
l10n/po/pt_BR/content/versions/3.15/guides/hibernate-search-standalone-elasticsearch.adoc.po, 524, 570, 8980, 9302, 4%
l10n/po/pt_BR/content/versions/3.34/guides/redis-reference.adoc.po, 694, 707, 8968, 9087, 2%
l10n/po/pt_BR/content/versions/3.33/guides/management-interface-reference.adoc.po, 552, 567, 8935, 9027, 2%
l10n/po/pt_BR/content/versions/3.34/guides/management-interface-reference.adoc.po, 552, 567, 8935, 9027, 2%
l10n/po/pt_BR/content/versions/3.34/guides/rest-client.adoc.po, 528, 740, 8935, 12086, 27%
l10n/po/pt_BR/content/versions/3.27/guides/management-interface-reference.adoc.po, 552, 567, 8925, 9017, 2%
l10n/po/pt_BR/content/versions/3.33/guides/rest-client.adoc.po, 525, 737, 8911, 12062, 27%
l10n/po/pt_BR/content/versions/main/guides/rest.adoc.po, 564, 577, 8893, 8913, 1%
l10n/po/pt_BR/content/versions/3.15/guides/redis-reference.adoc.po, 793, 807, 8846, 8966, 2%
l10n/po/pt_BR/content/versions/main/guides/infinispan-client-reference.adoc.po, 532, 541, 8811, 8825, 1%
l10n/po/pt_BR/content/versions/3.33/guides/logging.adoc.po, 932, 941, 8807, 8816, 1%
l10n/po/pt_BR/content/versions/3.34/guides/logging.adoc.po, 932, 941, 8807, 8816, 1%
l10n/po/pt_BR/content/guides/rest.adoc.po, 562, 575, 8803, 8823, 1%
l10n/po/pt_BR/content/versions/2.13/guides/dev-services.adoc.po, 427, 454, 8798, 9084, 4%
l10n/po/pt_BR/content/versions/2.16/guides/datasource.adoc.po, 880, 889, 8779, 8788, 1%
l10n/po/pt_BR/content/versions/3.15/guides/security-oidc-code-flow-authentication.adoc.po, 357, 364, 8750, 8774, 1%
l10n/po/pt_BR/content/versions/3.33/guides/opentelemetry.adoc.po, 629, 650, 8748, 8858, 2%
l10n/po/pt_BR/content/versions/3.34/guides/opentelemetry.adoc.po, 629, 650, 8748, 8858, 2%
l10n/po/pt_BR/content/versions/main/guides/openapi-swaggerui.adoc.po, 624, 657, 8745, 8954, 3%
l10n/po/pt_BR/content/versions/3.20/guides/management-interface-reference.adoc.po, 536, 553, 8714, 8808, 2%
l10n/po/pt_BR/content/guides/openapi-swaggerui.adoc.po, 631, 664, 8703, 8912, 3%
l10n/po/pt_BR/content/versions/3.27/guides/opentelemetry.adoc.po, 624, 645, 8682, 8792, 2%
l10n/po/pt_BR/content/versions/3.33/guides/rest.adoc.po, 556, 569, 8675, 8695, 1%
l10n/po/pt_BR/content/versions/3.34/guides/rest.adoc.po, 556, 569, 8675, 8695, 1%
l10n/po/pt_BR/content/versions/3.27/guides/logging.adoc.po, 899, 908, 8647, 8656, 1%
l10n/po/pt_BR/content/versions/3.27/guides/infinispan-client-reference.adoc.po, 522, 531, 8619, 8633, 1%
l10n/po/pt_BR/content/versions/3.33/guides/openapi-swaggerui.adoc.po, 627, 660, 8606, 8815, 3%
l10n/po/pt_BR/content/versions/3.34/guides/openapi-swaggerui.adoc.po, 627, 660, 8606, 8815, 3%
l10n/po/pt_BR/content/versions/3.20/guides/logging.adoc.po, 893, 903, 8604, 8614, 1%
l10n/po/pt_BR/content/versions/main/guides/maven-tooling.adoc.po, 467, 493, 8586, 8746, 2%
l10n/po/pt_BR/content/guides/maven-tooling.adoc.po, 464, 490, 8574, 8734, 2%
l10n/po/pt_BR/content/versions/3.34/guides/security-openid-connect-client-reference.adoc.po, 571, 589, 8561, 8668, 2%
l10n/po/pt_BR/content/versions/3.20/guides/infinispan-client-reference.adoc.po, 511, 521, 8550, 8565, 1%
l10n/po/pt_BR/content/versions/3.34/guides/hibernate-reactive.adoc.po, 547, 579, 8501, 8759, 3%
l10n/po/pt_BR/content/versions/3.33/guides/hibernate-reactive.adoc.po, 545, 577, 8499, 8757, 3%
l10n/po/pt_BR/content/versions/3.33/guides/security-openid-connect-client-reference.adoc.po, 563, 581, 8480, 8587, 2%
l10n/po/pt_BR/content/versions/2.13/guides/datasource.adoc.po, 856, 865, 8458, 8467, 1%
l10n/po/pt_BR/content/versions/3.27/guides/security-openid-connect-client-reference.adoc.po, 539, 556, 8444, 8549, 2%
l10n/po/pt_BR/content/versions/3.27/guides/rest.adoc.po, 544, 557, 8437, 8457, 1%
l10n/po/pt_BR/content/versions/3.15/guides/infinispan-client-reference.adoc.po, 516, 526, 8399, 8414, 1%
l10n/po/pt_BR/content/versions/3.33/guides/maven-tooling.adoc.po, 447, 473, 8291, 8451, 2%
l10n/po/pt_BR/content/versions/3.34/guides/maven-tooling.adoc.po, 447, 473, 8291, 8451, 2%
l10n/po/pt_BR/content/versions/main/guides/cdi-reference.adoc.po, 402, 411, 8251, 8275, 1%
l10n/po/pt_BR/content/versions/3.20/guides/opentelemetry.adoc.po, 598, 620, 8239, 8350, 2%
l10n/po/pt_BR/content/versions/main/guides/websockets-next-reference.adoc.po, 443, 458, 8190, 8282, 2%
l10n/po/pt_BR/content/versions/3.33/guides/container-image.adoc.po, 469, 482, 8185, 8274, 2%
l10n/po/pt_BR/content/versions/3.34/guides/container-image.adoc.po, 469, 482, 8185, 8274, 2%
l10n/po/pt_BR/content/guides/container-image.adoc.po, 468, 482, 8183, 8274, 2%
l10n/po/pt_BR/content/versions/main/guides/container-image.adoc.po, 468, 482, 8149, 8240, 2%
l10n/po/pt_BR/content/guides/cdi-reference.adoc.po, 396, 405, 8116, 8140, 1%
l10n/po/pt_BR/content/versions/3.8/guides/redis-reference.adoc.po, 770, 784, 8084, 8204, 2%
l10n/po/pt_BR/content/versions/3.33/guides/cdi-reference.adoc.po, 391, 400, 8080, 8104, 1%
l10n/po/pt_BR/content/versions/3.34/guides/cdi-reference.adoc.po, 391, 400, 8080, 8104, 1%
l10n/po/pt_BR/content/versions/3.20/guides/security-openid-connect-client-reference.adoc.po, 521, 539, 8062, 8168, 2%
l10n/po/pt_BR/content/versions/3.27/guides/cdi-reference.adoc.po, 389, 398, 8035, 8059, 1%
l10n/po/pt_BR/content/versions/3.27/guides/maven-tooling.adoc.po, 419, 445, 8018, 8178, 2%
l10n/po/pt_BR/content/versions/3.20/guides/maven-tooling.adoc.po, 417, 443, 8016, 8176, 2%
l10n/po/pt_BR/content/versions/3.27/guides/container-image.adoc.po, 465, 478, 7990, 8079, 2%
l10n/po/pt_BR/content/versions/3.15/guides/management-interface-reference.adoc.po, 501, 517, 7973, 8065, 2%
l10n/po/pt_BR/content/guides/security-authentication-mechanisms.adoc.po, 466, 490, 7859, 7989, 2%
l10n/po/pt_BR/content/versions/3.33/guides/security-authentication-mechanisms.adoc.po, 466, 490, 7859, 7989, 2%
l10n/po/pt_BR/content/versions/3.8/guides/security-oidc-code-flow-authentication.adoc.po, 319, 326, 7859, 7883, 1%
l10n/po/pt_BR/content/versions/main/guides/security-authentication-mechanisms.adoc.po, 466, 490, 7859, 7989, 2%
l10n/po/pt_BR/content/versions/3.34/guides/security-authentication-mechanisms.adoc.po, 466, 490, 7817, 7947, 2%
l10n/po/pt_BR/content/versions/3.20/guides/cdi-reference.adoc.po, 373, 383, 7678, 7703, 1%
l10n/po/pt_BR/content/versions/3.15/guides/maven-tooling.adoc.po, 397, 423, 7674, 7834, 3%
l10n/po/pt_BR/content/versions/3.33/guides/websockets-next-reference.adoc.po, 422, 437, 7668, 7760, 2%
l10n/po/pt_BR/content/versions/3.34/guides/websockets-next-reference.adoc.po, 422, 437, 7668, 7760, 2%
l10n/po/pt_BR/content/versions/3.8/guides/hibernate-reactive.adoc.po, 480, 507, 7651, 7852, 3%
l10n/po/pt_BR/content/guides/websockets-next-reference.adoc.po, 421, 436, 7630, 7722, 2%
l10n/po/pt_BR/content/versions/3.27/guides/hibernate-orm.adoc.po, 495, 801, 7617, 13208, 43%
l10n/po/pt_BR/content/versions/main/guides/reactive-sql-clients.adoc.po, 634, 670, 7600, 7901, 4%
l10n/po/pt_BR/content/versions/3.27/guides/rest-client.adoc.po, 474, 690, 7588, 10830, 30%
l10n/po/pt_BR/content/versions/3.2/guides/hibernate-orm.adoc.po, 462, 701, 7578, 11689, 36%
l10n/po/pt_BR/content/versions/3.27/guides/websockets-next-reference.adoc.po, 415, 430, 7527, 7619, 2%
l10n/po/pt_BR/content/versions/3.27/guides/hibernate-reactive.adoc.po, 499, 530, 7502, 7757, 4%
l10n/po/pt_BR/content/versions/3.2/guides/hibernate-reactive.adoc.po, 475, 503, 7491, 7708, 3%
l10n/po/pt_BR/content/versions/3.8/guides/hibernate-orm.adoc.po, 459, 721, 7487, 12101, 39%
l10n/po/pt_BR/content/versions/3.8/guides/maven-tooling.adoc.po, 385, 411, 7486, 7646, 3%
l10n/po/pt_BR/content/versions/3.8/guides/infinispan-client-reference.adoc.po, 457, 469, 7461, 7492, 1%
l10n/po/pt_BR/content/versions/3.2/guides/maven-tooling.adoc.po, 385, 409, 7449, 7596, 2%
l10n/po/pt_BR/content/versions/3.15/guides/cdi-reference.adoc.po, 359, 369, 7307, 7332, 1%
l10n/po/pt_BR/content/versions/main/guides/http-reference.adoc.po, 594, 617, 7268, 7373, 2%
l10n/po/pt_BR/content/versions/3.20/guides/rest.adoc.po, 467, 476, 7258, 7274, 1%
l10n/po/pt_BR/content/versions/2.16/guides/maven-tooling.adoc.po, 364, 380, 7233, 7265, 1%
l10n/po/pt_BR/content/versions/3.15/guides/rest.adoc.po, 464, 473, 7159, 7175, 1%
l10n/po/pt_BR/content/versions/2.13/guides/maven-tooling.adoc.po, 358, 374, 7128, 7160, 1%
l10n/po/pt_BR/content/guides/resteasy-client.adoc.po, 432, 509, 7114, 7944, 11%
l10n/po/pt_BR/content/versions/2.16/guides/quarkus-maven-plugin.adoc.po, 903, 918, 7009, 7133, 2%
l10n/po/pt_BR/content/versions/3.20/guides/websockets-next-reference.adoc.po, 389, 406, 7003, 7097, 2%
l10n/po/pt_BR/content/versions/main/guides/telemetry-micrometer.adoc.po, 468, 489, 6990, 7170, 3%
l10n/po/pt_BR/content/versions/3.27/guides/openapi-swaggerui.adoc.po, 504, 536, 6978, 7186, 3%
l10n/po/pt_BR/content/versions/3.15/guides/logging.adoc.po, 762, 772, 6958, 6968, 1%
l10n/po/pt_BR/content/versions/3.20/guides/rest-client.adoc.po, 433, 650, 6913, 10156, 32%
l10n/po/pt_BR/content/versions/3.20/guides/openapi-swaggerui.adoc.po, 499, 532, 6904, 7113, 3%
l10n/po/pt_BR/content/versions/3.34/guides/resteasy-client.adoc.po, 415, 492, 6876, 7706, 11%
l10n/po/pt_BR/content/versions/3.33/guides/resteasy-client.adoc.po, 413, 490, 6866, 7696, 11%
l10n/po/pt_BR/content/versions/3.8/guides/management-interface-reference.adoc.po, 457, 473, 6836, 6928, 2%
l10n/po/pt_BR/content/versions/3.2/guides/reactive-sql-clients.adoc.po, 618, 641, 6792, 6979, 3%
l10n/po/pt_BR/content/versions/2.16/guides/native-reference.adoc.po, 240, 246, 6750, 6780, 1%
l10n/po/pt_BR/content/versions/3.2/guides/security-oidc-code-flow-authentication.adoc.po, 259, 266, 6658, 6688, 1%
l10n/po/pt_BR/content/versions/3.27/guides/security-authentication-mechanisms.adoc.po, 401, 423, 6654, 6782, 2%
l10n/po/pt_BR/content/versions/3.8/guides/logging.adoc.po, 758, 768, 6625, 6635, 1%
l10n/po/pt_BR/content/versions/3.2/guides/infinispan-client-reference.adoc.po, 406, 418, 6599, 6630, 1%
l10n/po/pt_BR/content/versions/3.2/guides/management-interface-reference.adoc.po, 441, 458, 6575, 6683, 2%
l10n/po/pt_BR/content/versions/3.8/guides/resteasy-reactive.adoc.po, 446, 454, 6564, 6578, 1%
l10n/po/pt_BR/content/versions/3.15/guides/opentelemetry.adoc.po, 502, 524, 6550, 6661, 2%
l10n/po/pt_BR/content/versions/3.15/guides/reactive-sql-clients.adoc.po, 589, 626, 6519, 6822, 5%
l10n/po/pt_BR/content/versions/3.20/guides/container-image.adoc.po, 381, 394, 6488, 6577, 2%
l10n/po/pt_BR/content/versions/main/guides/resteasy-client.adoc.po, 380, 457, 6448, 7278, 12%
l10n/po/pt_BR/content/guides/telemetry-micrometer.adoc.po, 441, 462, 6445, 6625, 3%
l10n/po/pt_BR/content/versions/3.33/guides/telemetry-micrometer.adoc.po, 441, 462, 6445, 6625, 3%
l10n/po/pt_BR/content/guides/http-reference.adoc.po, 549, 571, 6440, 6543, 2%
l10n/po/pt_BR/content/versions/3.20/guides/security-authentication-mechanisms.adoc.po, 378, 400, 6371, 6499, 2%
l10n/po/pt_BR/content/versions/3.15/guides/openapi-swaggerui.adoc.po, 478, 511, 6368, 6577, 4%
l10n/po/pt_BR/content/versions/3.20/guides/hibernate-reactive.adoc.po, 405, 435, 6297, 6545, 4%
l10n/po/pt_BR/content/versions/3.8/guides/cdi-reference.adoc.po, 313, 323, 6293, 6318, 1%
l10n/po/pt_BR/content/versions/3.34/guides/telemetry-micrometer.adoc.po, 435, 456, 6284, 6464, 3%
l10n/po/pt_BR/content/versions/3.8/guides/reactive-sql-clients.adoc.po, 587, 612, 6272, 6472, 4%
l10n/po/pt_BR/content/versions/3.2/guides/logging.adoc.po, 734, 744, 6260, 6270, 1%
l10n/po/pt_BR/content/guides/reactive-sql-clients.adoc.po, 539, 574, 6228, 6527, 5%
l10n/po/pt_BR/content/guides/building-native-image.adoc.po, 368, 556, 6202, 9282, 34%
l10n/po/pt_BR/content/versions/2.13/guides/quarkus-maven-plugin.adoc.po, 801, 816, 6202, 6326, 2%
l10n/po/pt_BR/content/guides/dev-ui.adoc.po, 509, 517, 6197, 6206, 1%
l10n/po/pt_BR/content/versions/main/guides/dev-ui.adoc.po, 509, 517, 6197, 6206, 1%
l10n/po/pt_BR/content/versions/3.34/guides/reactive-sql-clients.adoc.po, 539, 575, 6171, 6473, 5%
l10n/po/pt_BR/content/versions/2.16/guides/hibernate-orm.adoc.po, 397, 600, 6155, 9475, 36%
l10n/po/pt_BR/content/versions/3.2/guides/resteasy-reactive.adoc.po, 422, 430, 6143, 6157, 1%
l10n/po/pt_BR/content/versions/3.33/guides/reactive-sql-clients.adoc.po, 537, 573, 6121, 6423, 5%
l10n/po/pt_BR/content/versions/3.27/guides/telemetry-micrometer.adoc.po, 423, 445, 6105, 6297, 4%
l10n/po/pt_BR/content/versions/3.2/guides/cdi-reference.adoc.po, 307, 318, 6092, 6119, 1%
l10n/po/pt_BR/content/versions/2.13/guides/hibernate-orm.adoc.po, 390, 593, 6090, 9410, 36%
l10n/po/pt_BR/content/versions/3.27/guides/reactive-sql-clients.adoc.po, 529, 565, 6071, 6373, 5%
l10n/po/pt_BR/content/versions/3.27/guides/resteasy-client.adoc.po, 390, 467, 6062, 6892, 13%
l10n/po/pt_BR/content/versions/3.8/guides/container-image.adoc.po, 375, 388, 6056, 6145, 2%
l10n/po/pt_BR/content/versions/3.15/guides/hibernate-reactive.adoc.po, 401, 431, 6029, 6277, 4%
l10n/po/pt_BR/content/versions/3.20/guides/reactive-sql-clients.adoc.po, 531, 568, 5993, 6296, 5%
l10n/po/pt_BR/content/versions/3.8/guides/openapi-swaggerui.adoc.po, 464, 497, 5968, 6177, 4%
l10n/po/pt_BR/content/versions/3.2/guides/openapi-swaggerui.adoc.po, 464, 494, 5962, 6142, 3%
l10n/po/pt_BR/content/guides/security-openid-connect-dev-services.adoc.po, 272, 288, 5944, 6048, 2%
l10n/po/pt_BR/content/versions/main/guides/security-openid-connect-dev-services.adoc.po, 272, 288, 5944, 6048, 2%
l10n/po/pt_BR/content/versions/3.15/guides/container-image.adoc.po, 369, 382, 5943, 6032, 2%
l10n/po/pt_BR/content/versions/2.13/guides/native-reference.adoc.po, 206, 212, 5887, 5917, 1%
l10n/po/pt_BR/content/guides/vertx-reference.adoc.po, 533, 547, 5856, 5947, 2%
l10n/po/pt_BR/content/versions/3.20/guides/hibernate-orm.adoc.po, 374, 678, 5856, 11362, 49%
l10n/po/pt_BR/content/versions/3.33/guides/vertx-reference.adoc.po, 532, 547, 5853, 5947, 2%
l10n/po/pt_BR/content/versions/3.34/guides/vertx-reference.adoc.po, 532, 547, 5853, 5947, 2%
l10n/po/pt_BR/content/versions/3.20/guides/vertx-reference.adoc.po, 525, 541, 5810, 5905, 2%
l10n/po/pt_BR/content/versions/3.27/guides/vertx-reference.adoc.po, 526, 541, 5809, 5903, 2%
l10n/po/pt_BR/content/versions/3.33/guides/dev-ui.adoc.po, 478, 486, 5809, 5818, 1%
l10n/po/pt_BR/content/versions/3.34/guides/dev-ui.adoc.po, 478, 486, 5809, 5818, 1%
l10n/po/pt_BR/content/versions/2.13/guides/cdi-reference.adoc.po, 299, 311, 5768, 5796, 1%
l10n/po/pt_BR/content/versions/2.16/guides/cdi-reference.adoc.po, 293, 305, 5750, 5778, 1%
l10n/po/pt_BR/content/versions/3.33/guides/building-native-image.adoc.po, 318, 506, 5718, 8774, 35%
l10n/po/pt_BR/content/versions/3.34/guides/building-native-image.adoc.po, 318, 505, 5718, 8755, 35%
l10n/po/pt_BR/content/versions/3.2/guides/container-image.adoc.po, 362, 376, 5712, 5817, 2%
l10n/po/pt_BR/content/versions/2.16/guides/resteasy-reactive.adoc.po, 405, 413, 5711, 5725, 1%
l10n/po/pt_BR/content/versions/2.16/guides/hibernate-reactive.adoc.po, 403, 422, 5703, 5806, 2%
l10n/po/pt_BR/content/versions/2.13/guides/openapi-swaggerui.adoc.po, 443, 472, 5684, 5847, 3%
l10n/po/pt_BR/content/versions/2.16/guides/openapi-swaggerui.adoc.po, 443, 472, 5684, 5847, 3%
l10n/po/pt_BR/content/versions/main/guides/building-native-image.adoc.po, 341, 405, 5645, 6493, 14%
l10n/po/pt_BR/content/versions/2.13/guides/hibernate-reactive.adoc.po, 392, 412, 5611, 5729, 3%
l10n/po/pt_BR/content/versions/3.15/guides/hibernate-orm.adoc.po, 366, 667, 5558, 10973, 50%
l10n/po/pt_BR/content/versions/3.15/guides/vertx-reference.adoc.po, 510, 526, 5558, 5653, 2%
l10n/po/pt_BR/content/versions/3.33/guides/http-reference.adoc.po, 492, 514, 5534, 5637, 2%
l10n/po/pt_BR/content/versions/3.34/guides/http-reference.adoc.po, 492, 514, 5534, 5637, 2%
l10n/po/pt_BR/content/versions/3.27/guides/http-reference.adoc.po, 482, 500, 5533, 5631, 2%
l10n/po/pt_BR/content/versions/3.27/guides/mongodb.adoc.po, 347, 484, 5491, 7604, 28%
l10n/po/pt_BR/content/versions/2.16/guides/reactive-sql-clients.adoc.po, 552, 566, 5488, 5529, 1%
l10n/po/pt_BR/content/versions/3.20/guides/resteasy-client.adoc.po, 354, 432, 5472, 6303, 14%
l10n/po/pt_BR/content/versions/3.33/guides/security-openid-connect-dev-services.adoc.po, 234, 250, 5464, 5568, 2%
l10n/po/pt_BR/content/versions/3.34/guides/security-openid-connect-dev-services.adoc.po, 234, 250, 5464, 5568, 2%
l10n/po/pt_BR/content/versions/2.13/guides/resteasy-reactive.adoc.po, 391, 399, 5411, 5425, 1%
l10n/po/pt_BR/content/versions/3.20/guides/telemetry-micrometer.adoc.po, 360, 382, 5369, 5561, 4%
l10n/po/pt_BR/content/versions/3.27/guides/dev-ui.adoc.po, 420, 427, 5349, 5357, 1%
l10n/po/pt_BR/content/versions/3.15/guides/security-authentication-mechanisms.adoc.po, 332, 354, 5348, 5476, 3%
l10n/po/pt_BR/content/versions/main/guides/getting-started-testing.adoc.po, 252, 266, 5327, 5426, 2%
l10n/po/pt_BR/content/versions/3.2/guides/http-reference.adoc.po, 474, 494, 5312, 5427, 3%
l10n/po/pt_BR/content/versions/3.20/guides/mongodb.adoc.po, 335, 466, 5299, 7291, 28%
l10n/po/pt_BR/content/versions/2.16/guides/logging.adoc.po, 623, 636, 5289, 5313, 1%
l10n/po/pt_BR/content/versions/3.15/guides/mailer-reference.adoc.po, 397, 415, 5276, 5373, 2%
l10n/po/pt_BR/content/versions/2.13/guides/logging.adoc.po, 615, 628, 5254, 5278, 1%
l10n/po/pt_BR/content/versions/2.13/guides/reactive-sql-clients.adoc.po, 529, 543, 5208, 5249, 1%
l10n/po/pt_BR/content/guides/getting-started-testing.adoc.po, 249, 263, 5203, 5302, 2%
l10n/po/pt_BR/content/versions/3.8/guides/http-reference.adoc.po, 488, 507, 5201, 5300, 2%
l10n/po/pt_BR/content/versions/3.27/guides/security-openid-connect-dev-services.adoc.po, 223, 239, 5196, 5300, 2%
l10n/po/pt_BR/content/posts/2024-08-06-quarkus-and-leyden.adoc.po, 119, 119, 5170, 5170, 0%
l10n/po/pt_BR/content/posts/2024/2024-08-06-quarkus-and-leyden.adoc.po, 119, 119, 5170, 5170, 0%
l10n/po/pt_BR/content/versions/3.20/guides/security-openid-connect-dev-services.adoc.po, 221, 238, 5168, 5273, 2%
l10n/po/pt_BR/content/versions/2.16/guides/container-image.adoc.po, 300, 307, 5154, 5161, 1%
l10n/po/pt_BR/content/versions/3.20/guides/http-reference.adoc.po, 458, 477, 5140, 5239, 2%
l10n/po/pt_BR/content/versions/3.15/guides/mongodb.adoc.po, 335, 472, 5138, 7226, 29%
l10n/po/pt_BR/content/guides/security-oidc-auth0-tutorial.adoc.po, 190, 205, 5133, 5225, 2%
l10n/po/pt_BR/content/versions/3.33/guides/security-oidc-auth0-tutorial.adoc.po, 190, 205, 5133, 5225, 2%
l10n/po/pt_BR/content/versions/3.34/guides/security-oidc-auth0-tutorial.adoc.po, 190, 205, 5133, 5225, 2%
l10n/po/pt_BR/content/versions/main/guides/security-oidc-auth0-tutorial.adoc.po, 190, 205, 5133, 5225, 2%
l10n/po/pt_BR/content/versions/3.15/guides/security-oidc-auth0-tutorial.adoc.po, 190, 205, 5132, 5224, 2%
l10n/po/pt_BR/content/versions/3.20/guides/security-oidc-auth0-tutorial.adoc.po, 190, 205, 5132, 5224, 2%
l10n/po/pt_BR/content/versions/3.27/guides/security-oidc-auth0-tutorial.adoc.po, 190, 205, 5132, 5224, 2%
l10n/po/pt_BR/content/versions/3.8/guides/security-oidc-auth0-tutorial.adoc.po, 190, 205, 5131, 5223, 2%
l10n/po/pt_BR/content/versions/2.13/guides/container-image.adoc.po, 299, 306, 5111, 5118, 1%
l10n/po/pt_BR/content/versions/main/guides/security-oidc-bearer-token-authentication.adoc.po, 237, 244, 5110, 5141, 1%
l10n/po/pt_BR/content/guides/security-oidc-bearer-token-authentication.adoc.po, 236, 243, 5048, 5079, 1%
l10n/po/pt_BR/content/versions/3.27/guides/building-native-image.adoc.po, 272, 465, 5033, 8309, 40%
l10n/po/pt_BR/content/guides/security-webauthn.adoc.po, 260, 305, 5021, 5345, 7%
l10n/po/pt_BR/content/versions/main/guides/security-webauthn.adoc.po, 260, 305, 5021, 5345, 7%
l10n/po/pt_BR/content/versions/3.33/guides/security-webauthn.adoc.po, 259, 305, 5017, 5345, 7%
l10n/po/pt_BR/content/versions/3.34/guides/security-webauthn.adoc.po, 259, 305, 5017, 5345, 7%
l10n/po/pt_BR/content/versions/3.33/guides/security-oidc-bearer-token-authentication.adoc.po, 235, 242, 5007, 5038, 1%
l10n/po/pt_BR/content/versions/3.34/guides/security-oidc-bearer-token-authentication.adoc.po, 235, 242, 5007, 5038, 1%
l10n/po/pt_BR/content/versions/3.27/guides/security-webauthn.adoc.po, 254, 300, 4993, 5321, 7%
l10n/po/pt_BR/content/versions/3.20/guides/security-webauthn.adoc.po, 253, 300, 4988, 5317, 7%
l10n/po/pt_BR/content/versions/3.15/guides/http-reference.adoc.po, 455, 474, 4980, 5079, 2%
l10n/po/pt_BR/content/versions/main/guides/vertx-reference.adoc.po, 372, 386, 4965, 5056, 2%
l10n/po/pt_BR/content/versions/3.34/guides/getting-started-testing.adoc.po, 231, 246, 4950, 5052, 3%
l10n/po/pt_BR/content/versions/3.15/guides/telemetry-micrometer.adoc.po, 337, 359, 4946, 5138, 4%
l10n/po/pt_BR/content/versions/3.15/guides/websockets-next-reference.adoc.po, 294, 312, 4938, 5047, 3%
l10n/po/pt_BR/content/versions/main/guides/config-reference.adoc.po, 288, 294, 4930, 4937, 1%
l10n/po/pt_BR/content/versions/main/guides/aesh.adoc.po, 359, 377, 4926, 5031, 3%
l10n/po/pt_BR/content/versions/3.27/guides/security-oidc-bearer-token-authentication.adoc.po, 233, 240, 4914, 4945, 1%
l10n/po/pt_BR/content/versions/3.8/guides/telemetry-micrometer.adoc.po, 337, 359, 4883, 5075, 4%
l10n/po/pt_BR/content/versions/3.33/guides/getting-started-testing.adoc.po, 230, 245, 4880, 4982, 3%
l10n/po/pt_BR/content/versions/3.8/guides/mailer-reference.adoc.po, 396, 414, 4875, 4972, 2%
l10n/po/pt_BR/content/guides/aesh.adoc.po, 348, 366, 4813, 4918, 3%
l10n/po/pt_BR/content/guides/config-reference.adoc.po, 280, 286, 4794, 4801, 1%
l10n/po/pt_BR/content/guides/mailer-reference.adoc.po, 368, 384, 4784, 4877, 2%
l10n/po/pt_BR/content/versions/3.33/guides/mailer-reference.adoc.po, 367, 384, 4781, 4877, 2%
l10n/po/pt_BR/content/versions/main/guides/security-jwt.adoc.po, 340, 378, 4781, 4944, 4%
l10n/po/pt_BR/content/guides/smallrye-graphql.adoc.po, 355, 385, 4776, 4978, 5%
l10n/po/pt_BR/content/versions/3.8/guides/mongodb.adoc.po, 329, 465, 4769, 6934, 32%
l10n/po/pt_BR/content/versions/3.2/guides/mailer-reference.adoc.po, 392, 411, 4768, 4881, 3%
l10n/po/pt_BR/content/versions/3.8/guides/getting-started-testing.adoc.po, 217, 233, 4765, 4868, 3%
l10n/po/pt_BR/content/versions/main/guides/mailer-reference.adoc.po, 368, 384, 4760, 4853, 2%
l10n/po/pt_BR/content/versions/3.34/guides/mailer-reference.adoc.po, 365, 382, 4744, 4840, 2%
l10n/po/pt_BR/content/guides/pulsar.adoc.po, 321, 640, 4728, 7589, 38%
l10n/po/pt_BR/content/versions/3.33/guides/pulsar.adoc.po, 321, 640, 4728, 7589, 38%
l10n/po/pt_BR/content/versions/3.34/guides/pulsar.adoc.po, 321, 640, 4728, 7589, 38%
l10n/po/pt_BR/content/versions/main/guides/pulsar.adoc.po, 321, 640, 4728, 7589, 38%
l10n/po/pt_BR/content/versions/main/guides/smallrye-graphql.adoc.po, 351, 381, 4725, 4927, 5%
l10n/po/pt_BR/content/versions/3.2/guides/mongodb.adoc.po, 324, 457, 4710, 6821, 31%
l10n/po/pt_BR/content/versions/3.27/guides/pulsar.adoc.po, 320, 640, 4702, 7588, 39%
l10n/po/pt_BR/content/versions/3.20/guides/pulsar.adoc.po, 319, 639, 4701, 7587, 39%
l10n/po/pt_BR/content/guides/security-jwt.adoc.po, 335, 373, 4699, 4862, 4%
l10n/po/pt_BR/content/versions/3.33/guides/security-jwt.adoc.po, 335, 373, 4699, 4862, 4%
l10n/po/pt_BR/content/versions/3.34/guides/security-jwt.adoc.po, 335, 373, 4699, 4862, 4%
l10n/po/pt_BR/_data/versioned/main/index/categories.yaml.po, 958, 1810, 4675, 6836, 32%
l10n/po/pt_BR/content/versions/3.27/guides/getting-started-testing.adoc.po, 219, 234, 4664, 4766, 3%
l10n/po/pt_BR/content/versions/3.27/guides/security-jwt.adoc.po, 329, 366, 4658, 4820, 4%
l10n/po/pt_BR/content/versions/3.8/guides/vertx-reference.adoc.po, 464, 480, 4632, 4727, 3%
l10n/po/pt_BR/content/versions/3.20/guides/security-oidc-bearer-token-authentication.adoc.po, 222, 229, 4624, 4655, 1%
l10n/po/pt_BR/content/versions/3.20/guides/building-native-image.adoc.po, 247, 444, 4614, 7939, 42%
l10n/po/pt_BR/_data/versioned/latest/index/categories.yaml.po, 923, 1770, 4537, 6707, 33%
l10n/po/pt_BR/content/versions/3.27/guides/config-reference.adoc.po, 273, 279, 4535, 4542, 1%
l10n/po/pt_BR/content/versions/3.33/guides/config-reference.adoc.po, 273, 279, 4535, 4542, 1%
l10n/po/pt_BR/content/versions/3.34/guides/config-reference.adoc.po, 273, 279, 4535, 4542, 1%
l10n/po/pt_BR/content/versions/3.27/guides/mailer-reference.adoc.po, 351, 368, 4527, 4623, 3%
l10n/po/pt_BR/content/versions/2.13/guides/mongodb.adoc.po, 292, 417, 4526, 6521, 31%
l10n/po/pt_BR/content/versions/2.16/guides/mongodb.adoc.po, 292, 417, 4526, 6521, 31%
l10n/po/pt_BR/content/versions/3.20/guides/mailer-reference.adoc.po, 350, 368, 4526, 4623, 3%
l10n/po/pt_BR/content/versions/3.20/guides/security-jwt.adoc.po, 319, 356, 4526, 4688, 4%
l10n/po/pt_BR/content/versions/3.20/guides/getting-started-testing.adoc.po, 213, 228, 4513, 4615, 3%
l10n/po/pt_BR/content/versions/3.2/guides/getting-started-testing.adoc.po, 205, 221, 4505, 4608, 3%
l10n/po/pt_BR/content/guides/mongodb.adoc.po, 303, 463, 4459, 6899, 36%
l10n/po/pt_BR/content/versions/3.2/guides/telemetry-micrometer.adoc.po, 287, 308, 4415, 4621, 5%
l10n/po/pt_BR/content/versions/2.16/guides/infinispan-client.adoc.po, 264, 276, 4402, 4432, 1%
l10n/po/pt_BR/content/versions/main/guides/cyclonedx.adoc.po, 234, 242, 4386, 4397, 1%
l10n/po/pt_BR/_data/versioned/main/index/quarkus.yaml.po, 832, 1676, 4368, 6508, 33%
l10n/po/pt_BR/content/guides/cyclonedx.adoc.po, 233, 241, 4350, 4361, 1%
l10n/po/pt_BR/content/versions/3.34/guides/smallrye-graphql.adoc.po, 321, 351, 4344, 4546, 5%
l10n/po/pt_BR/content/versions/3.33/guides/smallrye-graphql.adoc.po, 322, 352, 4337, 4539, 5%
l10n/po/pt_BR/content/versions/3.15/guides/security-jwt.adoc.po, 288, 330, 4332, 4559, 5%
l10n/po/pt_BR/content/versions/3.15/guides/getting-started-testing.adoc.po, 200, 215, 4314, 4416, 3%
l10n/po/pt_BR/_data/versioned/latest/index/quarkus.yaml.po, 813, 1652, 4311, 6460, 34%
l10n/po/pt_BR/content/versions/2.16/guides/micrometer.adoc.po, 199, 224, 4297, 4418, 3%
l10n/po/pt_BR/content/versions/3.8/guides/security-jwt.adoc.po, 285, 327, 4295, 4522, 6%
l10n/po/pt_BR/content/guides/smallrye-fault-tolerance.adoc.po, 363, 391, 4276, 4475, 5%
l10n/po/pt_BR/content/versions/3.33/guides/smallrye-fault-tolerance.adoc.po, 363, 391, 4276, 4475, 5%
l10n/po/pt_BR/content/versions/3.34/guides/smallrye-fault-tolerance.adoc.po, 363, 391, 4276, 4475, 5%
l10n/po/pt_BR/content/versions/main/guides/smallrye-fault-tolerance.adoc.po, 363, 391, 4276, 4475, 5%
l10n/po/pt_BR/content/versions/3.27/guides/smallrye-fault-tolerance.adoc.po, 363, 391, 4274, 4473, 5%
l10n/po/pt_BR/content/versions/3.33/guides/mongodb.adoc.po, 292, 443, 4274, 6628, 36%
l10n/po/pt_BR/content/versions/3.34/guides/mongodb.adoc.po, 292, 443, 4274, 6628, 36%
l10n/po/pt_BR/content/versions/3.20/guides/smallrye-fault-tolerance.adoc.po, 362, 391, 4273, 4473, 5%
l10n/po/pt_BR/content/versions/3.2/guides/vertx-reference.adoc.po, 446, 463, 4269, 4380, 3%
l10n/po/pt_BR/content/versions/3.27/guides/smallrye-graphql.adoc.po, 315, 345, 4245, 4447, 5%
l10n/po/pt_BR/content/versions/3.8/guides/security-authentication-mechanisms.adoc.po, 284, 306, 4237, 4365, 3%
l10n/po/pt_BR/content/versions/main/guides/mongodb.adoc.po, 292, 452, 4237, 6677, 37%
l10n/po/pt_BR/content/versions/main/guides/kafka.adoc.po, 319, 964, 4231, 16195, 74%
l10n/po/pt_BR/content/versions/3.20/guides/smallrye-graphql.adoc.po, 311, 342, 4196, 4399, 5%
l10n/po/pt_BR/content/versions/3.20/guides/config-reference.adoc.po, 251, 257, 4190, 4197, 1%
l10n/po/pt_BR/content/versions/2.13/guides/micrometer.adoc.po, 193, 218, 4164, 4285, 3%
l10n/po/pt_BR/content/versions/3.15/guides/config-reference.adoc.po, 241, 247, 4078, 4085, 1%
l10n/po/pt_BR/content/versions/3.15/guides/smallrye-graphql.adoc.po, 311, 342, 4070, 4273, 5%
l10n/po/pt_BR/content/versions/3.15/guides/security-webauthn.adoc.po, 217, 264, 4065, 4394, 8%
l10n/po/pt_BR/content/versions/3.2/guides/security-jwt.adoc.po, 269, 308, 4055, 4253, 5%
l10n/po/pt_BR/content/versions/3.27/guides/kafka-streams.adoc.po, 299, 336, 4023, 4331, 8%
l10n/po/pt_BR/content/guides/gradle-tooling.adoc.po, 237, 255, 4021, 4126, 3%
l10n/po/pt_BR/content/versions/3.15/guides/pulsar.adoc.po, 284, 604, 4021, 6907, 42%
l10n/po/pt_BR/content/versions/3.33/guides/gradle-tooling.adoc.po, 237, 255, 4021, 4126, 3%
l10n/po/pt_BR/content/guides/kafka-streams.adoc.po, 299, 336, 4019, 4327, 8%
l10n/po/pt_BR/content/versions/3.33/guides/kafka-streams.adoc.po, 299, 336, 4019, 4327, 8%
l10n/po/pt_BR/content/versions/3.34/guides/kafka-streams.adoc.po, 299, 336, 4019, 4327, 8%
l10n/po/pt_BR/content/versions/main/guides/gradle-tooling.adoc.po, 237, 255, 4019, 4124, 3%
l10n/po/pt_BR/content/versions/main/guides/kafka-streams.adoc.po, 299, 336, 4019, 4327, 8%
l10n/po/pt_BR/content/versions/3.15/guides/security-oidc-bearer-token-authentication.adoc.po, 185, 192, 4006, 4037, 1%
l10n/po/pt_BR/content/guides/security-authorize-web-endpoints-reference.adoc.po, 212, 218, 3995, 4016, 1%
l10n/po/pt_BR/content/versions/main/guides/security-authorize-web-endpoints-reference.adoc.po, 212, 218, 3995, 4016, 1%
l10n/po/pt_BR/content/versions/3.15/guides/building-native-image.adoc.po, 203, 407, 3986, 7556, 48%
l10n/po/pt_BR/content/versions/2.16/guides/getting-started-testing.adoc.po, 182, 197, 3985, 4087, 3%
l10n/po/pt_BR/content/versions/3.2/guides/redis-reference.adoc.po, 255, 266, 3977, 4019, 2%
l10n/po/pt_BR/content/versions/2.13/guides/getting-started-testing.adoc.po, 181, 196, 3968, 4070, 3%
l10n/po/pt_BR/content/versions/3.8/guides/pulsar.adoc.po, 281, 601, 3968, 6871, 43%
l10n/po/pt_BR/content/versions/2.13/guides/vertx-reference.adoc.po, 431, 443, 3952, 3971, 1%
l10n/po/pt_BR/content/versions/2.16/guides/vertx-reference.adoc.po, 431, 443, 3952, 3971, 1%
l10n/po/pt_BR/content/posts/2020-04-30-insights.adoc.po, 132, 132, 3949, 3949, 0%
l10n/po/pt_BR/content/posts/2020/2020-04-30-insights.adoc.po, 132, 132, 3949, 3949, 0%
l10n/po/pt_BR/content/versions/3.20/guides/kafka-streams.adoc.po, 294, 332, 3949, 4258, 8%
l10n/po/pt_BR/content/versions/3.8/guides/smallrye-graphql.adoc.po, 307, 338, 3936, 4139, 5%
l10n/po/pt_BR/content/versions/2.16/guides/redis-reference.adoc.po, 237, 248, 3917, 3959, 2%
l10n/po/pt_BR/content/versions/2.16/guides/smallrye-graphql.adoc.po, 303, 330, 3908, 4065, 4%
l10n/po/pt_BR/content/versions/2.13/guides/infinispan-client.adoc.po, 227, 239, 3891, 3921, 1%
l10n/po/pt_BR/content/versions/3.15/guides/kafka-streams.adoc.po, 294, 332, 3869, 4178, 8%
l10n/po/pt_BR/content/versions/2.16/guides/security-jwt.adoc.po, 258, 294, 3844, 4032, 5%
l10n/po/pt_BR/content/versions/3.2/guides/smallrye-graphql.adoc.po, 298, 326, 3839, 4013, 5%
l10n/po/pt_BR/content/versions/main/guides/cache.adoc.po, 203, 250, 3839, 4356, 12%
l10n/po/pt_BR/content/guides/kafka.adoc.po, 288, 934, 3833, 15816, 76%
l10n/po/pt_BR/content/versions/3.33/guides/security-authorize-web-endpoints-reference.adoc.po, 207, 213, 3831, 3852, 1%
l10n/po/pt_BR/content/versions/3.34/guides/security-authorize-web-endpoints-reference.adoc.po, 207, 213, 3831, 3852, 1%
l10n/po/pt_BR/content/versions/2.13/guides/smallrye-graphql.adoc.po, 299, 326, 3824, 3981, 4%
l10n/po/pt_BR/content/guides/cache.adoc.po, 202, 249, 3821, 4338, 12%
l10n/po/pt_BR/content/versions/3.27/guides/security-authorize-web-endpoints-reference.adoc.po, 205, 211, 3821, 3842, 1%
l10n/po/pt_BR/content/versions/3.34/guides/cache.adoc.po, 202, 249, 3821, 4338, 12%
l10n/po/pt_BR/content/versions/3.8/guides/config-reference.adoc.po, 229, 235, 3808, 3815, 1%
l10n/po/pt_BR/content/versions/3.27/guides/gradle-tooling.adoc.po, 233, 251, 3804, 3909, 3%
l10n/po/pt_BR/content/versions/3.34/guides/gradle-tooling.adoc.po, 233, 251, 3804, 3909, 3%
l10n/po/pt_BR/content/versions/3.33/guides/cache.adoc.po, 201, 248, 3799, 4316, 12%
l10n/po/pt_BR/content/versions/2.16/guides/security-webauthn.adoc.po, 183, 218, 3789, 3986, 5%
l10n/po/pt_BR/content/versions/2.13/guides/security-webauthn.adoc.po, 183, 218, 3787, 3984, 5%
l10n/po/pt_BR/content/versions/3.8/guides/opentelemetry.adoc.po, 364, 410, 3787, 4094, 8%
l10n/po/pt_BR/content/versions/3.8/guides/kafka-streams.adoc.po, 294, 332, 3784, 4093, 8%
l10n/po/pt_BR/content/versions/3.8/guides/security-webauthn.adoc.po, 199, 246, 3773, 4102, 9%
l10n/po/pt_BR/_data/versioned/3-34/index/quarkus.yaml.po, 707, 1581, 3766, 6177, 40%
l10n/po/pt_BR/content/versions/3.2/guides/kafka-streams.adoc.po, 293, 329, 3766, 4062, 8%
l10n/po/pt_BR/_data/versioned/3-33/index/quarkus.yaml.po, 707, 1581, 3765, 6176, 40%
l10n/po/pt_BR/content/posts/2025-10-01-secure-mcp-oidc-proxy.adoc.po, 127, 128, 3764, 3765, 1%
l10n/po/pt_BR/content/posts/2025/2025-10-01-secure-mcp-oidc-proxy.adoc.po, 127, 128, 3764, 3765, 1%
l10n/po/pt_BR/content/versions/2.13/guides/kafka-streams.adoc.po, 295, 323, 3760, 3941, 5%
l10n/po/pt_BR/content/versions/2.16/guides/kafka-streams.adoc.po, 295, 323, 3760, 3941, 5%
l10n/po/pt_BR/content/guides/transaction.adoc.po, 170, 227, 3747, 4339, 14%
l10n/po/pt_BR/content/versions/2.13/guides/security-jwt.adoc.po, 253, 289, 3742, 3930, 5%
l10n/po/pt_BR/content/versions/3.15/guides/flyway.adoc.po, 267, 322, 3740, 4461, 17%
l10n/po/pt_BR/content/versions/3.2/guides/security-webauthn.adoc.po, 192, 236, 3692, 4007, 8%
l10n/po/pt_BR/_data/versioned/3-27/index/quarkus.yaml.po, 694, 1563, 3681, 6099, 40%
l10n/po/pt_BR/content/versions/3.20/guides/gradle-tooling.adoc.po, 228, 247, 3640, 3746, 3%
l10n/po/pt_BR/content/versions/3.8/guides/security-oidc-bearer-token-authentication.adoc.po, 165, 172, 3632, 3663, 1%
l10n/po/pt_BR/_data/versioned/3-20/index/quarkus.yaml.po, 681, 1537, 3612, 6016, 40%
l10n/po/pt_BR/content/versions/2.16/guides/http-reference.adoc.po, 355, 366, 3610, 3625, 1%
l10n/po/pt_BR/content/guides/security-keycloak-authorization.adoc.po, 310, 345, 3604, 3774, 5%
l10n/po/pt_BR/content/posts/2025-09-22-secure-mcp-server-oauth2.adoc.po, 129, 130, 3588, 3589, 1%
l10n/po/pt_BR/content/posts/2025/2025-09-22-secure-mcp-server-oauth2.adoc.po, 129, 130, 3588, 3589, 1%
l10n/po/pt_BR/content/versions/3.33/guides/security-keycloak-authorization.adoc.po, 309, 345, 3581, 3778, 6%
l10n/po/pt_BR/content/versions/3.34/guides/security-keycloak-authorization.adoc.po, 309, 345, 3581, 3778, 6%
l10n/po/pt_BR/_data/insights-videos.yaml.po, 929, 981, 3563, 3670, 3%
l10n/po/pt_BR/content/versions/3.20/guides/security-authorize-web-endpoints-reference.adoc.po, 186, 192, 3548, 3569, 1%
l10n/po/pt_BR/content/versions/2.13/guides/building-native-image.adoc.po, 173, 331, 3545, 6302, 44%
l10n/po/pt_BR/content/versions/3.27/guides/cache.adoc.po, 189, 237, 3535, 4086, 14%
l10n/po/pt_BR/content/versions/3.20/guides/cache.adoc.po, 188, 237, 3534, 4086, 14%
l10n/po/pt_BR/content/posts/2023-05-09-ministry-of-economy-finance-uruguay-adopts-quarkus.adoc.po, 139, 142, 3533, 3536, 1%
l10n/po/pt_BR/content/posts/2023/2023-05-09-ministry-of-economy-finance-uruguay-adopts-quarkus.adoc.po, 139, 142, 3533, 3536, 1%
l10n/po/pt_BR/content/versions/3.27/guides/messaging.adoc.po, 187, 203, 3528, 3637, 3%
l10n/po/pt_BR/content/guides/messaging.adoc.po, 186, 202, 3519, 3628, 4%
l10n/po/pt_BR/content/versions/3.33/guides/messaging.adoc.po, 186, 202, 3519, 3628, 4%
l10n/po/pt_BR/content/versions/3.34/guides/messaging.adoc.po, 186, 202, 3519, 3628, 4%
l10n/po/pt_BR/content/versions/main/guides/messaging.adoc.po, 186, 202, 3519, 3628, 4%
l10n/po/pt_BR/content/versions/3.15/guides/cache.adoc.po, 188, 237, 3511, 4063, 14%
l10n/po/pt_BR/content/versions/2.16/guides/building-native-image.adoc.po, 171, 332, 3507, 6322, 45%
l10n/po/pt_BR/content/guides/security-openid-connect-multitenancy.adoc.po, 192, 218, 3489, 3656, 5%
l10n/po/pt_BR/content/versions/3.33/guides/security-openid-connect-multitenancy.adoc.po, 192, 218, 3489, 3656, 5%
l10n/po/pt_BR/content/versions/3.34/guides/security-openid-connect-multitenancy.adoc.po, 192, 218, 3489, 3656, 5%
l10n/po/pt_BR/content/versions/main/guides/security-keycloak-authorization.adoc.po, 300, 335, 3489, 3659, 5%
l10n/po/pt_BR/content/versions/main/guides/security-openid-connect-multitenancy.adoc.po, 192, 218, 3489, 3656, 5%
l10n/po/pt_BR/content/versions/3.27/guides/security-keycloak-authorization.adoc.po, 301, 337, 3485, 3682, 6%
l10n/po/pt_BR/content/versions/3.8/guides/flyway.adoc.po, 262, 321, 3476, 4264, 19%
l10n/po/pt_BR/content/guides/continuous-testing.adoc.po, 201, 224, 3466, 3623, 5%
l10n/po/pt_BR/content/versions/main/guides/continuous-testing.adoc.po, 201, 224, 3466, 3623, 5%
l10n/po/pt_BR/content/versions/3.27/guides/continuous-testing.adoc.po, 201, 225, 3465, 3624, 5%
l10n/po/pt_BR/content/versions/3.33/guides/continuous-testing.adoc.po, 201, 225, 3465, 3624, 5%
l10n/po/pt_BR/content/versions/3.34/guides/continuous-testing.adoc.po, 200, 224, 3464, 3623, 5%
l10n/po/pt_BR/content/versions/3.15/guides/gradle-tooling.adoc.po, 196, 215, 3455, 3561, 3%
l10n/po/pt_BR/content/versions/3.20/guides/security-keycloak-authorization.adoc.po, 299, 337, 3452, 3651, 6%
l10n/po/pt_BR/content/versions/3.2/guides/config-reference.adoc.po, 214, 219, 3441, 3447, 1%
l10n/po/pt_BR/content/versions/3.8/guides/cache.adoc.po, 184, 232, 3437, 3988, 14%
l10n/po/pt_BR/content/versions/3.8/guides/mongodb-panache.adoc.po, 171, 192, 3410, 3568, 5%
l10n/po/pt_BR/content/versions/main/guides/mongodb-panache.adoc.po, 169, 192, 3402, 3607, 6%
l10n/po/pt_BR/_data/versioned/3-15/index/quarkus.yaml.po, 647, 1478, 3396, 5845, 42%
l10n/po/pt_BR/content/versions/3.2/guides/mongodb-panache.adoc.po, 170, 188, 3396, 3525, 4%
l10n/po/pt_BR/content/versions/3.20/guides/mongodb-panache.adoc.po, 170, 193, 3387, 3592, 6%
l10n/po/pt_BR/content/versions/3.27/guides/mongodb-panache.adoc.po, 170, 193, 3387, 3592, 6%
l10n/po/pt_BR/content/versions/3.2/guides/cache.adoc.po, 182, 230, 3382, 3936, 15%
l10n/po/pt_BR/content/versions/3.27/guides/security-openid-connect-multitenancy.adoc.po, 184, 210, 3373, 3540, 5%
l10n/po/pt_BR/content/guides/mongodb-panache.adoc.po, 169, 192, 3371, 3576, 6%
l10n/po/pt_BR/content/versions/3.33/guides/mongodb-panache.adoc.po, 169, 192, 3371, 3576, 6%
l10n/po/pt_BR/content/versions/3.34/guides/mongodb-panache.adoc.po, 169, 192, 3371, 3576, 6%
l10n/po/pt_BR/content/versions/3.33/guides/kubernetes-client.adoc.po, 227, 242, 3368, 3468, 3%
l10n/po/pt_BR/content/versions/3.34/guides/kubernetes-client.adoc.po, 227, 242, 3368, 3468, 3%
l10n/po/pt_BR/content/versions/3.8/guides/gradle-tooling.adoc.po, 192, 210, 3356, 3461, 4%
l10n/po/pt_BR/content/versions/3.15/guides/mongodb-panache.adoc.po, 169, 192, 3354, 3559, 6%
l10n/po/pt_BR/content/versions/2.13/guides/mailer-reference.adoc.po, 244, 256, 3313, 3328, 1%
l10n/po/pt_BR/content/versions/2.16/guides/mailer-reference.adoc.po, 244, 256, 3313, 3328, 1%
l10n/po/pt_BR/content/versions/3.2/guides/flyway.adoc.po, 248, 299, 3302, 3903, 16%
l10n/po/pt_BR/content/versions/main/guides/transaction.adoc.po, 161, 218, 3286, 3878, 16%
l10n/po/pt_BR/content/versions/2.13/guides/http-reference.adoc.po, 316, 327, 3268, 3283, 1%
l10n/po/pt_BR/content/guides/quartz.adoc.po, 230, 276, 3260, 3609, 10%
l10n/po/pt_BR/content/versions/3.27/guides/kubernetes-client.adoc.po, 218, 233, 3260, 3360, 3%
l10n/po/pt_BR/content/versions/3.27/guides/quartz.adoc.po, 230, 276, 3260, 3609, 10%
l10n/po/pt_BR/content/versions/3.33/guides/quartz.adoc.po, 230, 276, 3260, 3609, 10%
l10n/po/pt_BR/content/versions/3.34/guides/quartz.adoc.po, 230, 276, 3260, 3609, 10%
l10n/po/pt_BR/content/versions/main/guides/quartz.adoc.po, 230, 276, 3260, 3609, 10%
l10n/po/pt_BR/content/versions/2.13/guides/mongodb-panache.adoc.po, 159, 171, 3204, 3294, 3%
l10n/po/pt_BR/content/versions/2.16/guides/mongodb-panache.adoc.po, 159, 171, 3204, 3294, 3%
l10n/po/pt_BR/content/versions/3.2/guides/gradle-tooling.adoc.po, 186, 205, 3186, 3307, 4%
l10n/po/pt_BR/content/versions/2.16/guides/cache.adoc.po, 165, 204, 3183, 3621, 13%
l10n/po/pt_BR/content/guides/security-vertx-oidc-to-quarkus-oidc-migration.adoc.po, 132, 134, 3130, 3134, 1%
l10n/po/pt_BR/content/versions/main/guides/security-vertx-oidc-to-quarkus-oidc-migration.adoc.po, 132, 134, 3130, 3134, 1%
l10n/po/pt_BR/content/guides/kubernetes-client.adoc.po, 222, 237, 3123, 3223, 4%
l10n/po/pt_BR/content/versions/main/guides/kubernetes-client.adoc.po, 222, 237, 3123, 3223, 4%
l10n/po/pt_BR/content/versions/3.20/guides/quartz.adoc.po, 220, 266, 3121, 3470, 11%
l10n/po/pt_BR/content/versions/3.2/guides/security-oidc-bearer-token-authentication.adoc.po, 140, 147, 3105, 3142, 2%
l10n/po/pt_BR/content/versions/3.8/guides/security-openid-connect-client-reference.adoc.po, 148, 154, 3099, 3117, 1%
l10n/po/pt_BR/content/guides/compose-dev-services.adoc.po, 244, 269, 3097, 3200, 4%
l10n/po/pt_BR/content/versions/main/guides/compose-dev-services.adoc.po, 244, 269, 3097, 3200, 4%
l10n/po/pt_BR/content/versions/3.27/guides/security-vertx-oidc-to-quarkus-oidc-migration.adoc.po, 130, 132, 3084, 3088, 1%
l10n/po/pt_BR/content/versions/3.33/guides/security-vertx-oidc-to-quarkus-oidc-migration.adoc.po, 130, 132, 3084, 3088, 1%
l10n/po/pt_BR/content/versions/3.34/guides/security-vertx-oidc-to-quarkus-oidc-migration.adoc.po, 130, 132, 3084, 3088, 1%
l10n/po/pt_BR/content/versions/3.8/guides/building-native-image.adoc.po, 179, 385, 3079, 6784, 55%
l10n/po/pt_BR/content/guides/security-openid-connect-providers.adoc.po, 153, 157, 3066, 3079, 1%
l10n/po/pt_BR/content/versions/3.33/guides/security-openid-connect-providers.adoc.po, 153, 157, 3066, 3079, 1%
l10n/po/pt_BR/content/versions/main/guides/security-openid-connect-providers.adoc.po, 153, 157, 3066, 3079, 1%
l10n/po/pt_BR/content/guides/databases-dev-services.adoc.po, 184, 190, 3060, 3067, 1%
l10n/po/pt_BR/content/guides/hibernate-reactive-panache.adoc.po, 152, 162, 3057, 3159, 4%
l10n/po/pt_BR/content/versions/main/guides/hibernate-reactive-panache.adoc.po, 152, 162, 3057, 3159, 4%
l10n/po/pt_BR/content/versions/3.20/guides/security-openid-connect-multitenancy.adoc.po, 170, 196, 3050, 3217, 6%
l10n/po/pt_BR/content/versions/3.20/guides/security-openid-connect-providers.adoc.po, 153, 157, 3041, 3054, 1%
l10n/po/pt_BR/content/versions/main/guides/databases-dev-services.adoc.po, 184, 190, 3039, 3046, 1%
l10n/po/pt_BR/content/posts/2023-11-02-mandrel-23-0-image-size-increase.md.po, 122, 124, 3038, 3040, 1%
l10n/po/pt_BR/content/posts/2023/2023-11-02-mandrel-23-0-image-size-increase.md.po, 122, 124, 3038, 3040, 1%
l10n/po/pt_BR/content/versions/3.8/guides/security-keycloak-authorization.adoc.po, 216, 252, 3037, 3245, 7%
l10n/po/pt_BR/content/versions/3.2/guides/security-openid-connect-dev-services.adoc.po, 105, 110, 3034, 3051, 1%
l10n/po/pt_BR/content/versions/3.27/guides/security-openid-connect-providers.adoc.po, 153, 157, 3021, 3034, 1%
l10n/po/pt_BR/content/versions/3.34/guides/security-openid-connect-providers.adoc.po, 153, 157, 3021, 3034, 1%
l10n/po/pt_BR/content/versions/3.15/guides/security-openid-connect-multitenancy.adoc.po, 162, 188, 3019, 3186, 6%
l10n/po/pt_BR/content/versions/3.33/guides/compose-dev-services.adoc.po, 239, 264, 3019, 3122, 4%
l10n/po/pt_BR/content/versions/3.34/guides/compose-dev-services.adoc.po, 239, 264, 3019, 3122, 4%
l10n/po/pt_BR/content/versions/3.33/guides/building-my-first-extension.adoc.po, 155, 172, 3010, 3113, 4%
l10n/po/pt_BR/content/versions/3.27/guides/compose-dev-services.adoc.po, 236, 261, 3009, 3112, 4%
l10n/po/pt_BR/content/guides/amqp-reference.adoc.po, 227, 269, 3008, 3576, 16%
l10n/po/pt_BR/content/versions/3.33/guides/amqp-reference.adoc.po, 227, 269, 3008, 3576, 16%
l10n/po/pt_BR/content/versions/3.34/guides/amqp-reference.adoc.po, 227, 269, 3008, 3576, 16%
l10n/po/pt_BR/content/versions/main/guides/amqp-reference.adoc.po, 227, 269, 3008, 3576, 16%
l10n/po/pt_BR/content/guides/building-my-first-extension.adoc.po, 154, 171, 3006, 3109, 4%
l10n/po/pt_BR/content/versions/main/guides/building-my-first-extension.adoc.po, 154, 171, 3006, 3109, 4%
l10n/po/pt_BR/content/versions/2.16/guides/security-openid-connect-dev-services.adoc.po, 106, 108, 3005, 3007, 1%
l10n/po/pt_BR/content/versions/2.16/guides/flyway.adoc.po, 224, 262, 3004, 3460, 14%
l10n/po/pt_BR/content/versions/3.2/guides/security-keycloak-authorization.adoc.po, 209, 245, 2998, 3191, 7%
l10n/po/pt_BR/content/versions/3.20/guides/dev-ui.adoc.po, 228, 232, 2997, 3001, 1%
l10n/po/pt_BR/content/versions/3.2/guides/building-native-image.adoc.po, 178, 387, 2989, 6801, 57%
l10n/po/pt_BR/content/versions/2.13/guides/redis-reference.adoc.po, 183, 193, 2986, 3016, 1%
l10n/po/pt_BR/content/versions/3.15/guides/security-keycloak-authorization.adoc.po, 232, 268, 2984, 3192, 7%
l10n/po/pt_BR/content/versions/2.13/guides/cache.adoc.po, 157, 196, 2974, 3412, 13%
l10n/po/pt_BR/content/versions/3.15/guides/building-my-first-extension.adoc.po, 156, 173, 2957, 3060, 4%
l10n/po/pt_BR/content/versions/3.20/guides/building-my-first-extension.adoc.po, 156, 173, 2957, 3060, 4%
l10n/po/pt_BR/content/versions/3.20/guides/continuous-testing.adoc.po, 182, 204, 2956, 3113, 6%
l10n/po/pt_BR/content/versions/3.15/guides/security-openid-connect-dev-services.adoc.po, 106, 111, 2952, 2969, 1%
l10n/po/pt_BR/content/versions/3.8/guides/security-openid-connect-dev-services.adoc.po, 106, 111, 2952, 2969, 1%
l10n/po/pt_BR/content/versions/3.34/guides/building-my-first-extension.adoc.po, 154, 171, 2947, 3050, 4%
l10n/po/pt_BR/content/versions/3.27/guides/building-my-first-extension.adoc.po, 154, 171, 2944, 3047, 4%
l10n/po/pt_BR/content/versions/3.2/guides/security-authentication-mechanisms.adoc.po, 212, 234, 2940, 3073, 5%
l10n/po/pt_BR/content/versions/2.13/guides/building-my-first-extension.adoc.po, 156, 173, 2938, 3041, 4%
l10n/po/pt_BR/content/versions/2.16/guides/building-my-first-extension.adoc.po, 156, 173, 2938, 3041, 4%
l10n/po/pt_BR/content/versions/3.2/guides/building-my-first-extension.adoc.po, 156, 173, 2938, 3041, 4%
l10n/po/pt_BR/content/versions/3.8/guides/building-my-first-extension.adoc.po, 156, 173, 2938, 3041, 4%
l10n/po/pt_BR/content/versions/3.15/guides/dev-ui.adoc.po, 225, 229, 2931, 2935, 1%
l10n/po/pt_BR/content/versions/3.34/guides/hibernate-reactive-panache.adoc.po, 142, 152, 2927, 3029, 4%
l10n/po/pt_BR/content/versions/3.27/guides/amqp-reference.adoc.po, 225, 269, 2926, 3575, 19%
l10n/po/pt_BR/content/versions/3.20/guides/amqp-reference.adoc.po, 224, 268, 2921, 3570, 19%
l10n/po/pt_BR/content/versions/3.33/guides/hibernate-reactive-panache.adoc.po, 141, 151, 2909, 3011, 4%
l10n/po/pt_BR/content/versions/3.15/guides/amqp-reference.adoc.po, 224, 268, 2907, 3556, 19%
l10n/po/pt_BR/content/versions/3.2/guides/opentelemetry.adoc.po, 255, 293, 2894, 3181, 10%
l10n/po/pt_BR/content/posts/2024-03-27-oidc-proxy.adoc.po, 100, 102, 2891, 2894, 1%
l10n/po/pt_BR/content/posts/2024/2024-03-27-oidc-proxy.adoc.po, 100, 102, 2891, 2894, 1%
l10n/po/pt_BR/content/posts/2025-07-23-secure-mcp-oidc-client.adoc.po, 148, 149, 2883, 2884, 1%
l10n/po/pt_BR/content/posts/2025/2025-07-23-secure-mcp-oidc-client.adoc.po, 148, 149, 2883, 2884, 1%
l10n/po/pt_BR/content/posts/2026-03-05-leyden-2.adoc.po, 186, 186, 2881, 2881, 0%
l10n/po/pt_BR/content/posts/2026/2026-03-05-leyden-2.adoc.po, 186, 186, 2881, 2881, 0%
l10n/po/pt_BR/content/versions/3.8/guides/security-openid-connect-providers.adoc.po, 147, 152, 2876, 2890, 1%
l10n/po/pt_BR/content/versions/2.16/guides/security-openid-connect-client-reference.adoc.po, 140, 143, 2864, 2867, 1%
l10n/po/pt_BR/content/guides/validation.adoc.po, 137, 169, 2863, 3088, 8%
l10n/po/pt_BR/content/versions/3.27/guides/validation.adoc.po, 137, 169, 2863, 3088, 8%
l10n/po/pt_BR/content/versions/3.33/guides/validation.adoc.po, 137, 169, 2863, 3088, 8%
l10n/po/pt_BR/content/versions/3.34/guides/validation.adoc.po, 137, 169, 2863, 3088, 8%
l10n/po/pt_BR/content/versions/main/guides/validation.adoc.po, 137, 169, 2863, 3088, 8%
l10n/po/pt_BR/content/versions/2.16/guides/security-keycloak-authorization.adoc.po, 206, 240, 2858, 3031, 6%
l10n/po/pt_BR/content/versions/3.15/guides/security-openid-connect-providers.adoc.po, 145, 149, 2849, 2862, 1%
l10n/po/pt_BR/_data/versioned/3-8/index/quarkus.yaml.po, 554, 1341, 2848, 5359, 47%
l10n/po/pt_BR/content/guides/smallrye-health.adoc.po, 174, 203, 2838, 3039, 7%
l10n/po/pt_BR/content/versions/3.33/guides/smallrye-health.adoc.po, 174, 203, 2838, 3039, 7%
l10n/po/pt_BR/content/versions/3.34/guides/smallrye-health.adoc.po, 174, 203, 2838, 3039, 7%
l10n/po/pt_BR/content/versions/3.20/guides/messaging.adoc.po, 153, 167, 2834, 2939, 4%
l10n/po/pt_BR/content/versions/3.33/guides/databases-dev-services.adoc.po, 176, 182, 2830, 2837, 1%
l10n/po/pt_BR/content/versions/3.34/guides/databases-dev-services.adoc.po, 176, 182, 2830, 2837, 1%
l10n/po/pt_BR/content/versions/3.2/guides/security-openid-connect-client-reference.adoc.po, 137, 143, 2823, 2841, 1%
l10n/po/pt_BR/content/versions/2.13/guides/security-keycloak-authorization.adoc.po, 203, 237, 2818, 2991, 6%
l10n/po/pt_BR/content/guides/scheduler-reference.adoc.po, 162, 174, 2814, 2903, 4%
l10n/po/pt_BR/content/versions/main/guides/scheduler-reference.adoc.po, 162, 174, 2814, 2903, 4%
l10n/po/pt_BR/content/versions/3.20/guides/kubernetes-client.adoc.po, 194, 210, 2810, 2911, 4%
l10n/po/pt_BR/content/versions/3.15/guides/security-authorize-web-endpoints-reference.adoc.po, 153, 159, 2800, 2821, 1%
l10n/po/pt_BR/content/versions/3.8/guides/amqp-reference.adoc.po, 220, 263, 2788, 3435, 19%
l10n/po/pt_BR/content/versions/main/guides/signals.adoc.po, 181, 191, 2784, 2817, 2%
l10n/po/pt_BR/content/versions/3.27/guides/databases-dev-services.adoc.po, 169, 175, 2779, 2786, 1%
l10n/po/pt_BR/content/versions/3.27/guides/smallrye-health.adoc.po, 169, 198, 2775, 2976, 7%
l10n/po/pt_BR/content/versions/3.20/guides/smallrye-health.adoc.po, 168, 198, 2774, 2976, 7%
l10n/po/pt_BR/content/versions/3.15/guides/cassandra.adoc.po, 142, 160, 2761, 2906, 5%
l10n/po/pt_BR/content/versions/3.20/guides/cassandra.adoc.po, 142, 160, 2761, 2906, 5%
l10n/po/pt_BR/content/versions/3.27/guides/cassandra.adoc.po, 142, 160, 2761, 2906, 5%
l10n/po/pt_BR/content/versions/3.8/guides/continuous-testing.adoc.po, 163, 185, 2760, 2917, 6%
l10n/po/pt_BR/content/versions/2.16/guides/cassandra.adoc.po, 142, 160, 2759, 2904, 5%
l10n/po/pt_BR/content/versions/3.2/guides/cassandra.adoc.po, 142, 160, 2759, 2904, 5%
l10n/po/pt_BR/content/versions/3.8/guides/cassandra.adoc.po, 142, 160, 2759, 2904, 5%
l10n/po/pt_BR/content/guides/flyway.adoc.po, 207, 261, 2758, 3478, 21%
l10n/po/pt_BR/content/versions/3.2/guides/amqp-reference.adoc.po, 219, 253, 2758, 3275, 16%
l10n/po/pt_BR/content/versions/main/guides/flyway.adoc.po, 207, 261, 2758, 3478, 21%
l10n/po/pt_BR/content/versions/3.27/guides/flyway.adoc.po, 206, 260, 2757, 3477, 21%
l10n/po/pt_BR/content/versions/3.33/guides/flyway.adoc.po, 206, 260, 2757, 3477, 21%
l10n/po/pt_BR/content/versions/3.34/guides/flyway.adoc.po, 206, 260, 2757, 3477, 21%
l10n/po/pt_BR/content/versions/3.20/guides/flyway.adoc.po, 205, 260, 2756, 3477, 21%
l10n/po/pt_BR/content/posts/2021-09-13-decathlon-user-story.adoc.po, 83, 83, 2744, 2744, 0%
l10n/po/pt_BR/content/posts/2021/2021-09-13-decathlon-user-story.adoc.po, 83, 83, 2744, 2744, 0%
l10n/po/pt_BR/content/guides/cassandra.adoc.po, 140, 158, 2743, 2888, 6%
l10n/po/pt_BR/content/versions/3.33/guides/cassandra.adoc.po, 140, 158, 2743, 2888, 6%
l10n/po/pt_BR/content/versions/3.34/guides/cassandra.adoc.po, 140, 158, 2743, 2888, 6%
l10n/po/pt_BR/content/versions/main/guides/cassandra.adoc.po, 140, 158, 2743, 2888, 6%
l10n/po/pt_BR/content/versions/3.15/guides/kubernetes-client.adoc.po, 196, 212, 2734, 2835, 4%
l10n/po/pt_BR/_data/versioned/3-6/index/quarkus.yaml.po, 540, 1329, 2729, 5304, 49%
l10n/po/pt_BR/content/versions/3.2/guides/dev-ui-v2.adoc.po, 213, 218, 2727, 2733, 1%
l10n/po/pt_BR/content/versions/2.13/guides/security-openid-connect-dev-services.adoc.po, 100, 102, 2726, 2728, 1%
l10n/po/pt_BR/content/versions/3.15/guides/continuous-testing.adoc.po, 158, 180, 2714, 2871, 6%
l10n/po/pt_BR/content/versions/3.8/guides/hibernate-reactive-panache.adoc.po, 133, 141, 2713, 2768, 2%
l10n/po/pt_BR/content/versions/2.16/guides/amqp-reference.adoc.po, 210, 244, 2711, 3228, 17%
l10n/po/pt_BR/content/versions/3.8/guides/dev-ui.adoc.po, 214, 218, 2711, 2715, 1%
l10n/po/pt_BR/content/versions/3.15/guides/hibernate-reactive-panache.adoc.po, 133, 143, 2705, 2807, 4%
l10n/po/pt_BR/content/versions/3.20/guides/hibernate-reactive-panache.adoc.po, 133, 143, 2705, 2807, 4%
l10n/po/pt_BR/content/versions/3.27/guides/hibernate-reactive-panache.adoc.po, 133, 143, 2705, 2807, 4%
l10n/po/pt_BR/content/versions/3.2/guides/continuous-testing.adoc.po, 158, 181, 2701, 2874, 7%
l10n/po/pt_BR/content/versions/3.20/guides/validation.adoc.po, 136, 168, 2700, 2925, 8%
l10n/po/pt_BR/content/guides/elasticsearch.adoc.po, 188, 230, 2696, 3048, 12%
l10n/po/pt_BR/content/versions/3.33/guides/elasticsearch.adoc.po, 188, 230, 2696, 3048, 12%
l10n/po/pt_BR/content/versions/3.34/guides/elasticsearch.adoc.po, 188, 230, 2696, 3048, 12%
l10n/po/pt_BR/content/versions/main/guides/elasticsearch.adoc.po, 188, 230, 2696, 3048, 12%
l10n/po/pt_BR/content/posts/2021-06-08-quarkus-deploys-apps-on-openshift.adoc.po, 117, 117, 2694, 2694, 0%
l10n/po/pt_BR/content/posts/2021/2021-06-08-quarkus-deploys-apps-on-openshift.adoc.po, 117, 117, 2694, 2694, 0%
l10n/po/pt_BR/content/versions/3.8/guides/infinispan-dev-services.adoc.po, 134, 141, 2682, 2690, 1%
l10n/po/pt_BR/content/versions/main/guides/smallrye-health.adoc.po, 163, 192, 2680, 2881, 7%
l10n/po/pt_BR/content/versions/3.27/guides/elasticsearch.adoc.po, 184, 226, 2671, 3023, 12%
l10n/po/pt_BR/content/versions/3.15/guides/quartz.adoc.po, 204, 252, 2670, 3035, 13%
l10n/po/pt_BR/content/versions/3.20/guides/elasticsearch.adoc.po, 183, 226, 2670, 3023, 12%
l10n/po/pt_BR/content/posts/2025-10-31-quarkus-a2a-cloud-enhancements.adoc.po, 117, 118, 2669, 2670, 1%
l10n/po/pt_BR/content/posts/2025/2025-10-31-quarkus-a2a-cloud-enhancements.adoc.po, 117, 118, 2669, 2670, 1%
l10n/po/pt_BR/content/versions/2.16/guides/continuous-testing.adoc.po, 152, 168, 2665, 2740, 3%
l10n/po/pt_BR/content/versions/3.8/guides/kubernetes-client.adoc.po, 200, 216, 2663, 2764, 4%
l10n/po/pt_BR/content/versions/2.13/guides/flyway.adoc.po, 196, 234, 2661, 3117, 15%
l10n/po/pt_BR/content/versions/3.34/guides/kafka.adoc.po, 211, 887, 2658, 15276, 83%
l10n/po/pt_BR/content/versions/3.2/guides/kubernetes-client.adoc.po, 199, 216, 2652, 2769, 5%
l10n/po/pt_BR/content/versions/3.33/guides/kafka.adoc.po, 210, 862, 2646, 14799, 83%
l10n/po/pt_BR/content/versions/2.13/guides/amqp-reference.adoc.po, 206, 240, 2642, 3159, 17%
l10n/po/pt_BR/content/versions/3.33/guides/scheduler-reference.adoc.po, 151, 162, 2632, 2720, 4%
l10n/po/pt_BR/content/versions/3.34/guides/scheduler-reference.adoc.po, 151, 162, 2632, 2720, 4%
l10n/po/pt_BR/content/versions/3.27/guides/scheduler-reference.adoc.po, 148, 159, 2630, 2718, 4%
l10n/po/pt_BR/content/versions/3.20/guides/scheduler-reference.adoc.po, 147, 159, 2629, 2718, 4%
l10n/po/pt_BR/content/versions/3.20/guides/databases-dev-services.adoc.po, 161, 168, 2627, 2635, 1%
l10n/po/pt_BR/content/guides/resteasy.adoc.po, 146, 172, 2615, 2810, 7%
l10n/po/pt_BR/content/versions/3.20/guides/resteasy.adoc.po, 146, 172, 2615, 2810, 7%
l10n/po/pt_BR/content/versions/3.27/guides/resteasy.adoc.po, 146, 172, 2615, 2810, 7%
l10n/po/pt_BR/content/versions/3.33/guides/resteasy.adoc.po, 146, 172, 2615, 2810, 7%
l10n/po/pt_BR/content/versions/3.34/guides/resteasy.adoc.po, 146, 172, 2615, 2810, 7%
l10n/po/pt_BR/content/versions/main/guides/resteasy.adoc.po, 146, 172, 2615, 2810, 7%
l10n/po/pt_BR/content/versions/3.15/guides/messaging.adoc.po, 145, 159, 2612, 2717, 4%
l10n/po/pt_BR/content/versions/2.13/guides/resteasy.adoc.po, 138, 162, 2598, 2773, 7%
l10n/po/pt_BR/content/versions/2.16/guides/resteasy.adoc.po, 138, 162, 2598, 2773, 7%
l10n/po/pt_BR/content/versions/3.2/guides/hibernate-reactive-panache.adoc.po, 128, 136, 2598, 2653, 3%
l10n/po/pt_BR/content/versions/3.15/guides/validation.adoc.po, 135, 167, 2594, 2819, 8%
l10n/po/pt_BR/content/versions/3.15/guides/smallrye-health.adoc.po, 161, 191, 2592, 2794, 8%
l10n/po/pt_BR/content/versions/main/guides/quarkus-data-hibernate.adoc.po, 212, 216, 2587, 2605, 1%
l10n/po/pt_BR/content/versions/3.15/guides/resteasy.adoc.po, 145, 171, 2585, 2780, 8%
l10n/po/pt_BR/content/versions/3.8/guides/security-authorize-web-endpoints-reference.adoc.po, 139, 145, 2583, 2604, 1%
l10n/po/pt_BR/content/versions/2.13/guides/continuous-testing.adoc.po, 144, 160, 2581, 2656, 3%
l10n/po/pt_BR/content/versions/3.8/guides/resteasy.adoc.po, 145, 171, 2578, 2773, 8%
l10n/po/pt_BR/content/guides/quarkus-data-hibernate.adoc.po, 211, 215, 2577, 2595, 1%
l10n/po/pt_BR/content/versions/3.27/guides/kafka.adoc.po, 205, 883, 2567, 15213, 84%
l10n/po/pt_BR/content/versions/3.15/guides/elasticsearch.adoc.po, 179, 222, 2565, 2918, 13%
l10n/po/pt_BR/content/versions/2.13/guides/gradle-tooling.adoc.po, 154, 165, 2563, 2585, 1%
l10n/po/pt_BR/content/versions/2.16/guides/gradle-tooling.adoc.po, 154, 165, 2563, 2585, 1%
l10n/po/pt_BR/content/versions/3.8/guides/quartz.adoc.po, 203, 251, 2553, 2918, 13%
l10n/po/pt_BR/content/versions/3.2/guides/resteasy.adoc.po, 137, 163, 2552, 2795, 9%
l10n/po/pt_BR/content/versions/2.13/guides/security-openid-connect-client-reference.adoc.po, 132, 135, 2544, 2547, 1%
l10n/po/pt_BR/content/versions/3.8/guides/validation.adoc.po, 133, 165, 2538, 2763, 9%
l10n/po/pt_BR/content/versions/2.16/guides/validation.adoc.po, 128, 155, 2534, 2704, 7%
l10n/po/pt_BR/content/guides/hibernate-orm-panache.adoc.po, 137, 148, 2523, 2684, 6%
l10n/po/pt_BR/content/versions/main/guides/hibernate-orm-panache.adoc.po, 137, 148, 2523, 2684, 6%
l10n/po/pt_BR/content/versions/3.20/guides/kafka.adoc.po, 201, 879, 2519, 15165, 84%
l10n/po/pt_BR/content/versions/3.2/guides/validation.adoc.po, 133, 161, 2507, 2694, 7%
l10n/po/pt_BR/content/versions/3.2/guides/smallrye-health.adoc.po, 157, 184, 2504, 2677, 7%
l10n/po/pt_BR/content/versions/3.8/guides/smallrye-health.adoc.po, 157, 187, 2504, 2706, 8%
l10n/po/pt_BR/content/versions/2.16/guides/kubernetes-client.adoc.po, 190, 200, 2487, 2506, 1%
l10n/po/pt_BR/content/versions/3.15/guides/databases-dev-services.adoc.po, 152, 159, 2486, 2494, 1%
l10n/po/pt_BR/content/versions/3.2/guides/quartz.adoc.po, 199, 245, 2485, 2837, 13%
l10n/po/pt_BR/content/posts/2023-09-19-virtual-thread-1.adoc.po, 65, 65, 2480, 2480, 0%
l10n/po/pt_BR/content/posts/2023/2023-09-19-virtual-thread-1.adoc.po, 65, 65, 2480, 2480, 0%
l10n/po/pt_BR/content/versions/3.34/guides/hibernate-orm-panache.adoc.po, 135, 146, 2480, 2641, 7%
l10n/po/pt_BR/content/versions/3.2/guides/infinispan-dev-services.adoc.po, 127, 134, 2464, 2472, 1%
l10n/po/pt_BR/content/versions/3.33/guides/hibernate-orm-panache.adoc.po, 134, 145, 2462, 2623, 7%
l10n/po/pt_BR/content/versions/3.8/guides/databases-dev-services.adoc.po, 152, 159, 2460, 2468, 1%
l10n/po/pt_BR/content/versions/2.13/guides/cassandra.adoc.po, 125, 143, 2450, 2595, 6%
l10n/po/pt_BR/content/versions/main/guides/security-openid-connect-client-registration.adoc.po, 178, 195, 2447, 2566, 5%
l10n/po/pt_BR/content/versions/3.2/guides/databases-dev-services.adoc.po, 152, 158, 2432, 2439, 1%
l10n/po/pt_BR/content/guides/writing-extensions.adoc.po, 113, 603, 2430, 11948, 80%
l10n/po/pt_BR/content/versions/main/guides/writing-extensions.adoc.po, 113, 603, 2430, 11948, 80%
l10n/po/pt_BR/content/guides/grpc-service-consumption.adoc.po, 253, 322, 2422, 3233, 26%
l10n/po/pt_BR/content/versions/3.33/guides/grpc-service-consumption.adoc.po, 253, 322, 2422, 3233, 26%
l10n/po/pt_BR/content/versions/3.27/guides/writing-native-applications-tips.adoc.po, 110, 110, 2417, 2417, 0%
l10n/po/pt_BR/content/posts/2023-04-26-quarkus-3-0-final-released.adoc.po, 152, 154, 2414, 2416, 1%
l10n/po/pt_BR/content/posts/2023/2023-04-26-quarkus-3-0-final-released.adoc.po, 152, 154, 2414, 2416, 1%
l10n/po/pt_BR/content/versions/2.16/guides/quartz.adoc.po, 193, 231, 2413, 2650, 9%
l10n/po/pt_BR/content/guides/security-openid-connect-client-registration.adoc.po, 177, 194, 2405, 2524, 5%
l10n/po/pt_BR/content/versions/3.34/guides/security-openid-connect-client-registration.adoc.po, 177, 194, 2405, 2524, 5%
l10n/po/pt_BR/content/guides/writing-native-applications-tips.adoc.po, 109, 109, 2402, 2402, 0%
l10n/po/pt_BR/content/versions/3.33/guides/writing-native-applications-tips.adoc.po, 109, 109, 2402, 2402, 0%
l10n/po/pt_BR/content/versions/3.34/guides/writing-native-applications-tips.adoc.po, 109, 109, 2402, 2402, 0%
l10n/po/pt_BR/content/versions/main/guides/writing-native-applications-tips.adoc.po, 109, 109, 2402, 2402, 0%
l10n/po/pt_BR/content/versions/3.8/guides/writing-native-applications-tips.adoc.po, 106, 106, 2390, 2390, 0%
l10n/po/pt_BR/content/versions/3.27/guides/grpc-service-consumption.adoc.po, 252, 322, 2388, 3233, 27%
l10n/po/pt_BR/content/versions/3.34/guides/grpc-service-consumption.adoc.po, 252, 322, 2388, 3233, 27%
l10n/po/pt_BR/content/versions/3.27/guides/security-openid-connect-client-registration.adoc.po, 183, 200, 2387, 2506, 5%
l10n/po/pt_BR/content/versions/2.16/guides/config-reference.adoc.po, 165, 171, 2384, 2391, 1%
l10n/po/pt_BR/content/versions/3.20/guides/writing-native-applications-tips.adoc.po, 107, 107, 2380, 2380, 0%
l10n/po/pt_BR/content/posts/2026-02-24-leyden-1.adoc.po, 117, 117, 2379, 2379, 0%
l10n/po/pt_BR/content/posts/2026/2026-02-24-leyden-1.adoc.po, 117, 117, 2379, 2379, 0%
l10n/po/pt_BR/content/versions/3.2/guides/doc-reference.adoc.po, 273, 302, 2373, 2405, 2%
l10n/po/pt_BR/content/versions/main/guides/opentelemetry-tracing.adoc.po, 177, 208, 2370, 2584, 9%
l10n/po/pt_BR/content/versions/3.2/guides/hibernate-orm-panache.adoc.po, 126, 135, 2363, 2477, 5%
l10n/po/pt_BR/content/versions/2.13/guides/config-reference.adoc.po, 161, 167, 2362, 2369, 1%
l10n/po/pt_BR/content/versions/2.13/guides/hibernate-reactive-panache.adoc.po, 122, 129, 2360, 2414, 3%
l10n/po/pt_BR/content/versions/2.16/guides/hibernate-reactive-panache.adoc.po, 122, 129, 2360, 2414, 3%
l10n/po/pt_BR/content/versions/3.15/guides/hibernate-orm-panache.adoc.po, 127, 138, 2359, 2520, 7%
l10n/po/pt_BR/content/versions/3.20/guides/hibernate-orm-panache.adoc.po, 127, 138, 2359, 2520, 7%
l10n/po/pt_BR/content/versions/3.27/guides/hibernate-orm-panache.adoc.po, 127, 138, 2359, 2520, 7%
l10n/po/pt_BR/content/versions/3.15/guides/doc-reference.adoc.po, 271, 300, 2354, 2386, 2%
l10n/po/pt_BR/content/versions/3.20/guides/doc-reference.adoc.po, 271, 300, 2354, 2386, 2%
l10n/po/pt_BR/content/versions/3.27/guides/doc-reference.adoc.po, 271, 300, 2354, 2386, 2%
l10n/po/pt_BR/content/versions/3.33/guides/doc-reference.adoc.po, 271, 300, 2354, 2386, 2%
l10n/po/pt_BR/content/versions/3.34/guides/doc-reference.adoc.po, 271, 300, 2354, 2386, 2%
l10n/po/pt_BR/content/versions/3.8/guides/doc-reference.adoc.po, 271, 300, 2354, 2386, 2%
l10n/po/pt_BR/content/versions/3.8/guides/hibernate-orm-panache.adoc.po, 126, 135, 2353, 2467, 5%
l10n/po/pt_BR/content/versions/3.15/guides/writing-native-applications-tips.adoc.po, 104, 104, 2348, 2348, 0%
l10n/po/pt_BR/content/versions/3.20/guides/grpc-service-consumption.adoc.po, 247, 318, 2342, 3188, 27%
l10n/po/pt_BR/content/versions/3.15/guides/scheduler-reference.adoc.po, 134, 146, 2336, 2425, 4%
l10n/po/pt_BR/content/guides/opentelemetry-tracing.adoc.po, 175, 206, 2335, 2549, 9%
l10n/po/pt_BR/content/versions/3.20/guides/security-openid-connect-client-registration.adoc.po, 179, 197, 2334, 2454, 5%
l10n/po/pt_BR/content/versions/2.13/guides/validation.adoc.po, 118, 144, 2332, 2501, 7%
l10n/po/pt_BR/content/versions/3.33/guides/security-openid-connect-client-registration.adoc.po, 169, 186, 2325, 2444, 5%
l10n/po/pt_BR/content/posts/2026-06-01-quarkus-insights-249-coding-agents.adoc.po, 233, 234, 2322, 2324, 1%
l10n/po/pt_BR/content/posts/2026/2026-06-01-quarkus-insights-249-coding-agents.adoc.po, 233, 234, 2322, 2324, 1%
l10n/po/pt_BR/content/versions/2.13/guides/hibernate-orm-panache.adoc.po, 124, 133, 2307, 2421, 5%
l10n/po/pt_BR/content/guides/doc-reference.adoc.po, 255, 258, 2303, 2306, 1%
l10n/po/pt_BR/content/versions/main/guides/doc-reference.adoc.po, 255, 258, 2303, 2306, 1%
l10n/po/pt_BR/content/versions/2.16/guides/hibernate-orm-panache.adoc.po, 124, 133, 2301, 2415, 5%
l10n/po/pt_BR/content/versions/3.2/guides/writing-native-applications-tips.adoc.po, 101, 101, 2279, 2279, 0%
l10n/po/pt_BR/content/posts/2025-05-21-secure-mcp-client.adoc.po, 110, 111, 2274, 2275, 1%
l10n/po/pt_BR/content/posts/2025/2025-05-21-secure-mcp-client.adoc.po, 110, 111, 2274, 2275, 1%
l10n/po/pt_BR/content/versions/2.16/guides/smallrye-health.adoc.po, 149, 175, 2273, 2429, 7%
l10n/po/pt_BR/content/posts/2022-04-05-camel-quarkus-effortless-apis.adoc.po, 101, 102, 2272, 2273, 1%
l10n/po/pt_BR/content/posts/2022/2022-04-05-camel-quarkus-effortless-apis.adoc.po, 101, 102, 2272, 2273, 1%
l10n/po/pt_BR/content/posts/2024-08-19-quarkus-metaprogramming.adoc.po, 53, 53, 2268, 2268, 0%
l10n/po/pt_BR/content/posts/2024/2024-08-19-quarkus-metaprogramming.adoc.po, 53, 53, 2268, 2268, 0%
l10n/po/pt_BR/content/versions/2.13/guides/writing-native-applications-tips.adoc.po, 100, 100, 2258, 2258, 0%
l10n/po/pt_BR/content/versions/2.16/guides/writing-native-applications-tips.adoc.po, 100, 100, 2258, 2258, 0%
l10n/po/pt_BR/content/versions/3.33/guides/writing-extensions.adoc.po, 98, 591, 2254, 11811, 81%
l10n/po/pt_BR/content/versions/3.34/guides/writing-extensions.adoc.po, 98, 591, 2254, 11811, 81%
l10n/po/pt_BR/content/versions/3.8/guides/security-openid-connect-multitenancy.adoc.po, 124, 150, 2227, 2394, 7%
l10n/po/pt_BR/content/posts/2025-03-13-gemini-personal-assistant.adoc.po, 102, 105, 2217, 2220, 1%
l10n/po/pt_BR/content/posts/2025/2025-03-13-gemini-personal-assistant.adoc.po, 102, 105, 2217, 2220, 1%
l10n/po/pt_BR/content/versions/2.13/guides/smallrye-health.adoc.po, 145, 171, 2216, 2372, 7%
l10n/po/pt_BR/content/versions/3.33/guides/opentelemetry-tracing.adoc.po, 158, 189, 2212, 2426, 9%
l10n/po/pt_BR/content/versions/3.34/guides/opentelemetry-tracing.adoc.po, 158, 189, 2212, 2426, 9%
l10n/po/pt_BR/content/versions/2.13/guides/optaplanner.adoc.po, 122, 139, 2204, 2306, 5%
l10n/po/pt_BR/content/versions/2.16/guides/optaplanner.adoc.po, 122, 139, 2204, 2306, 5%
l10n/po/pt_BR/content/versions/2.13/guides/class-loading-reference.adoc.po, 82, 87, 2196, 2203, 1%
l10n/po/pt_BR/content/versions/2.16/guides/class-loading-reference.adoc.po, 82, 87, 2196, 2203, 1%
l10n/po/pt_BR/content/guides/class-loading-reference.adoc.po, 91, 95, 2193, 2197, 1%
l10n/po/pt_BR/content/versions/main/guides/class-loading-reference.adoc.po, 91, 95, 2193, 2197, 1%
l10n/po/pt_BR/content/versions/3.20/guides/class-loading-reference.adoc.po, 90, 95, 2190, 2197, 1%
l10n/po/pt_BR/content/versions/3.27/guides/class-loading-reference.adoc.po, 90, 95, 2190, 2197, 1%
l10n/po/pt_BR/content/versions/3.33/guides/class-loading-reference.adoc.po, 90, 95, 2190, 2197, 1%
l10n/po/pt_BR/content/versions/3.34/guides/class-loading-reference.adoc.po, 90, 95, 2190, 2197, 1%
l10n/po/pt_BR/content/guides/infinispan-dev-services.adoc.po, 119, 125, 2183, 2190, 1%
l10n/po/pt_BR/content/versions/3.33/guides/infinispan-dev-services.adoc.po, 119, 125, 2183, 2190, 1%
l10n/po/pt_BR/content/versions/3.34/guides/infinispan-dev-services.adoc.po, 119, 125, 2183, 2190, 1%
l10n/po/pt_BR/content/posts/2026-03-02-new-benchmarks.adoc.po, 37, 37, 2182, 2182, 0%
l10n/po/pt_BR/content/posts/2026/2026-03-02-new-benchmarks.adoc.po, 37, 37, 2182, 2182, 0%
l10n/po/pt_BR/content/versions/3.15/guides/class-loading-reference.adoc.po, 90, 95, 2182, 2189, 1%
l10n/po/pt_BR/content/posts/2024-10-16-quarkiverse-and-smallrye-new-release-process.adoc.po, 76, 76, 2181, 2181, 0%
l10n/po/pt_BR/content/posts/2024/2024-10-16-quarkiverse-and-smallrye-new-release-process.adoc.po, 76, 76, 2181, 2181, 0%
l10n/po/pt_BR/content/versions/3.2/guides/optaplanner.adoc.po, 121, 139, 2176, 2295, 6%
l10n/po/pt_BR/content/guides/rabbitmq-reference.adoc.po, 230, 251, 2175, 2368, 9%
l10n/po/pt_BR/content/versions/3.15/guides/rabbitmq-reference.adoc.po, 230, 251, 2175, 2368, 9%
l10n/po/pt_BR/content/versions/3.20/guides/rabbitmq-reference.adoc.po, 230, 251, 2175, 2368, 9%
l10n/po/pt_BR/content/versions/3.27/guides/rabbitmq-reference.adoc.po, 230, 251, 2175, 2368, 9%
l10n/po/pt_BR/content/versions/3.33/guides/rabbitmq-reference.adoc.po, 230, 251, 2175, 2368, 9%
l10n/po/pt_BR/content/versions/3.34/guides/rabbitmq-reference.adoc.po, 230, 251, 2175, 2368, 9%
l10n/po/pt_BR/content/versions/main/guides/rabbitmq-reference.adoc.po, 230, 251, 2175, 2368, 9%
l10n/po/pt_BR/content/versions/3.8/guides/class-loading-reference.adoc.po, 90, 95, 2168, 2175, 1%
l10n/po/pt_BR/content/posts/2023-09-11-live-diff-and-update-using-idea.adoc.po, 92, 93, 2158, 2159, 1%
l10n/po/pt_BR/content/posts/2023/2023-09-11-live-diff-and-update-using-idea.adoc.po, 92, 93, 2158, 2159, 1%
l10n/po/pt_BR/content/versions/main/guides/platform.adoc.po, 110, 110, 2158, 2158, 0%
l10n/po/pt_BR/_data/versioned/3-2/index/quarkus.yaml.po, 214, 970, 2155, 4722, 55%
l10n/po/pt_BR/content/versions/3.2/guides/class-loading-reference.adoc.po, 89, 94, 2153, 2160, 1%
l10n/po/pt_BR/content/guides/platform.adoc.po, 110, 110, 2148, 2148, 0%
l10n/po/pt_BR/content/versions/2.16/guides/security-overview-concept.adoc.po, 118, 140, 2143, 2355, 10%
l10n/po/pt_BR/content/versions/3.8/guides/rabbitmq-reference.adoc.po, 228, 248, 2142, 2333, 9%
l10n/po/pt_BR/content/versions/2.13/guides/security.adoc.po, 117, 139, 2127, 2339, 10%
l10n/po/pt_BR/content/guides/grpc-service-implementation.adoc.po, 195, 270, 2122, 3093, 32%
l10n/po/pt_BR/content/versions/3.27/guides/grpc-service-implementation.adoc.po, 195, 270, 2122, 3093, 32%
l10n/po/pt_BR/content/versions/3.33/guides/grpc-service-implementation.adoc.po, 195, 270, 2122, 3093, 32%
l10n/po/pt_BR/content/versions/3.34/guides/grpc-service-implementation.adoc.po, 195, 270, 2122, 3093, 32%
l10n/po/pt_BR/content/posts/2020-11-02-quarkus-native-on-a-raspberry-pi.adoc.po, 145, 147, 2119, 2121, 1%
l10n/po/pt_BR/content/posts/2020/2020-11-02-quarkus-native-on-a-raspberry-pi.adoc.po, 145, 147, 2119, 2121, 1%
l10n/po/pt_BR/content/guides/qute.adoc.po, 119, 192, 2110, 3229, 35%
l10n/po/pt_BR/content/versions/main/guides/qute.adoc.po, 119, 192, 2110, 3229, 35%
l10n/po/pt_BR/content/versions/3.34/guides/hibernate-panache-next.adoc.po, 161, 163, 2106, 2122, 1%
l10n/po/pt_BR/content/versions/2.16/guides/rabbitmq-reference.adoc.po, 227, 243, 2099, 2254, 7%
l10n/po/pt_BR/content/versions/3.2/guides/rabbitmq-reference.adoc.po, 227, 243, 2099, 2254, 7%
l10n/po/pt_BR/content/versions/3.33/guides/hibernate-panache-next.adoc.po, 161, 163, 2097, 2113, 1%
l10n/po/pt_BR/content/posts/2026-07-23-to-cache-or-not-to-cache-virtual-threads.adoc.po, 97, 98, 2082, 2083, 1%
l10n/po/pt_BR/content/posts/2026/2026-07-23-to-cache-or-not-to-cache-virtual-threads.adoc.po, 97, 98, 2082, 2083, 1%
l10n/po/pt_BR/content/versions/2.16/guides/kafka.adoc.po, 149, 728, 2082, 12740, 84%
l10n/po/pt_BR/content/versions/main/guides/infinispan-dev-services.adoc.po, 108, 114, 2079, 2086, 1%
l10n/po/pt_BR/content/versions/3.27/guides/infinispan-dev-services.adoc.po, 107, 113, 2078, 2085, 1%
l10n/po/pt_BR/content/versions/2.16/guides/security-built-in-authentication-support-concept.adoc.po, 116, 127, 2076, 2131, 3%
l10n/po/pt_BR/content/posts/2022-02-22-quarkus-superheroes-to-the-rescue.adoc.po, 86, 88, 2068, 2070, 1%
l10n/po/pt_BR/content/posts/2022/2022-02-22-quarkus-superheroes-to-the-rescue.adoc.po, 86, 88, 2068, 2070, 1%
l10n/po/pt_BR/content/versions/3.20/guides/infinispan-dev-services.adoc.po, 104, 111, 2061, 2069, 1%
l10n/po/pt_BR/content/posts/2021-02-10-resteasy-reactive-faq.adoc.po, 55, 55, 2059, 2059, 0%
l10n/po/pt_BR/content/posts/2021/2021-02-10-resteasy-reactive-faq.adoc.po, 55, 55, 2059, 2059, 0%
l10n/po/pt_BR/content/guides/jfr.adoc.po, 112, 138, 2057, 2219, 8%
l10n/po/pt_BR/content/versions/3.33/guides/jfr.adoc.po, 112, 138, 2057, 2219, 8%
l10n/po/pt_BR/content/versions/3.34/guides/jfr.adoc.po, 112, 138, 2057, 2219, 8%
l10n/po/pt_BR/content/versions/main/guides/jfr.adoc.po, 112, 138, 2057, 2219, 8%
l10n/po/pt_BR/content/versions/3.15/guides/infinispan-dev-services.adoc.po, 104, 111, 2048, 2056, 1%
l10n/po/pt_BR/content/versions/2.13/guides/security-built-in-authentication.adoc.po, 122, 137, 2047, 2129, 4%
l10n/po/pt_BR/content/posts/2023-12-04-testing-quarkus-with-citrus.adoc.po, 68, 68, 2026, 2026, 0%
l10n/po/pt_BR/content/posts/2023/2023-12-04-testing-quarkus-with-citrus.adoc.po, 68, 68, 2026, 2026, 0%
l10n/po/pt_BR/content/versions/3.20/guides/cdi.adoc.po, 106, 109, 2026, 2030, 1%
l10n/po/pt_BR/content/versions/3.27/guides/cdi.adoc.po, 106, 109, 2026, 2030, 1%
l10n/po/pt_BR/content/guides/cdi.adoc.po, 106, 109, 2024, 2028, 1%
l10n/po/pt_BR/content/versions/2.16/guides/cdi.adoc.po, 105, 108, 2024, 2028, 1%
l10n/po/pt_BR/content/versions/3.33/guides/cdi.adoc.po, 106, 109, 2024, 2028, 1%
l10n/po/pt_BR/content/versions/3.34/guides/cdi.adoc.po, 106, 109, 2024, 2028, 1%
l10n/po/pt_BR/content/versions/main/guides/cdi.adoc.po, 106, 109, 2024, 2028, 1%
l10n/po/pt_BR/content/versions/2.13/guides/cdi.adoc.po, 105, 108, 2020, 2024, 1%
l10n/po/pt_BR/content/versions/3.15/guides/cdi.adoc.po, 105, 108, 2011, 2015, 1%
l10n/po/pt_BR/content/versions/2.16/guides/doc-reference.adoc.po, 246, 276, 2001, 2034, 2%
l10n/po/pt_BR/content/versions/3.2/guides/cdi.adoc.po, 105, 108, 1982, 1986, 1%
l10n/po/pt_BR/content/versions/3.8/guides/cdi.adoc.po, 105, 108, 1980, 1984, 1%
l10n/po/pt_BR/content/versions/3.20/guides/grpc-service-implementation.adoc.po, 190, 266, 1979, 2951, 33%
l10n/po/pt_BR/content/guides/software-transactional-memory.adoc.po, 41, 45, 1978, 1999, 2%
l10n/po/pt_BR/content/versions/2.13/guides/software-transactional-memory.adoc.po, 41, 45, 1978, 1999, 2%
l10n/po/pt_BR/content/versions/2.16/guides/software-transactional-memory.adoc.po, 41, 45, 1978, 1999, 2%
l10n/po/pt_BR/content/versions/3.15/guides/doc-contribute-docs-howto.adoc.po, 134, 137, 1978, 2005, 2%
l10n/po/pt_BR/content/versions/3.15/guides/software-transactional-memory.adoc.po, 41, 45, 1978, 1999, 2%
l10n/po/pt_BR/content/versions/3.2/guides/doc-contribute-docs-howto.adoc.po, 134, 137, 1978, 2005, 2%
l10n/po/pt_BR/content/versions/3.2/guides/software-transactional-memory.adoc.po, 41, 45, 1978, 1999, 2%
l10n/po/pt_BR/content/versions/3.20/guides/doc-contribute-docs-howto.adoc.po, 134, 137, 1978, 2005, 2%
l10n/po/pt_BR/content/versions/3.20/guides/software-transactional-memory.adoc.po, 41, 45, 1978, 1999, 2%
l10n/po/pt_BR/content/versions/3.27/guides/doc-contribute-docs-howto.adoc.po, 134, 137, 1978, 2005, 2%
l10n/po/pt_BR/content/versions/3.27/guides/software-transactional-memory.adoc.po, 41, 45, 1978, 1999, 2%
l10n/po/pt_BR/content/versions/3.33/guides/software-transactional-memory.adoc.po, 41, 45, 1978, 1999, 2%
l10n/po/pt_BR/content/versions/3.34/guides/software-transactional-memory.adoc.po, 41, 45, 1978, 1999, 2%
l10n/po/pt_BR/content/versions/3.8/guides/doc-contribute-docs-howto.adoc.po, 134, 137, 1978, 2005, 2%
l10n/po/pt_BR/content/versions/3.8/guides/software-transactional-memory.adoc.po, 41, 45, 1978, 1999, 2%
l10n/po/pt_BR/content/versions/main/guides/software-transactional-memory.adoc.po, 41, 45, 1978, 1999, 2%
l10n/po/pt_BR/content/versions/3.33/guides/doc-contribute-docs-howto.adoc.po, 134, 137, 1977, 2004, 2%
l10n/po/pt_BR/content/versions/3.34/guides/doc-contribute-docs-howto.adoc.po, 134, 137, 1977, 2004, 2%
l10n/po/pt_BR/content/versions/main/guides/reactive-routes.adoc.po, 146, 153, 1973, 2001, 2%
l10n/po/pt_BR/content/guides/jreleaser.adoc.po, 57, 72, 1971, 2074, 5%
l10n/po/pt_BR/content/posts/2026-06-10-when-the-jit-cant-keep-up.adoc.po, 70, 70, 1971, 1971, 0%
l10n/po/pt_BR/content/posts/2026/2026-06-10-when-the-jit-cant-keep-up.adoc.po, 70, 70, 1971, 1971, 0%
l10n/po/pt_BR/content/versions/3.27/guides/jreleaser.adoc.po, 57, 72, 1971, 2074, 5%
l10n/po/pt_BR/content/versions/3.33/guides/jreleaser.adoc.po, 57, 72, 1971, 2074, 5%
l10n/po/pt_BR/content/versions/3.33/guides/qute.adoc.po, 112, 186, 1971, 3093, 37%
l10n/po/pt_BR/content/versions/3.34/guides/jreleaser.adoc.po, 57, 72, 1971, 2074, 5%
l10n/po/pt_BR/content/versions/3.34/guides/qute.adoc.po, 112, 186, 1971, 3093, 37%
l10n/po/pt_BR/content/versions/main/guides/jreleaser.adoc.po, 57, 72, 1971, 2074, 5%
l10n/po/pt_BR/content/versions/2.13/guides/jreleaser.adoc.po, 57, 71, 1964, 2050, 5%
l10n/po/pt_BR/content/versions/2.16/guides/jreleaser.adoc.po, 57, 71, 1964, 2050, 5%
l10n/po/pt_BR/content/posts/2026-06-08-quarkus-insights-250-quarkus-data.adoc.po, 117, 117, 1962, 1962, 0%
l10n/po/pt_BR/content/posts/2026/2026-06-08-quarkus-insights-250-quarkus-data.adoc.po, 117, 117, 1962, 1962, 0%
l10n/po/pt_BR/content/posts/2021-09-01-using-lra.adoc.po, 75, 78, 1959, 1964, 1%
l10n/po/pt_BR/content/posts/2021/2021-09-01-using-lra.adoc.po, 75, 78, 1959, 1964, 1%
l10n/po/pt_BR/content/versions/3.27/guides/jfr.adoc.po, 104, 130, 1946, 2108, 8%
l10n/po/pt_BR/content/guides/reactive-routes.adoc.po, 145, 152, 1944, 1972, 2%
l10n/po/pt_BR/content/versions/3.15/guides/jreleaser.adoc.po, 56, 71, 1944, 2047, 6%
l10n/po/pt_BR/content/versions/3.15/guides/reactive-routes.adoc.po, 145, 152, 1944, 1972, 2%
l10n/po/pt_BR/content/versions/3.2/guides/jreleaser.adoc.po, 56, 71, 1944, 2047, 6%
l10n/po/pt_BR/content/versions/3.20/guides/jreleaser.adoc.po, 56, 71, 1944, 2047, 6%
l10n/po/pt_BR/content/versions/3.20/guides/reactive-routes.adoc.po, 145, 152, 1944, 1972, 2%
l10n/po/pt_BR/content/versions/3.27/guides/reactive-routes.adoc.po, 145, 152, 1944, 1972, 2%
l10n/po/pt_BR/content/versions/3.33/guides/reactive-routes.adoc.po, 145, 152, 1944, 1972, 2%
l10n/po/pt_BR/content/versions/3.34/guides/reactive-routes.adoc.po, 145, 152, 1944, 1972, 2%
l10n/po/pt_BR/content/versions/3.8/guides/jreleaser.adoc.po, 56, 71, 1944, 2047, 6%
l10n/po/pt_BR/content/versions/3.8/guides/reactive-routes.adoc.po, 145, 152, 1944, 1972, 2%
l10n/po/pt_BR/content/posts/2026-06-30-quarkus-insights-253-build-analytics.adoc.po, 98, 98, 1942, 1942, 0%
l10n/po/pt_BR/content/posts/2026/2026-06-30-quarkus-insights-253-build-analytics.adoc.po, 98, 98, 1942, 1942, 0%
l10n/po/pt_BR/content/versions/2.13/guides/rabbitmq-reference.adoc.po, 208, 224, 1939, 2094, 8%
l10n/po/pt_BR/content/versions/2.16/guides/opentelemetry.adoc.po, 136, 165, 1936, 2107, 9%
l10n/po/pt_BR/content/versions/2.13/guides/writing-extensions.adoc.po, 72, 544, 1935, 11399, 84%
l10n/po/pt_BR/content/versions/3.15/guides/smallrye-fault-tolerance.adoc.po, 82, 104, 1929, 2122, 10%
l10n/po/pt_BR/content/posts/2026-07-14-quarkus-insights-254-ddd-hexagonal-architecture-part2.adoc.po, 87, 87, 1925, 1925, 0%
l10n/po/pt_BR/content/posts/2026/2026-07-14-quarkus-insights-254-ddd-hexagonal-architecture-part2.adoc.po, 87, 87, 1925, 1925, 0%
l10n/po/pt_BR/content/guides/mutiny-primer.adoc.po, 125, 125, 1922, 1922, 0%
l10n/po/pt_BR/content/versions/2.13/guides/mutiny-primer.adoc.po, 126, 126, 1922, 1922, 0%
l10n/po/pt_BR/content/versions/3.15/guides/mutiny-primer.adoc.po, 125, 125, 1922, 1922, 0%
l10n/po/pt_BR/content/versions/3.20/guides/mutiny-primer.adoc.po, 125, 125, 1922, 1922, 0%
l10n/po/pt_BR/content/versions/3.27/guides/mutiny-primer.adoc.po, 125, 125, 1922, 1922, 0%
l10n/po/pt_BR/content/versions/3.33/guides/mutiny-primer.adoc.po, 125, 125, 1922, 1922, 0%
l10n/po/pt_BR/content/versions/3.34/guides/mutiny-primer.adoc.po, 125, 125, 1922, 1922, 0%
l10n/po/pt_BR/content/versions/main/guides/mutiny-primer.adoc.po, 125, 125, 1922, 1922, 0%
l10n/po/pt_BR/content/versions/3.2/guides/security-authorize-web-endpoints-reference.adoc.po, 107, 112, 1921, 1931, 1%
l10n/po/pt_BR/content/guides/signals.adoc.po, 139, 147, 1919, 1950, 2%
l10n/po/pt_BR/content/versions/2.16/guides/mutiny-primer.adoc.po, 125, 125, 1919, 1919, 0%
l10n/po/pt_BR/content/versions/3.2/guides/mutiny-primer.adoc.po, 125, 125, 1919, 1919, 0%
l10n/po/pt_BR/content/versions/3.8/guides/mutiny-primer.adoc.po, 125, 125, 1919, 1919, 0%
l10n/po/pt_BR/content/versions/3.15/guides/grpc-service-implementation.adoc.po, 190, 266, 1912, 2884, 34%
l10n/po/pt_BR/content/guides/centralized-log-management.adoc.po, 156, 181, 1911, 2056, 8%
l10n/po/pt_BR/content/versions/3.27/guides/centralized-log-management.adoc.po, 156, 181, 1911, 2056, 8%
l10n/po/pt_BR/content/versions/3.33/guides/centralized-log-management.adoc.po, 156, 181, 1911, 2056, 8%
l10n/po/pt_BR/content/versions/3.34/guides/centralized-log-management.adoc.po, 156, 181, 1911, 2056, 8%
l10n/po/pt_BR/content/versions/main/guides/centralized-log-management.adoc.po, 156, 181, 1911, 2056, 8%
l10n/po/pt_BR/content/versions/3.20/guides/centralized-log-management.adoc.po, 155, 181, 1910, 2056, 8%
l10n/po/pt_BR/content/versions/3.27/guides/writing-extensions.adoc.po, 86, 585, 1908, 11731, 84%
l10n/po/pt_BR/content/posts/2026-05-04-semeru-scc.adoc.po, 125, 125, 1907, 1907, 0%
l10n/po/pt_BR/content/posts/2026/2026-05-04-semeru-scc.adoc.po, 125, 125, 1907, 1907, 0%
l10n/po/pt_BR/content/versions/3.8/guides/scheduler-reference.adoc.po, 107, 119, 1894, 1983, 5%
l10n/po/pt_BR/content/versions/2.13/guides/opentelemetry.adoc.po, 128, 157, 1893, 2064, 9%
l10n/po/pt_BR/content/versions/2.13/guides/reactive-routes.adoc.po, 143, 150, 1891, 1919, 2%
l10n/po/pt_BR/content/versions/2.16/guides/reactive-routes.adoc.po, 143, 150, 1891, 1919, 2%
l10n/po/pt_BR/content/versions/3.2/guides/reactive-routes.adoc.po, 143, 150, 1891, 1919, 2%
l10n/po/pt_BR/content/posts/2022-05-31-banco-do-brasil-open-banking-user-story.adoc.po, 80, 81, 1885, 1886, 1%
l10n/po/pt_BR/content/posts/2022/2022-05-31-banco-do-brasil-open-banking-user-story.adoc.po, 80, 81, 1885, 1886, 1%
l10n/po/pt_BR/content/guides/doc-contribute-docs-howto.adoc.po, 122, 124, 1876, 1902, 2%
l10n/po/pt_BR/content/versions/main/guides/doc-contribute-docs-howto.adoc.po, 122, 124, 1876, 1902, 2%
l10n/po/pt_BR/content/guides/kafka-schema-registry-avro.adoc.po, 108, 135, 1868, 2080, 11%
l10n/po/pt_BR/content/versions/main/guides/kafka-schema-registry-avro.adoc.po, 108, 135, 1868, 2080, 11%
l10n/po/pt_BR/content/guides/rabbitmq-dev-services.adoc.po, 138, 146, 1859, 1872, 1%
l10n/po/pt_BR/content/versions/3.27/guides/rabbitmq-dev-services.adoc.po, 138, 146, 1859, 1872, 1%
l10n/po/pt_BR/content/versions/3.33/guides/rabbitmq-dev-services.adoc.po, 138, 146, 1859, 1872, 1%
l10n/po/pt_BR/content/versions/3.34/guides/rabbitmq-dev-services.adoc.po, 138, 146, 1859, 1872, 1%
l10n/po/pt_BR/content/versions/main/guides/rabbitmq-dev-services.adoc.po, 138, 146, 1859, 1872, 1%
l10n/po/pt_BR/content/versions/3.20/guides/rabbitmq-dev-services.adoc.po, 137, 146, 1858, 1872, 1%
l10n/po/pt_BR/content/versions/3.27/guides/opentelemetry-tracing.adoc.po, 138, 169, 1852, 2066, 11%
l10n/po/pt_BR/content/versions/3.20/guides/opentelemetry-tracing.adoc.po, 138, 169, 1850, 2064, 11%
l10n/po/pt_BR/content/versions/3.20/guides/transaction.adoc.po, 52, 106, 1849, 2474, 26%
l10n/po/pt_BR/content/versions/3.34/guides/transaction.adoc.po, 52, 106, 1849, 2474, 26%
l10n/po/pt_BR/content/versions/3.27/guides/transaction.adoc.po, 52, 106, 1848, 2473, 26%
l10n/po/pt_BR/content/versions/3.33/guides/transaction.adoc.po, 52, 106, 1848, 2473, 26%
l10n/po/pt_BR/content/versions/main/guides/grpc-service-consumption.adoc.po, 169, 236, 1848, 2629, 30%
l10n/po/pt_BR/content/posts/2023-06-23-quarkus-cli.adoc.po, 88, 88, 1834, 1834, 0%
l10n/po/pt_BR/content/posts/2023/2023-06-23-quarkus-cli.adoc.po, 88, 88, 1834, 1834, 0%
l10n/po/pt_BR/content/versions/3.2/guides/security-openid-connect-multitenancy.adoc.po, 98, 126, 1833, 2047, 11%
l10n/po/pt_BR/content/versions/3.20/guides/writing-extensions.adoc.po, 83, 585, 1827, 11766, 85%
l10n/po/pt_BR/content/versions/2.16/guides/databases-dev-services.adoc.po, 124, 130, 1826, 1833, 1%
l10n/po/pt_BR/content/versions/3.15/guides/rest-client.adoc.po, 84, 299, 1825, 5117, 65%
l10n/po/pt_BR/content/versions/3.27/guides/qute.adoc.po, 101, 175, 1818, 2940, 39%
l10n/po/pt_BR/content/versions/2.13/guides/quartz.adoc.po, 152, 190, 1814, 2051, 12%
l10n/po/pt_BR/content/posts/2020-05-06-sedona-rewrites-insurance-premium.adoc.po, 50, 50, 1811, 1811, 0%
l10n/po/pt_BR/content/posts/2020/2020-05-06-sedona-rewrites-insurance-premium.adoc.po, 50, 50, 1811, 1811, 0%
l10n/po/pt_BR/content/versions/main/guides/quarkus-data-hibernate-getting-started.adoc.po, 77, 98, 1811, 1934, 7%
l10n/po/pt_BR/content/versions/3.2/guides/scheduler-reference.adoc.po, 106, 119, 1796, 1901, 6%
l10n/po/pt_BR/content/versions/3.15/guides/transaction.adoc.po, 50, 104, 1788, 2413, 26%
l10n/po/pt_BR/content/versions/3.8/guides/transaction.adoc.po, 50, 104, 1788, 2413, 26%
l10n/po/pt_BR/content/posts/2026-06-23-mmaler-blogpost-3-quarkus-unpacked-foojay-podcast.adoc.po, 62, 63, 1787, 1790, 1%
l10n/po/pt_BR/content/posts/2026/2026-06-23-mmaler-blogpost-3-quarkus-unpacked-foojay-podcast.adoc.po, 62, 63, 1787, 1790, 1%
l10n/po/pt_BR/content/versions/main/guides/observability-devservices-lgtm.adoc.po, 157, 161, 1778, 1784, 1%
l10n/po/pt_BR/content/versions/3.20/guides/jfr.adoc.po, 92, 118, 1776, 1938, 9%
l10n/po/pt_BR/content/versions/2.13/guides/virtual-threads.adoc.po, 61, 77, 1774, 1888, 7%
l10n/po/pt_BR/content/versions/2.16/guides/virtual-threads.adoc.po, 61, 77, 1774, 1888, 7%
l10n/po/pt_BR/content/versions/3.2/guides/virtual-threads.adoc.po, 61, 77, 1774, 1888, 7%
l10n/po/pt_BR/content/versions/3.2/guides/transaction.adoc.po, 49, 104, 1772, 2413, 27%
l10n/po/pt_BR/content/posts/2023-11-08-mandrel-23-1-image-size-increase.md.po, 89, 91, 1769, 1771, 1%
l10n/po/pt_BR/content/posts/2023/2023-11-08-mandrel-23-1-image-size-increase.md.po, 89, 91, 1769, 1771, 1%
l10n/po/pt_BR/content/versions/2.13/guides/elasticsearch.adoc.po, 126, 163, 1763, 2036, 14%
l10n/po/pt_BR/content/versions/2.16/guides/elasticsearch.adoc.po, 126, 163, 1763, 2036, 14%
l10n/po/pt_BR/content/versions/3.15/guides/opentelemetry-tracing.adoc.po, 136, 166, 1758, 1971, 11%
l10n/po/pt_BR/content/posts/2025-04-28-secure-mcp-sse-server.adoc.po, 98, 100, 1753, 1755, 1%
l10n/po/pt_BR/content/posts/2025/2025-04-28-secure-mcp-sse-server.adoc.po, 98, 100, 1753, 1755, 1%
l10n/po/pt_BR/content/versions/3.15/guides/jfr.adoc.po, 91, 117, 1753, 1915, 9%
l10n/po/pt_BR/content/guides/security-csrf-prevention.adoc.po, 114, 139, 1748, 1937, 10%
l10n/po/pt_BR/content/versions/3.33/guides/security-csrf-prevention.adoc.po, 114, 139, 1748, 1937, 10%
l10n/po/pt_BR/content/versions/3.34/guides/security-csrf-prevention.adoc.po, 114, 139, 1748, 1937, 10%
l10n/po/pt_BR/content/versions/main/guides/security-csrf-prevention.adoc.po, 114, 139, 1748, 1937, 10%
l10n/po/pt_BR/content/versions/3.8/guides/grpc-service-implementation.adoc.po, 180, 256, 1744, 2716, 36%
l10n/po/pt_BR/content/versions/3.15/guides/centralized-log-management.adoc.po, 146, 172, 1743, 1889, 8%
l10n/po/pt_BR/content/guides/azure-functions-http.adoc.po, 138, 163, 1735, 1898, 9%
l10n/po/pt_BR/content/versions/2.13/guides/kubernetes-client.adoc.po, 151, 161, 1735, 1754, 2%
l10n/po/pt_BR/content/versions/3.33/guides/azure-functions-http.adoc.po, 138, 163, 1735, 1898, 9%
l10n/po/pt_BR/content/versions/3.34/guides/azure-functions-http.adoc.po, 138, 163, 1735, 1898, 9%
l10n/po/pt_BR/content/versions/main/guides/azure-functions-http.adoc.po, 138, 163, 1735, 1898, 9%
l10n/po/pt_BR/content/versions/main/guides/extension-codestart.adoc.po, 136, 141, 1733, 1739, 1%
l10n/po/pt_BR/content/posts/2020-10-05-contributing-for-the-first-time.adoc.po, 75, 77, 1732, 1734, 1%
l10n/po/pt_BR/content/posts/2020/2020-10-05-contributing-for-the-first-time.adoc.po, 75, 77, 1732, 1734, 1%
l10n/po/pt_BR/content/guides/elasticsearch-dev-services.adoc.po, 94, 101, 1726, 1737, 1%
l10n/po/pt_BR/content/versions/3.27/guides/elasticsearch-dev-services.adoc.po, 94, 101, 1726, 1737, 1%
l10n/po/pt_BR/content/versions/3.33/guides/elasticsearch-dev-services.adoc.po, 94, 101, 1726, 1737, 1%
l10n/po/pt_BR/content/versions/3.34/guides/elasticsearch-dev-services.adoc.po, 94, 101, 1726, 1737, 1%
l10n/po/pt_BR/content/versions/main/guides/elasticsearch-dev-services.adoc.po, 94, 101, 1726, 1737, 1%
l10n/po/pt_BR/content/versions/3.20/guides/elasticsearch-dev-services.adoc.po, 93, 101, 1725, 1737, 1%
l10n/po/pt_BR/content/versions/3.15/guides/liquibase.adoc.po, 166, 184, 1716, 1834, 7%
l10n/po/pt_BR/content/posts/2026-05-22-introducing-voting-pattern.adoc.po, 46, 46, 1711, 1711, 0%
l10n/po/pt_BR/content/posts/2026/2026-05-22-introducing-voting-pattern.adoc.po, 46, 46, 1711, 1711, 0%
l10n/po/pt_BR/content/versions/3.33/guides/kafka-schema-registry-avro.adoc.po, 100, 127, 1711, 1923, 12%
l10n/po/pt_BR/content/versions/3.34/guides/kafka-schema-registry-avro.adoc.po, 100, 127, 1711, 1923, 12%
l10n/po/pt_BR/content/posts/2025-11-12-agentic-ai-patterns.adoc.po, 30, 30, 1708, 1708, 0%
l10n/po/pt_BR/content/posts/2025/2025-11-12-agentic-ai-patterns.adoc.po, 30, 30, 1708, 1708, 0%
l10n/po/pt_BR/content/versions/3.15/guides/elasticsearch-dev-services.adoc.po, 93, 101, 1707, 1719, 1%
l10n/po/pt_BR/content/versions/main/guides/opentelemetry-metrics.adoc.po, 166, 194, 1703, 1914, 12%
l10n/po/pt_BR/content/guides/azure-functions.adoc.po, 137, 162, 1701, 1864, 9%
l10n/po/pt_BR/content/versions/3.33/guides/azure-functions.adoc.po, 137, 162, 1701, 1864, 9%
l10n/po/pt_BR/content/versions/3.34/guides/azure-functions.adoc.po, 137, 162, 1701, 1864, 9%
l10n/po/pt_BR/content/versions/main/guides/azure-functions.adoc.po, 137, 162, 1701, 1864, 9%
l10n/po/pt_BR/content/versions/3.8/guides/centralized-log-management.adoc.po, 146, 172, 1700, 1846, 8%
l10n/po/pt_BR/content/guides/extension-codestart.adoc.po, 135, 140, 1698, 1704, 1%
l10n/po/pt_BR/content/versions/3.33/guides/extension-codestart.adoc.po, 135, 140, 1698, 1704, 1%
l10n/po/pt_BR/content/versions/3.20/guides/extension-codestart.adoc.po, 135, 140, 1697, 1703, 1%
l10n/po/pt_BR/content/versions/3.27/guides/extension-codestart.adoc.po, 135, 140, 1697, 1703, 1%
l10n/po/pt_BR/content/versions/3.34/guides/extension-codestart.adoc.po, 135, 140, 1697, 1703, 1%
l10n/po/pt_BR/content/versions/3.8/guides/elasticsearch-dev-services.adoc.po, 93, 101, 1689, 1701, 1%
l10n/po/pt_BR/content/posts/2020-03-16-ennovativesolutions-uses-quarkus-with-aws-lambda.adoc.po, 58, 58, 1685, 1685, 0%
l10n/po/pt_BR/content/posts/2020/2020-03-16-ennovativesolutions-uses-quarkus-with-aws-lambda.adoc.po, 58, 58, 1685, 1685, 0%
l10n/po/pt_BR/content/versions/2.13/guides/kafka.adoc.po, 136, 689, 1682, 11724, 86%
l10n/po/pt_BR/content/posts/2026-08-03-quarkus-insights-255-faster-leaner-predictable-quarkus.adoc.po, 49, 49, 1670, 1670, 0%
l10n/po/pt_BR/content/posts/2026/2026-08-03-quarkus-insights-255-faster-leaner-predictable-quarkus.adoc.po, 49, 49, 1670, 1670, 0%
l10n/po/pt_BR/content/versions/2.16/guides/security-jwt-build.adoc.po, 109, 113, 1669, 1673, 1%
l10n/po/pt_BR/content/versions/2.13/guides/opentracing.adoc.po, 141, 175, 1668, 1891, 12%
l10n/po/pt_BR/content/versions/2.13/guides/security-jwt-build.adoc.po, 109, 113, 1668, 1672, 1%
l10n/po/pt_BR/content/versions/2.16/guides/opentracing.adoc.po, 141, 175, 1668, 1891, 12%
l10n/po/pt_BR/content/guides/security-openid-connect-client.adoc.po, 109, 136, 1663, 1855, 11%
l10n/po/pt_BR/content/versions/3.33/guides/security-openid-connect-client.adoc.po, 109, 136, 1663, 1855, 11%
l10n/po/pt_BR/content/versions/main/guides/security-openid-connect-client.adoc.po, 109, 136, 1663, 1855, 11%
l10n/po/pt_BR/content/posts/2026/2026-09-14-quarkus-insights-259-reshapr.adoc.po, 54, 55, 1661, 1662, 1%
l10n/po/pt_BR/content/versions/main/guides/kubernetes-config.adoc.po, 90, 97, 1660, 1676, 1%
l10n/po/pt_BR/content/guides/quarkus-reactive-architecture.adoc.po, 65, 66, 1659, 1660, 1%
l10n/po/pt_BR/content/guides/security-jwt-build.adoc.po, 128, 134, 1659, 1670, 1%
l10n/po/pt_BR/content/versions/3.20/guides/security-jwt-build.adoc.po, 128, 134, 1659, 1670, 1%
l10n/po/pt_BR/content/versions/3.27/guides/security-jwt-build.adoc.po, 128, 134, 1659, 1670, 1%
l10n/po/pt_BR/content/versions/3.33/guides/security-jwt-build.adoc.po, 128, 134, 1659, 1670, 1%
l10n/po/pt_BR/content/versions/3.34/guides/security-jwt-build.adoc.po, 128, 134, 1659, 1670, 1%
l10n/po/pt_BR/content/versions/main/guides/quarkus-reactive-architecture.adoc.po, 65, 66, 1659, 1660, 1%
l10n/po/pt_BR/content/versions/main/guides/security-jwt-build.adoc.po, 128, 134, 1659, 1670, 1%
l10n/po/pt_BR/content/versions/3.15/guides/security-jwt-build.adoc.po, 107, 113, 1656, 1667, 1%
l10n/po/pt_BR/content/versions/3.2/guides/security-jwt-build.adoc.po, 107, 113, 1656, 1667, 1%
l10n/po/pt_BR/content/versions/3.33/guides/cyclonedx.adoc.po, 87, 93, 1656, 1663, 1%
l10n/po/pt_BR/content/versions/3.33/guides/quarkus-reactive-architecture.adoc.po, 64, 66, 1656, 1660, 1%
l10n/po/pt_BR/content/versions/3.8/guides/security-jwt-build.adoc.po, 107, 113, 1656, 1667, 1%
l10n/po/pt_BR/content/guides/rest-data-panache.adoc.po, 110, 113, 1649, 1653, 1%
l10n/po/pt_BR/content/versions/3.33/guides/rest-data-panache.adoc.po, 110, 113, 1649, 1653, 1%
l10n/po/pt_BR/content/versions/3.34/guides/rest-data-panache.adoc.po, 110, 113, 1649, 1653, 1%
l10n/po/pt_BR/content/versions/main/guides/rest-data-panache.adoc.po, 110, 113, 1649, 1653, 1%
l10n/po/pt_BR/content/posts/2026-06-23-quarkus-insights-252-performance-engineering-lessons.adoc.po, 60, 60, 1646, 1646, 0%
l10n/po/pt_BR/content/posts/2026/2026-06-23-quarkus-insights-252-performance-engineering-lessons.adoc.po, 60, 60, 1646, 1646, 0%
l10n/po/pt_BR/content/guides/opentelemetry-metrics.adoc.po, 161, 191, 1644, 1871, 13%
l10n/po/pt_BR/content/versions/3.15/guides/quarkus-reactive-architecture.adoc.po, 63, 65, 1642, 1646, 1%
l10n/po/pt_BR/content/versions/3.20/guides/quarkus-reactive-architecture.adoc.po, 63, 65, 1642, 1646, 1%
l10n/po/pt_BR/content/versions/3.27/guides/quarkus-reactive-architecture.adoc.po, 63, 65, 1642, 1646, 1%
l10n/po/pt_BR/content/versions/3.34/guides/quarkus-reactive-architecture.adoc.po, 63, 65, 1642, 1646, 1%
l10n/po/pt_BR/content/versions/main/guides/extension-metadata.adoc.po, 82, 83, 1642, 1643, 1%
l10n/po/pt_BR/content/versions/3.2/guides/quarkus-reactive-architecture.adoc.po, 63, 65, 1640, 1644, 1%
l10n/po/pt_BR/content/versions/3.8/guides/quarkus-reactive-architecture.adoc.po, 63, 65, 1640, 1644, 1%
l10n/po/pt_BR/content/versions/2.13/guides/quarkus-reactive-architecture.adoc.po, 63, 65, 1639, 1643, 1%
l10n/po/pt_BR/content/versions/2.16/guides/quarkus-reactive-architecture.adoc.po, 63, 65, 1639, 1643, 1%
l10n/po/pt_BR/content/posts/2023-07-12-on-the-road-to-cdi-compatibility.adoc.po, 36, 36, 1637, 1637, 0%
l10n/po/pt_BR/content/posts/2023/2023-07-12-on-the-road-to-cdi-compatibility.adoc.po, 36, 36, 1637, 1637, 0%
l10n/po/pt_BR/content/versions/2.13/guides/doc-reference.adoc.po, 194, 197, 1635, 1638, 1%
l10n/po/pt_BR/content/versions/3.33/guides/kafka-dev-services.adoc.po, 91, 117, 1633, 1834, 11%
l10n/po/pt_BR/content/versions/3.34/guides/kafka-dev-services.adoc.po, 91, 117, 1633, 1834, 11%
l10n/po/pt_BR/content/versions/3.27/guides/rest-data-panache.adoc.po, 108, 111, 1628, 1632, 1%
l10n/po/pt_BR/content/guides/tests-with-coverage.adoc.po, 123, 149, 1623, 1766, 9%
l10n/po/pt_BR/content/versions/3.27/guides/security-csrf-prevention.adoc.po, 109, 134, 1623, 1812, 11%
l10n/po/pt_BR/content/versions/3.33/guides/tests-with-coverage.adoc.po, 123, 149, 1623, 1766, 9%
l10n/po/pt_BR/content/versions/3.34/guides/tests-with-coverage.adoc.po, 123, 149, 1623, 1766, 9%
l10n/po/pt_BR/content/versions/main/guides/tests-with-coverage.adoc.po, 123, 149, 1623, 1766, 9%
l10n/po/pt_BR/content/versions/3.20/guides/security-csrf-prevention.adoc.po, 108, 134, 1622, 1812, 11%
l10n/po/pt_BR/content/versions/3.33/guides/opentelemetry-metrics.adoc.po, 159, 189, 1618, 1845, 13%
l10n/po/pt_BR/content/versions/3.34/guides/opentelemetry-metrics.adoc.po, 159, 189, 1618, 1845, 13%
l10n/po/pt_BR/content/versions/3.20/guides/qute.adoc.po, 93, 168, 1614, 2723, 41%
l10n/po/pt_BR/content/posts/2026-01-05-new-dev-services-api.adoc.po, 63, 65, 1611, 1613, 1%
l10n/po/pt_BR/content/posts/2026/2026-01-05-new-dev-services-api.adoc.po, 63, 65, 1611, 1613, 1%
l10n/po/pt_BR/content/versions/3.27/guides/opentelemetry-metrics.adoc.po, 159, 189, 1610, 1837, 13%
l10n/po/pt_BR/content/posts/2026-03-24-quarkus-polaris.adoc.po, 60, 60, 1607, 1607, 0%
l10n/po/pt_BR/content/posts/2026/2026-03-24-quarkus-polaris.adoc.po, 60, 60, 1607, 1607, 0%
l10n/po/pt_BR/content/posts/2024-04-22-ship-cars-leverages-quarkus-to-reach-its-goals.adoc.po, 50, 50, 1605, 1605, 0%
l10n/po/pt_BR/content/posts/2024/2024-04-22-ship-cars-leverages-quarkus-to-reach-its-goals.adoc.po, 50, 50, 1605, 1605, 0%
l10n/po/pt_BR/content/guides/kafka-dev-services.adoc.po, 92, 117, 1604, 1799, 11%
l10n/po/pt_BR/content/versions/2.13/guides/databases-dev-services.adoc.po, 114, 120, 1604, 1611, 1%
l10n/po/pt_BR/content/versions/main/guides/kafka-dev-services.adoc.po, 92, 117, 1604, 1799, 11%
l10n/po/pt_BR/content/versions/3.2/guides/extension-codestart.adoc.po, 127, 132, 1603, 1609, 1%
l10n/po/pt_BR/content/versions/main/guides/cdi-integration.adoc.po, 52, 157, 1600, 2830, 44%
l10n/po/pt_BR/content/posts/2021-03-04-path-resolution-in-quarkus.adoc.po, 80, 81, 1599, 1600, 1%
l10n/po/pt_BR/content/posts/2021/2021-03-04-path-resolution-in-quarkus.adoc.po, 80, 81, 1599, 1600, 1%
l10n/po/pt_BR/content/guides/extension-metadata.adoc.po, 84, 85, 1597, 1598, 1%
l10n/po/pt_BR/content/versions/3.15/guides/extension-codestart.adoc.po, 127, 132, 1595, 1601, 1%
l10n/po/pt_BR/content/versions/3.15/guides/security-csrf-prevention.adoc.po, 108, 134, 1595, 1785, 11%
l10n/po/pt_BR/_data/versioned/2-16/index/quarkus.yaml.po, 168, 882, 1591, 4382, 64%
l10n/po/pt_BR/content/versions/2.16/guides/extension-codestart.adoc.po, 127, 132, 1591, 1597, 1%
l10n/po/pt_BR/content/versions/3.8/guides/extension-codestart.adoc.po, 127, 132, 1591, 1597, 1%
l10n/po/pt_BR/content/versions/3.15/guides/qute.adoc.po, 92, 167, 1588, 2701, 42%
l10n/po/pt_BR/content/versions/3.2/guides/opentracing.adoc.po, 138, 180, 1587, 1925, 18%
l10n/po/pt_BR/content/posts/2019-11-13-vodafone-greece-replaces-spring-boot.adoc.po, 33, 35, 1586, 1588, 1%
l10n/po/pt_BR/content/posts/2019/2019-11-13-vodafone-greece-replaces-spring-boot.adoc.po, 33, 35, 1586, 1588, 1%
l10n/po/pt_BR/content/versions/2.16/guides/scheduler-reference.adoc.po, 92, 98, 1584, 1591, 1%
l10n/po/pt_BR/content/guides/blaze-persistence.adoc.po, 62, 71, 1582, 1612, 2%
l10n/po/pt_BR/content/versions/3.15/guides/blaze-persistence.adoc.po, 62, 71, 1582, 1612, 2%
l10n/po/pt_BR/content/versions/3.2/guides/blaze-persistence.adoc.po, 62, 71, 1582, 1612, 2%
l10n/po/pt_BR/content/versions/3.20/guides/blaze-persistence.adoc.po, 62, 71, 1582, 1612, 2%
l10n/po/pt_BR/content/versions/3.27/guides/blaze-persistence.adoc.po, 62, 71, 1582, 1612, 2%
l10n/po/pt_BR/content/versions/3.33/guides/blaze-persistence.adoc.po, 62, 71, 1582, 1612, 2%
l10n/po/pt_BR/content/versions/3.34/guides/blaze-persistence.adoc.po, 62, 71, 1582, 1612, 2%
l10n/po/pt_BR/content/versions/3.8/guides/blaze-persistence.adoc.po, 62, 71, 1582, 1612, 2%
l10n/po/pt_BR/content/versions/main/guides/blaze-persistence.adoc.po, 62, 71, 1582, 1612, 2%
l10n/po/pt_BR/content/versions/main/guides/security-cors.adoc.po, 94, 106, 1580, 1672, 6%
l10n/po/pt_BR/content/guides/performance-measure.adoc.po, 110, 115, 1578, 1585, 1%
l10n/po/pt_BR/content/versions/main/guides/performance-measure.adoc.po, 110, 115, 1578, 1585, 1%
l10n/po/pt_BR/content/guides/proxy-registry.adoc.po, 144, 159, 1577, 1685, 7%
l10n/po/pt_BR/content/guides/security-oauth2.adoc.po, 104, 134, 1577, 1812, 13%
l10n/po/pt_BR/content/versions/3.27/guides/security-oauth2.adoc.po, 104, 134, 1577, 1812, 13%
l10n/po/pt_BR/content/versions/3.33/guides/security-oauth2.adoc.po, 104, 134, 1577, 1812, 13%
l10n/po/pt_BR/content/versions/3.34/guides/security-oauth2.adoc.po, 104, 134, 1577, 1812, 13%
l10n/po/pt_BR/content/versions/main/guides/proxy-registry.adoc.po, 144, 159, 1577, 1685, 7%
l10n/po/pt_BR/content/versions/main/guides/security-oauth2.adoc.po, 104, 134, 1577, 1812, 13%
l10n/po/pt_BR/content/versions/3.2/guides/kafka.adoc.po, 140, 728, 1576, 12784, 88%
l10n/po/pt_BR/content/versions/3.2/guides/rest-data-panache.adoc.po, 102, 105, 1575, 1579, 1%
l10n/po/pt_BR/content/versions/3.8/guides/rest-data-panache.adoc.po, 102, 105, 1574, 1578, 1%
l10n/po/pt_BR/content/versions/3.27/guides/kafka-dev-services.adoc.po, 87, 113, 1570, 1771, 12%
l10n/po/pt_BR/content/versions/main/guides/testing-components.adoc.po, 73, 75, 1568, 1570, 1%
l10n/po/pt_BR/content/posts/2026-08-17-quarkus-insights-257-optimizing-java-workloads-on-openshift-kubernetes.adoc.po, 59, 59, 1564, 1564, 0%
l10n/po/pt_BR/content/posts/2026/2026-08-17-quarkus-insights-257-optimizing-java-workloads-on-openshift-kubernetes.adoc.po, 59, 59, 1564, 1564, 0%
l10n/po/pt_BR/content/versions/3.8/guides/security-csrf-prevention.adoc.po, 108, 134, 1564, 1754, 11%
l10n/po/pt_BR/content/posts/2025-11-27-mmaler-blogpost-2-quarkus-runtime-and-framework-for-cloud-native-java.adoc.po, 75, 76, 1563, 1564, 1%
l10n/po/pt_BR/content/posts/2025/2025-11-27-mmaler-blogpost-2-quarkus-runtime-and-framework-for-cloud-native-java.adoc.po, 75, 76, 1563, 1564, 1%
l10n/po/pt_BR/content/versions/2.13/guides/centralized-log-management.adoc.po, 135, 157, 1561, 1661, 7%
l10n/po/pt_BR/content/versions/2.16/guides/centralized-log-management.adoc.po, 135, 157, 1561, 1661, 7%
l10n/po/pt_BR/content/versions/2.13/guides/blaze-persistence.adoc.po, 59, 68, 1560, 1590, 2%
l10n/po/pt_BR/content/versions/2.16/guides/blaze-persistence.adoc.po, 59, 68, 1560, 1590, 2%
l10n/po/pt_BR/content/versions/3.15/guides/rest-data-panache.adoc.po, 105, 108, 1559, 1563, 1%
l10n/po/pt_BR/content/versions/3.20/guides/rest-data-panache.adoc.po, 105, 108, 1559, 1563, 1%
l10n/po/pt_BR/content/versions/2.13/guides/smallrye-fault-tolerance.adoc.po, 71, 89, 1545, 1692, 9%
l10n/po/pt_BR/content/versions/2.16/guides/smallrye-fault-tolerance.adoc.po, 71, 89, 1545, 1692, 9%
l10n/po/pt_BR/content/posts/2019-07-08-runtime-performance.adoc.po, 214, 217, 1543, 1546, 1%
l10n/po/pt_BR/content/posts/2019/2019-07-08-runtime-performance.adoc.po, 214, 217, 1543, 1546, 1%
l10n/po/pt_BR/content/versions/3.2/guides/centralized-log-management.adoc.po, 134, 157, 1541, 1658, 8%
l10n/po/pt_BR/content/versions/3.33/guides/proxy-registry.adoc.po, 143, 156, 1534, 1626, 6%
l10n/po/pt_BR/content/versions/3.34/guides/proxy-registry.adoc.po, 143, 156, 1534, 1626, 6%
l10n/po/pt_BR/content/guides/security-jdbc.adoc.po, 132, 169, 1533, 1763, 14%
l10n/po/pt_BR/content/versions/main/guides/security-jdbc.adoc.po, 132, 169, 1533, 1763, 14%
l10n/po/pt_BR/content/posts/2026-05-07-introducing-agent-mcp.adoc.po, 83, 83, 1530, 1530, 0%
l10n/po/pt_BR/content/posts/2026/2026-05-07-introducing-agent-mcp.adoc.po, 83, 83, 1530, 1530, 0%
l10n/po/pt_BR/content/versions/3.20/guides/security-jdbc.adoc.po, 131, 169, 1529, 1763, 14%
l10n/po/pt_BR/content/versions/3.27/guides/security-jdbc.adoc.po, 131, 169, 1529, 1763, 14%
l10n/po/pt_BR/content/versions/3.33/guides/security-jdbc.adoc.po, 131, 169, 1529, 1763, 14%
l10n/po/pt_BR/content/versions/3.34/guides/security-jdbc.adoc.po, 131, 169, 1529, 1763, 14%
l10n/po/pt_BR/content/versions/3.2/guides/smallrye-fault-tolerance.adoc.po, 70, 89, 1527, 1691, 10%
l10n/po/pt_BR/content/versions/3.8/guides/smallrye-fault-tolerance.adoc.po, 70, 92, 1527, 1720, 12%
l10n/po/pt_BR/content/versions/3.2/guides/elasticsearch.adoc.po, 125, 166, 1526, 1866, 19%
l10n/po/pt_BR/content/versions/3.8/guides/elasticsearch.adoc.po, 125, 168, 1525, 1878, 19%
l10n/po/pt_BR/content/versions/2.13/guides/kogito.adoc.po, 100, 124, 1524, 1693, 10%
l10n/po/pt_BR/content/versions/2.16/guides/kogito.adoc.po, 100, 124, 1524, 1693, 10%
l10n/po/pt_BR/content/versions/3.20/guides/kafka-dev-services.adoc.po, 83, 110, 1522, 1724, 12%
l10n/po/pt_BR/content/versions/2.13/guides/extension-codestart.adoc.po, 121, 124, 1520, 1524, 1%
l10n/po/pt_BR/content/versions/3.15/guides/security-openid-connect-client.adoc.po, 98, 125, 1520, 1712, 12%
l10n/po/pt_BR/content/versions/3.20/guides/security-openid-connect-client.adoc.po, 98, 125, 1520, 1712, 12%
l10n/po/pt_BR/content/versions/3.27/guides/security-openid-connect-client.adoc.po, 98, 125, 1520, 1712, 12%
l10n/po/pt_BR/content/versions/3.34/guides/security-openid-connect-client.adoc.po, 97, 124, 1514, 1706, 12%
l10n/po/pt_BR/content/guides/gcp-functions.adoc.po, 85, 105, 1508, 1643, 9%
l10n/po/pt_BR/content/posts/2020-04-21-io-thread-benchmark.adoc.po, 54, 54, 1508, 1508, 0%
l10n/po/pt_BR/content/posts/2020/2020-04-21-io-thread-benchmark.adoc.po, 54, 54, 1508, 1508, 0%
l10n/po/pt_BR/content/posts/2026-05-26-ai-skills-migration.adoc.po, 95, 95, 1508, 1508, 0%
l10n/po/pt_BR/content/posts/2026/2026-05-26-ai-skills-migration.adoc.po, 95, 95, 1508, 1508, 0%
l10n/po/pt_BR/content/versions/3.15/guides/gcp-functions.adoc.po, 85, 105, 1508, 1643, 9%
l10n/po/pt_BR/content/versions/3.20/guides/gcp-functions.adoc.po, 85, 105, 1508, 1643, 9%
l10n/po/pt_BR/content/versions/3.27/guides/gcp-functions.adoc.po, 85, 105, 1508, 1643, 9%
l10n/po/pt_BR/content/versions/3.33/guides/gcp-functions.adoc.po, 85, 105, 1508, 1643, 9%
l10n/po/pt_BR/content/versions/3.34/guides/gcp-functions.adoc.po, 85, 105, 1508, 1643, 9%
l10n/po/pt_BR/content/versions/3.8/guides/gcp-functions.adoc.po, 85, 105, 1508, 1643, 9%
l10n/po/pt_BR/content/versions/main/guides/gcp-functions.adoc.po, 85, 105, 1508, 1643, 9%
l10n/po/pt_BR/content/posts/2026-01-13-building-large-applications.adoc.po, 65, 65, 1502, 1502, 0%
l10n/po/pt_BR/content/posts/2026/2026-01-13-building-large-applications.adoc.po, 65, 65, 1502, 1502, 0%
l10n/po/pt_BR/content/versions/2.16/guides/gcp-functions.adoc.po, 85, 101, 1500, 1589, 6%
l10n/po/pt_BR/content/guides/kubernetes-config.adoc.po, 84, 91, 1497, 1513, 2%
l10n/po/pt_BR/content/versions/2.13/guides/scheduler-reference.adoc.po, 86, 92, 1497, 1504, 1%
l10n/po/pt_BR/content/versions/3.27/guides/extension-metadata.adoc.po, 78, 79, 1497, 1498, 1%
l10n/po/pt_BR/content/versions/3.27/guides/kubernetes-config.adoc.po, 84, 91, 1497, 1513, 2%
l10n/po/pt_BR/content/versions/3.33/guides/extension-metadata.adoc.po, 78, 79, 1497, 1498, 1%
l10n/po/pt_BR/content/versions/3.33/guides/kubernetes-config.adoc.po, 84, 91, 1497, 1513, 2%
l10n/po/pt_BR/content/versions/3.34/guides/extension-metadata.adoc.po, 78, 79, 1497, 1498, 1%
l10n/po/pt_BR/content/versions/3.34/guides/kubernetes-config.adoc.po, 84, 91, 1497, 1513, 2%
l10n/po/pt_BR/content/posts/2025-02-20-agentic-ai-with-quarkus-p2.adoc.po, 62, 62, 1494, 1494, 0%
l10n/po/pt_BR/content/posts/2025/2025-02-20-agentic-ai-with-quarkus-p2.adoc.po, 62, 62, 1494, 1494, 0%
l10n/po/pt_BR/content/versions/3.20/guides/kubernetes-config.adoc.po, 83, 91, 1493, 1510, 2%
l10n/po/pt_BR/content/guides/extension-registry-user.adoc.po, 85, 86, 1490, 1491, 1%
l10n/po/pt_BR/content/versions/main/guides/extension-registry-user.adoc.po, 85, 86, 1490, 1491, 1%
l10n/po/pt_BR/content/versions/2.16/guides/transaction.adoc.po, 39, 79, 1489, 1950, 24%
l10n/po/pt_BR/content/posts/2020-02-17-aviatar-experiences-significant-savings.adoc.po, 31, 31, 1488, 1488, 0%
l10n/po/pt_BR/content/posts/2020/2020-02-17-aviatar-experiences-significant-savings.adoc.po, 31, 31, 1488, 1488, 0%
l10n/po/pt_BR/content/versions/3.27/guides/extension-registry-user.adoc.po, 84, 86, 1487, 1491, 1%
l10n/po/pt_BR/content/versions/3.33/guides/extension-registry-user.adoc.po, 84, 86, 1487, 1491, 1%
l10n/po/pt_BR/content/versions/3.34/guides/extension-registry-user.adoc.po, 84, 86, 1487, 1491, 1%
l10n/po/pt_BR/content/posts/2021-12-02-logicdrop-automating-quarkus-with-gitlab.adoc.po, 110, 110, 1486, 1486, 0%
l10n/po/pt_BR/content/posts/2021/2021-12-02-logicdrop-automating-quarkus-with-gitlab.adoc.po, 110, 110, 1486, 1486, 0%
l10n/po/pt_BR/content/guides/packaging.adoc.po, 134, 136, 1484, 1490, 1%
l10n/po/pt_BR/content/versions/main/guides/packaging.adoc.po, 134, 136, 1484, 1490, 1%
l10n/po/pt_BR/content/versions/3.2/guides/gcp-functions.adoc.po, 84, 101, 1481, 1587, 7%
l10n/po/pt_BR/content/versions/3.20/guides/security-oauth2.adoc.po, 92, 117, 1478, 1632, 10%
l10n/po/pt_BR/content/versions/3.15/guides/security-jdbc.adoc.po, 131, 169, 1477, 1711, 14%
l10n/po/pt_BR/content/guides/security-cors.adoc.po, 91, 103, 1475, 1567, 6%
l10n/po/pt_BR/content/versions/3.15/guides/kubernetes-config.adoc.po, 83, 91, 1473, 1490, 2%
l10n/po/pt_BR/content/guides/security-customization.adoc.po, 74, 78, 1469, 1478, 1%
l10n/po/pt_BR/content/versions/main/guides/security-customization.adoc.po, 74, 78, 1469, 1478, 1%
l10n/po/pt_BR/content/versions/3.15/guides/security-oauth2.adoc.po, 92, 117, 1466, 1620, 10%
l10n/po/pt_BR/content/guides/duplicated-context.adoc.po, 68, 70, 1465, 1467, 1%
l10n/po/pt_BR/content/posts/2024-07-02-overriding-configuration-from-test-code.adoc.po, 61, 61, 1465, 1465, 0%
l10n/po/pt_BR/content/posts/2024/2024-07-02-overriding-configuration-from-test-code.adoc.po, 61, 61, 1465, 1465, 0%
l10n/po/pt_BR/content/posts/2026-06-08-hidden-cost-rootless-container-networking.adoc.po, 90, 91, 1465, 1466, 1%
l10n/po/pt_BR/content/posts/2026/2026-06-08-hidden-cost-rootless-container-networking.adoc.po, 90, 91, 1465, 1466, 1%
l10n/po/pt_BR/content/versions/3.15/guides/duplicated-context.adoc.po, 68, 70, 1465, 1467, 1%
l10n/po/pt_BR/content/versions/3.20/guides/duplicated-context.adoc.po, 68, 70, 1465, 1467, 1%
l10n/po/pt_BR/content/versions/3.27/guides/duplicated-context.adoc.po, 68, 70, 1465, 1467, 1%
l10n/po/pt_BR/content/versions/3.33/guides/duplicated-context.adoc.po, 68, 70, 1465, 1467, 1%
l10n/po/pt_BR/content/versions/3.34/guides/duplicated-context.adoc.po, 68, 70, 1465, 1467, 1%
l10n/po/pt_BR/content/versions/main/guides/duplicated-context.adoc.po, 68, 70, 1465, 1467, 1%
l10n/po/pt_BR/content/versions/3.8/guides/duplicated-context.adoc.po, 68, 70, 1464, 1466, 1%
l10n/po/pt_BR/content/versions/2.16/guides/security-csrf-prevention.adoc.po, 95, 109, 1462, 1518, 4%
l10n/po/pt_BR/content/versions/3.33/guides/security-customization.adoc.po, 73, 77, 1462, 1471, 1%
l10n/po/pt_BR/content/posts/2026-08-10-quarkus-insights-256-what-is-floci.adoc.po, 55, 55, 1457, 1457, 0%
l10n/po/pt_BR/content/posts/2026/2026-08-10-quarkus-insights-256-what-is-floci.adoc.po, 55, 55, 1457, 1457, 0%
l10n/po/pt_BR/content/guides/funqy-knative-events.adoc.po, 62, 72, 1455, 1500, 3%
l10n/po/pt_BR/content/versions/2.13/guides/funqy-knative-events.adoc.po, 62, 72, 1455, 1500, 3%
l10n/po/pt_BR/content/versions/2.16/guides/funqy-knative-events.adoc.po, 62, 72, 1455, 1500, 3%
l10n/po/pt_BR/content/versions/3.15/guides/funqy-knative-events.adoc.po, 62, 72, 1455, 1500, 3%
l10n/po/pt_BR/content/versions/3.2/guides/funqy-knative-events.adoc.po, 62, 72, 1455, 1500, 3%
l10n/po/pt_BR/content/versions/3.2/guides/security-oauth2.adoc.po, 92, 116, 1455, 1596, 9%
l10n/po/pt_BR/content/versions/3.20/guides/funqy-knative-events.adoc.po, 62, 72, 1455, 1500, 3%
l10n/po/pt_BR/content/versions/3.27/guides/funqy-knative-events.adoc.po, 62, 72, 1455, 1500, 3%
l10n/po/pt_BR/content/versions/3.33/guides/funqy-knative-events.adoc.po, 62, 72, 1455, 1500, 3%
l10n/po/pt_BR/content/versions/3.34/guides/funqy-knative-events.adoc.po, 62, 72, 1455, 1500, 3%
l10n/po/pt_BR/content/versions/3.8/guides/funqy-knative-events.adoc.po, 62, 72, 1455, 1500, 3%
l10n/po/pt_BR/content/versions/main/guides/funqy-knative-events.adoc.po, 62, 72, 1455, 1500, 3%
l10n/po/pt_BR/content/versions/3.8/guides/security-oauth2.adoc.po, 92, 117, 1454, 1608, 10%
l10n/po/pt_BR/content/versions/3.2/guides/kubernetes-config.adoc.po, 83, 91, 1453, 1470, 2%
l10n/po/pt_BR/content/versions/3.8/guides/kubernetes-config.adoc.po, 83, 91, 1453, 1470, 2%
l10n/po/pt_BR/content/posts/2020-12-08-resteasy-reactive.adoc.po, 55, 56, 1451, 1453, 1%
l10n/po/pt_BR/content/posts/2020/2020-12-08-resteasy-reactive.adoc.po, 55, 56, 1451, 1453, 1%
l10n/po/pt_BR/content/versions/2.16/guides/security-oauth2.adoc.po, 93, 116, 1451, 1591, 9%
l10n/po/pt_BR/content/versions/2.13/guides/security-oauth2.adoc.po, 93, 116, 1450, 1590, 9%
l10n/po/pt_BR/content/posts/2026-06-16-quarkus-insights-251-semeru-openj9.adoc.po, 104, 104, 1442, 1442, 0%
l10n/po/pt_BR/content/posts/2026/2026-06-16-quarkus-insights-251-semeru-openj9.adoc.po, 104, 104, 1442, 1442, 0%
l10n/po/pt_BR/content/posts/2024-08-01-search-standalone-mapper.adoc.po, 51, 51, 1440, 1440, 0%
l10n/po/pt_BR/content/posts/2024/2024-08-01-search-standalone-mapper.adoc.po, 51, 51, 1440, 1440, 0%
l10n/po/pt_BR/content/versions/3.8/guides/kafka-schema-registry-avro.adoc.po, 73, 100, 1439, 1651, 13%
l10n/po/pt_BR/content/versions/3.15/guides/kafka-schema-registry-avro.adoc.po, 73, 100, 1438, 1650, 13%
l10n/po/pt_BR/content/versions/3.20/guides/kafka-schema-registry-avro.adoc.po, 73, 100, 1438, 1650, 13%
l10n/po/pt_BR/content/versions/3.27/guides/kafka-schema-registry-avro.adoc.po, 73, 100, 1438, 1650, 13%
l10n/po/pt_BR/content/posts/2020-02-10-asiakastieto-chooses-quarkus-for-microservices.adoc.po, 31, 32, 1436, 1438, 1%
l10n/po/pt_BR/content/posts/2020/2020-02-10-asiakastieto-chooses-quarkus-for-microservices.adoc.po, 31, 32, 1436, 1438, 1%
l10n/po/pt_BR/content/guides/kubernetes-dev-services.adoc.po, 75, 86, 1434, 1532, 7%
l10n/po/pt_BR/content/versions/3.27/guides/kubernetes-dev-services.adoc.po, 75, 86, 1434, 1532, 7%
l10n/po/pt_BR/content/versions/3.33/guides/kubernetes-dev-services.adoc.po, 75, 86, 1434, 1532, 7%
l10n/po/pt_BR/content/versions/3.34/guides/kubernetes-dev-services.adoc.po, 75, 86, 1434, 1532, 7%
l10n/po/pt_BR/content/versions/main/guides/kubernetes-dev-services.adoc.po, 75, 86, 1434, 1532, 7%
l10n/po/pt_BR/content/versions/3.8/guides/kafka.adoc.po, 133, 784, 1432, 13729, 90%
l10n/po/pt_BR/content/versions/3.8/guides/qute.adoc.po, 82, 155, 1432, 2463, 42%
l10n/po/pt_BR/content/versions/2.13/guides/transaction.adoc.po, 40, 74, 1431, 1863, 24%
l10n/po/pt_BR/content/versions/3.15/guides/rest-json.adoc.po, 76, 111, 1431, 1743, 18%
l10n/po/pt_BR/content/versions/3.20/guides/rest-json.adoc.po, 76, 111, 1431, 1743, 18%
l10n/po/pt_BR/content/versions/3.27/guides/rest-json.adoc.po, 76, 111, 1431, 1743, 18%
l10n/po/pt_BR/content/versions/3.27/guides/tests-with-coverage.adoc.po, 105, 131, 1431, 1574, 10%
l10n/po/pt_BR/content/versions/3.33/guides/rest-json.adoc.po, 76, 111, 1431, 1743, 18%
l10n/po/pt_BR/content/versions/3.34/guides/rest-json.adoc.po, 76, 111, 1431, 1743, 18%
l10n/po/pt_BR/content/versions/3.20/guides/tests-with-coverage.adoc.po, 104, 131, 1430, 1574, 10%
l10n/po/pt_BR/content/versions/3.27/guides/security-customization.adoc.po, 72, 76, 1429, 1438, 1%
l10n/po/pt_BR/content/versions/3.34/guides/security-customization.adoc.po, 72, 76, 1429, 1438, 1%
l10n/po/pt_BR/content/posts/2024-08-28-quarkus-3-14-1-released.adoc.po, 85, 86, 1428, 1429, 1%
l10n/po/pt_BR/content/posts/2024/2024-08-28-quarkus-3-14-1-released.adoc.po, 85, 86, 1428, 1429, 1%
l10n/po/pt_BR/content/guides/rest-json.adoc.po, 75, 111, 1427, 1743, 19%
l10n/po/pt_BR/content/versions/main/guides/rest-json.adoc.po, 75, 111, 1427, 1743, 19%
l10n/po/pt_BR/content/versions/3.27/guides/platform.adoc.po, 60, 60, 1424, 1424, 0%
l10n/po/pt_BR/content/versions/3.33/guides/platform.adoc.po, 60, 60, 1424, 1424, 0%
l10n/po/pt_BR/content/versions/3.34/guides/platform.adoc.po, 60, 60, 1424, 1424, 0%
l10n/po/pt_BR/content/versions/3.2/guides/kafka-schema-registry-avro.adoc.po, 76, 100, 1423, 1606, 12%
l10n/po/pt_BR/content/guides/cdi-integration.adoc.po, 47, 152, 1421, 2651, 47%
l10n/po/pt_BR/content/versions/2.16/guides/kafka-schema-registry-avro.adoc.po, 74, 97, 1418, 1584, 11%
l10n/po/pt_BR/content/versions/3.33/guides/cdi-integration.adoc.po, 46, 152, 1418, 2651, 47%
l10n/po/pt_BR/content/versions/3.34/guides/cdi-integration.adoc.po, 46, 152, 1418, 2651, 47%
l10n/po/pt_BR/content/guides/kafka-schema-registry-json-schema.adoc.po, 85, 109, 1417, 1583, 11%
l10n/po/pt_BR/content/versions/main/guides/kafka-schema-registry-json-schema.adoc.po, 85, 109, 1417, 1583, 11%
l10n/po/pt_BR/content/guides/vertx.adoc.po, 87, 97, 1414, 1473, 5%
l10n/po/pt_BR/content/versions/3.15/guides/vertx.adoc.po, 87, 97, 1414, 1473, 5%
l10n/po/pt_BR/content/versions/3.20/guides/vertx.adoc.po, 87, 97, 1414, 1473, 5%
l10n/po/pt_BR/content/versions/3.27/guides/vertx.adoc.po, 87, 97, 1414, 1473, 5%
l10n/po/pt_BR/content/versions/3.33/guides/vertx.adoc.po, 87, 97, 1414, 1473, 5%
l10n/po/pt_BR/content/versions/3.34/guides/vertx.adoc.po, 87, 97, 1414, 1473, 5%
l10n/po/pt_BR/content/versions/3.8/guides/vertx.adoc.po, 87, 97, 1414, 1473, 5%
l10n/po/pt_BR/content/versions/main/guides/vertx.adoc.po, 87, 97, 1414, 1473, 5%
l10n/po/pt_BR/content/versions/3.15/guides/cyclonedx.adoc.po, 66, 67, 1411, 1412, 1%
l10n/po/pt_BR/content/versions/3.20/guides/cyclonedx.adoc.po, 66, 67, 1411, 1412, 1%
l10n/po/pt_BR/content/versions/3.27/guides/cyclonedx.adoc.po, 66, 67, 1411, 1412, 1%
l10n/po/pt_BR/content/versions/3.33/guides/kafka-schema-registry-json-schema.adoc.po, 85, 111, 1411, 1615, 13%
l10n/po/pt_BR/content/versions/3.34/guides/cyclonedx.adoc.po, 66, 67, 1411, 1412, 1%
l10n/po/pt_BR/content/versions/3.34/guides/kafka-schema-registry-json-schema.adoc.po, 85, 111, 1411, 1615, 13%
l10n/po/pt_BR/content/posts/2024-06-14-granite-rag.adoc.po, 66, 70, 1408, 1414, 1%
l10n/po/pt_BR/content/posts/2024/2024-06-14-granite-rag.adoc.po, 66, 70, 1408, 1414, 1%
l10n/po/pt_BR/content/versions/2.16/guides/rest-data-panache.adoc.po, 93, 96, 1408, 1412, 1%
l10n/po/pt_BR/content/versions/3.15/guides/tests-with-coverage.adoc.po, 104, 131, 1408, 1552, 10%
l10n/po/pt_BR/content/versions/2.13/guides/kafka-schema-registry-avro.adoc.po, 74, 97, 1406, 1572, 11%
l10n/po/pt_BR/content/posts/2026-02-19-k8s-style-CEL-with-quarkus-chicory.adoc.po, 89, 91, 1405, 1407, 1%
l10n/po/pt_BR/content/posts/2026/2026-02-19-k8s-style-CEL-with-quarkus-chicory.adoc.po, 89, 91, 1405, 1407, 1%
l10n/po/pt_BR/content/versions/3.2/guides/grpc-service-implementation.adoc.po, 149, 223, 1403, 2373, 41%
l10n/po/pt_BR/content/guides/agent-mcp.adoc.po, 103, 106, 1402, 1405, 1%
l10n/po/pt_BR/content/versions/main/guides/agent-mcp.adoc.po, 103, 106, 1402, 1405, 1%
l10n/po/pt_BR/content/guides/kotlin.adoc.po, 79, 102, 1401, 1555, 10%
l10n/po/pt_BR/content/versions/3.27/guides/kotlin.adoc.po, 79, 102, 1401, 1555, 10%
l10n/po/pt_BR/content/versions/3.33/guides/kotlin.adoc.po, 79, 102, 1401, 1555, 10%
l10n/po/pt_BR/content/versions/3.34/guides/kotlin.adoc.po, 79, 102, 1401, 1555, 10%
l10n/po/pt_BR/content/versions/main/guides/kotlin.adoc.po, 79, 102, 1401, 1555, 10%
l10n/po/pt_BR/content/versions/3.15/guides/kafka.adoc.po, 132, 792, 1400, 13930, 90%
l10n/po/pt_BR/content/posts/2020-11-03-kafka-commit-strategies.adoc.po, 42, 42, 1397, 1397, 0%
l10n/po/pt_BR/content/posts/2020/2020-11-03-kafka-commit-strategies.adoc.po, 42, 42, 1397, 1397, 0%
l10n/po/pt_BR/content/guides/spring-cloud-config-client.adoc.po, 123, 169, 1396, 1723, 19%
l10n/po/pt_BR/content/versions/main/guides/spring-cloud-config-client.adoc.po, 123, 169, 1396, 1723, 19%
l10n/po/pt_BR/content/versions/2.13/guides/rest-json.adoc.po, 75, 106, 1395, 1661, 17%
l10n/po/pt_BR/content/versions/2.16/guides/grpc-service-consumption.adoc.po, 143, 204, 1395, 2089, 34%
l10n/po/pt_BR/content/versions/2.16/guides/rest-json.adoc.po, 75, 106, 1395, 1661, 17%
l10n/po/pt_BR/content/versions/3.2/guides/duplicated-context.adoc.po, 64, 66, 1394, 1396, 1%
l10n/po/pt_BR/content/versions/3.20/guides/opentelemetry-metrics.adoc.po, 108, 136, 1394, 1619, 14%
l10n/po/pt_BR/content/guides/testing-components.adoc.po, 68, 70, 1391, 1393, 1%
l10n/po/pt_BR/content/versions/2.16/guides/grpc-service-implementation.adoc.po, 135, 198, 1388, 2155, 36%
l10n/po/pt_BR/content/versions/3.27/guides/spring-cloud-config-client.adoc.po, 121, 167, 1385, 1712, 20%
l10n/po/pt_BR/content/versions/3.33/guides/spring-cloud-config-client.adoc.po, 121, 167, 1385, 1712, 20%
l10n/po/pt_BR/content/versions/3.34/guides/spring-cloud-config-client.adoc.po, 121, 167, 1385, 1712, 20%
l10n/po/pt_BR/content/versions/3.2/guides/rest-json.adoc.po, 74, 106, 1379, 1662, 18%
l10n/po/pt_BR/content/versions/3.2/guides/vertx.adoc.po, 86, 96, 1379, 1438, 5%
l10n/po/pt_BR/content/versions/3.8/guides/rest-json.adoc.po, 74, 109, 1379, 1691, 19%
l10n/po/pt_BR/content/versions/3.8/guides/tests-with-coverage.adoc.po, 103, 130, 1379, 1523, 10%
l10n/po/pt_BR/content/versions/3.15/guides/kotlin.adoc.po, 78, 101, 1378, 1532, 11%
l10n/po/pt_BR/content/versions/3.2/guides/security-csrf-prevention.adoc.po, 91, 114, 1378, 1552, 12%
l10n/po/pt_BR/content/versions/3.20/guides/kotlin.adoc.po, 78, 101, 1378, 1532, 11%
l10n/po/pt_BR/content/versions/3.8/guides/grpc-service-consumption.adoc.po, 177, 248, 1377, 2223, 39%
l10n/po/pt_BR/content/guides/liquibase.adoc.po, 137, 154, 1375, 1492, 8%
l10n/po/pt_BR/content/guides/smallrye-graphql-client.adoc.po, 48, 73, 1375, 1573, 13%
l10n/po/pt_BR/content/versions/3.20/guides/smallrye-graphql-client.adoc.po, 48, 73, 1375, 1573, 13%
l10n/po/pt_BR/content/versions/3.27/guides/liquibase.adoc.po, 137, 154, 1375, 1492, 8%
l10n/po/pt_BR/content/versions/3.27/guides/smallrye-graphql-client.adoc.po, 48, 73, 1375, 1573, 13%
l10n/po/pt_BR/content/versions/3.33/guides/liquibase.adoc.po, 137, 154, 1375, 1492, 8%
l10n/po/pt_BR/content/versions/3.33/guides/smallrye-graphql-client.adoc.po, 48, 73, 1375, 1573, 13%
l10n/po/pt_BR/content/versions/3.34/guides/liquibase.adoc.po, 137, 154, 1375, 1492, 8%
l10n/po/pt_BR/content/versions/3.34/guides/smallrye-graphql-client.adoc.po, 48, 73, 1375, 1573, 13%
l10n/po/pt_BR/content/versions/main/guides/liquibase.adoc.po, 137, 154, 1375, 1492, 8%
l10n/po/pt_BR/content/versions/main/guides/smallrye-graphql-client.adoc.po, 48, 73, 1375, 1573, 13%
l10n/po/pt_BR/content/versions/2.13/guides/kotlin.adoc.po, 75, 94, 1372, 1480, 8%
l10n/po/pt_BR/content/versions/2.16/guides/kotlin.adoc.po, 75, 94, 1372, 1480, 8%
l10n/po/pt_BR/content/versions/2.16/guides/doc-contribute-docs-howto.adoc.po, 91, 94, 1371, 1398, 2%
l10n/po/pt_BR/content/versions/3.33/guides/testing-components.adoc.po, 67, 69, 1370, 1372, 1%
l10n/po/pt_BR/content/versions/3.34/guides/testing-components.adoc.po, 67, 69, 1370, 1372, 1%
l10n/po/pt_BR/content/versions/3.20/guides/extension-metadata.adoc.po, 72, 73, 1367, 1368, 1%
l10n/po/pt_BR/content/versions/main/guides/extension-writing-dev-service.adoc.po, 69, 77, 1367, 1396, 3%
l10n/po/pt_BR/content/versions/3.20/guides/platform.adoc.po, 54, 54, 1366, 1366, 0%
l10n/po/pt_BR/content/posts/2021-09-20-logicdrop-customer-story.adoc.po, 95, 95, 1362, 1362, 0%
l10n/po/pt_BR/content/posts/2021/2021-09-20-logicdrop-customer-story.adoc.po, 95, 95, 1362, 1362, 0%
l10n/po/pt_BR/content/posts/2020-09-23-cytech-customer-story.adoc.po, 18, 18, 1360, 1360, 0%
l10n/po/pt_BR/content/posts/2020/2020-09-23-cytech-customer-story.adoc.po, 18, 18, 1360, 1360, 0%
l10n/po/pt_BR/content/posts/2023-10-10-intellij-quarkus-recap.adoc.po, 92, 93, 1359, 1360, 1%
l10n/po/pt_BR/content/posts/2023/2023-10-10-intellij-quarkus-recap.adoc.po, 92, 93, 1359, 1360, 1%
l10n/po/pt_BR/content/versions/3.8/guides/kotlin.adoc.po, 74, 97, 1358, 1512, 11%
l10n/po/pt_BR/content/versions/3.2/guides/kotlin.adoc.po, 74, 94, 1353, 1478, 9%
l10n/po/pt_BR/content/versions/3.2/guides/liquibase.adoc.po, 137, 152, 1352, 1446, 7%
l10n/po/pt_BR/content/versions/3.8/guides/liquibase.adoc.po, 137, 156, 1352, 1473, 9%
l10n/po/pt_BR/templates/layouts/quarkus3.html.po, 325, 741, 1347, 2152, 38%
l10n/po/pt_BR/content/posts/2023-07-27-native-startup-rss-troubleshooting.adoc.po, 27, 27, 1343, 1343, 0%
l10n/po/pt_BR/content/posts/2023/2023-07-27-native-startup-rss-troubleshooting.adoc.po, 27, 27, 1343, 1343, 0%
l10n/po/pt_BR/content/versions/3.15/guides/smallrye-graphql-client.adoc.po, 47, 72, 1342, 1540, 13%
l10n/po/pt_BR/content/posts/2026-05-25-native-pgo.adoc.po, 72, 74, 1338, 1341, 1%
l10n/po/pt_BR/content/posts/2026/2026-05-25-native-pgo.adoc.po, 72, 74, 1338, 1341, 1%
l10n/po/pt_BR/content/versions/3.2/guides/grpc-service-consumption.adoc.po, 172, 244, 1338, 2200, 40%
l10n/po/pt_BR/content/posts/2022-11-24-reactive-crud-performance-case-study.adoc.po, 81, 93, 1337, 1556, 15%
l10n/po/pt_BR/content/posts/2022/2022-11-24-reactive-crud-performance-case-study.adoc.po, 81, 93, 1337, 1556, 15%
l10n/po/pt_BR/content/versions/2.13/guides/grpc-service-consumption.adoc.po, 129, 183, 1336, 1939, 32%
l10n/po/pt_BR/content/posts/2019-06-26-kafka-streams-applications-with-quarkus-and-microprofile.adoc.po, 38, 40, 1331, 1334, 1%
l10n/po/pt_BR/content/posts/2019/2019-06-26-kafka-streams-applications-with-quarkus-and-microprofile.adoc.po, 38, 40, 1331, 1334, 1%
l10n/po/pt_BR/content/guides/security-ldap.adoc.po, 124, 166, 1329, 1625, 19%
l10n/po/pt_BR/content/versions/3.27/guides/security-ldap.adoc.po, 124, 166, 1329, 1625, 19%
l10n/po/pt_BR/content/versions/3.33/guides/security-ldap.adoc.po, 124, 166, 1329, 1625, 19%
l10n/po/pt_BR/content/versions/3.34/guides/security-ldap.adoc.po, 124, 166, 1329, 1625, 19%
l10n/po/pt_BR/content/versions/main/guides/security-ldap.adoc.po, 124, 166, 1329, 1625, 19%
l10n/po/pt_BR/content/posts/2023-11-16-quarkus-meets-langchain4j.adoc.po, 46, 47, 1328, 1329, 1%
l10n/po/pt_BR/content/posts/2023/2023-11-16-quarkus-meets-langchain4j.adoc.po, 46, 47, 1328, 1329, 1%
l10n/po/pt_BR/content/versions/3.20/guides/security-ldap.adoc.po, 123, 166, 1328, 1625, 19%
l10n/po/pt_BR/content/posts/2019-12-11-talkdesk-chooses-quarkus-for-fast-innovation.adoc.po, 44, 44, 1323, 1323, 0%
l10n/po/pt_BR/content/posts/2019/2019-12-11-talkdesk-chooses-quarkus-for-fast-innovation.adoc.po, 44, 44, 1323, 1323, 0%
l10n/po/pt_BR/content/guides/load-shedding-reference.adoc.po, 95, 103, 1321, 1344, 2%
l10n/po/pt_BR/content/versions/3.20/guides/liquibase.adoc.po, 130, 148, 1321, 1439, 9%
l10n/po/pt_BR/content/versions/3.33/guides/load-shedding-reference.adoc.po, 95, 103, 1321, 1344, 2%
l10n/po/pt_BR/content/versions/3.34/guides/load-shedding-reference.adoc.po, 95, 103, 1321, 1344, 2%
l10n/po/pt_BR/content/versions/main/guides/load-shedding-reference.adoc.po, 95, 103, 1321, 1344, 2%
l10n/po/pt_BR/content/guides/native-and-ssl.adoc.po, 90, 95, 1318, 1341, 2%
l10n/po/pt_BR/content/versions/main/guides/native-and-ssl.adoc.po, 90, 95, 1318, 1341, 2%
l10n/po/pt_BR/content/versions/2.16/guides/security-authorize-web-endpoints-reference.adoc.po, 82, 84, 1316, 1318, 1%
l10n/po/pt_BR/content/posts/2020-03-19-quarkus-1-3-0-final-released.adoc.po, 94, 95, 1315, 1317, 1%
l10n/po/pt_BR/content/posts/2020-07-08-quarkus-1-6-0-final-released.adoc.po, 84, 85, 1315, 1316, 1%
l10n/po/pt_BR/content/posts/2020/2020-03-19-quarkus-1-3-0-final-released.adoc.po, 94, 95, 1315, 1317, 1%
l10n/po/pt_BR/content/posts/2020/2020-07-08-quarkus-1-6-0-final-released.adoc.po, 84, 85, 1315, 1316, 1%
l10n/po/pt_BR/content/posts/2026-07-10-quarkus-langchain4j-opa-guardrails.adoc.po, 101, 103, 1315, 1319, 1%
l10n/po/pt_BR/content/posts/2026/2026-07-10-quarkus-langchain4j-opa-guardrails.adoc.po, 101, 103, 1315, 1319, 1%
l10n/po/pt_BR/content/versions/2.13/guides/qute.adoc.po, 66, 135, 1315, 2314, 44%
l10n/po/pt_BR/content/versions/2.16/guides/qute.adoc.po, 66, 135, 1315, 2314, 44%
l10n/po/pt_BR/content/versions/3.34/guides/security-cors.adoc.po, 83, 96, 1310, 1406, 7%
l10n/po/pt_BR/content/versions/3.2/guides/security-openid-connect-providers.adoc.po, 82, 86, 1308, 1321, 1%
l10n/po/pt_BR/content/versions/3.20/guides/deploying-to-google-cloud.adoc.po, 80, 89, 1305, 1341, 3%
l10n/po/pt_BR/content/versions/3.27/guides/deploying-to-google-cloud.adoc.po, 80, 89, 1305, 1341, 3%
l10n/po/pt_BR/content/versions/3.33/guides/deploying-to-google-cloud.adoc.po, 80, 89, 1305, 1341, 3%
l10n/po/pt_BR/content/versions/3.34/guides/deploying-to-google-cloud.adoc.po, 80, 89, 1305, 1341, 3%
l10n/po/pt_BR/content/guides/deploying-to-google-cloud.adoc.po, 80, 89, 1304, 1340, 3%
l10n/po/pt_BR/content/versions/3.15/guides/web.adoc.po, 70, 70, 1304, 1304, 0%
l10n/po/pt_BR/content/versions/3.20/guides/web.adoc.po, 70, 70, 1304, 1304, 0%
l10n/po/pt_BR/content/versions/2.13/guides/vertx.adoc.po, 84, 94, 1302, 1361, 5%
l10n/po/pt_BR/content/versions/2.16/guides/vertx.adoc.po, 84, 94, 1302, 1361, 5%
l10n/po/pt_BR/content/versions/3.15/guides/deploying-to-google-cloud.adoc.po, 80, 89, 1299, 1335, 3%
l10n/po/pt_BR/content/versions/2.13/guides/stork-kubernetes.adoc.po, 68, 89, 1293, 1419, 9%
l10n/po/pt_BR/content/versions/2.16/guides/stork-kubernetes.adoc.po, 68, 89, 1293, 1419, 9%
l10n/po/pt_BR/content/posts/2020-04-08-why-did-payair-technologies-switch-to-quarkus.adoc.po, 39, 40, 1291, 1294, 1%
l10n/po/pt_BR/content/posts/2020/2020-04-08-why-did-payair-technologies-switch-to-quarkus.adoc.po, 39, 40, 1291, 1294, 1%
l10n/po/pt_BR/content/versions/3.15/guides/security-ldap.adoc.po, 123, 166, 1291, 1588, 19%
l10n/po/pt_BR/content/versions/3.15/guides/security-customization.adoc.po, 65, 69, 1290, 1299, 1%
l10n/po/pt_BR/content/versions/3.20/guides/security-customization.adoc.po, 65, 69, 1290, 1299, 1%
l10n/po/pt_BR/content/versions/3.8/guides/security-customization.adoc.po, 64, 68, 1289, 1298, 1%
l10n/po/pt_BR/content/guides/web.adoc.po, 70, 70, 1288, 1288, 0%
l10n/po/pt_BR/content/versions/3.27/guides/web.adoc.po, 70, 70, 1288, 1288, 0%
l10n/po/pt_BR/content/versions/3.33/guides/web.adoc.po, 70, 70, 1288, 1288, 0%
l10n/po/pt_BR/content/versions/3.34/guides/web.adoc.po, 70, 70, 1288, 1288, 0%
l10n/po/pt_BR/content/posts/2024-04-18-quarkus-saas-backend-time-tracking-app-case-study.adoc.po, 25, 25, 1286, 1286, 0%
l10n/po/pt_BR/content/posts/2024/2024-04-18-quarkus-saas-backend-time-tracking-app-case-study.adoc.po, 25, 25, 1286, 1286, 0%
l10n/po/pt_BR/content/continuum.adoc.po, 29, 29, 1285, 1285, 0%
l10n/po/pt_BR/content/versions/3.8/guides/deploying-to-google-cloud.adoc.po, 79, 88, 1283, 1319, 3%
l10n/po/pt_BR/content/versions/main/guides/web.adoc.po, 69, 69, 1283, 1283, 0%
l10n/po/pt_BR/content/posts/2020-03-19-eclipse-got-quarkused.adoc.po, 71, 71, 1282, 1282, 0%
l10n/po/pt_BR/content/posts/2020/2020-03-19-eclipse-got-quarkused.adoc.po, 71, 71, 1282, 1282, 0%
l10n/po/pt_BR/content/versions/2.16/guides/writing-extensions.adoc.po, 43, 541, 1281, 11255, 89%
l10n/po/pt_BR/content/versions/main/guides/deploying-to-google-cloud.adoc.po, 79, 88, 1280, 1316, 3%
l10n/po/pt_BR/content/versions/3.15/guides/opentelemetry-metrics.adoc.po, 101, 127, 1279, 1488, 15%
l10n/po/pt_BR/content/versions/3.2/guides/qute.adoc.po, 76, 149, 1279, 2310, 45%
l10n/po/pt_BR/content/guides/telemetry-opentracing-to-otel-tutorial.adoc.po, 112, 131, 1276, 1408, 10%
l10n/po/pt_BR/content/versions/2.13/guides/kubernetes-config.adoc.po, 66, 74, 1276, 1293, 2%
l10n/po/pt_BR/content/versions/2.16/guides/kubernetes-config.adoc.po, 66, 74, 1276, 1293, 2%
l10n/po/pt_BR/content/versions/3.15/guides/telemetry-opentracing-to-otel-tutorial.adoc.po, 112, 131, 1276, 1408, 10%
l10n/po/pt_BR/content/versions/3.20/guides/telemetry-opentracing-to-otel-tutorial.adoc.po, 112, 131, 1276, 1408, 10%
l10n/po/pt_BR/content/versions/3.27/guides/telemetry-opentracing-to-otel-tutorial.adoc.po, 112, 131, 1276, 1408, 10%
l10n/po/pt_BR/content/versions/3.33/guides/telemetry-opentracing-to-otel-tutorial.adoc.po, 112, 131, 1276, 1408, 10%
l10n/po/pt_BR/content/versions/3.34/guides/telemetry-opentracing-to-otel-tutorial.adoc.po, 112, 131, 1276, 1408, 10%
l10n/po/pt_BR/content/versions/main/guides/telemetry-opentracing-to-otel-tutorial.adoc.po, 112, 131, 1276, 1408, 10%
l10n/po/pt_BR/content/posts/2020-10-27-mutiny-back-pressure.adoc.po, 51, 51, 1275, 1275, 0%
l10n/po/pt_BR/content/posts/2020/2020-10-27-mutiny-back-pressure.adoc.po, 51, 51, 1275, 1275, 0%
l10n/po/pt_BR/content/versions/2.13/guides/deploying-to-google-cloud.adoc.po, 78, 87, 1275, 1311, 3%
l10n/po/pt_BR/content/versions/2.13/guides/tests-with-coverage.adoc.po, 94, 116, 1275, 1371, 8%
l10n/po/pt_BR/content/versions/2.16/guides/deploying-to-google-cloud.adoc.po, 78, 87, 1275, 1311, 3%
l10n/po/pt_BR/content/versions/2.16/guides/tests-with-coverage.adoc.po, 94, 116, 1275, 1371, 8%
l10n/po/pt_BR/content/versions/3.2/guides/stork-kubernetes.adoc.po, 67, 89, 1273, 1416, 11%
l10n/po/pt_BR/content/versions/3.27/guides/stork-kubernetes.adoc.po, 67, 92, 1273, 1445, 12%
l10n/po/pt_BR/content/versions/3.33/guides/stork-kubernetes.adoc.po, 67, 92, 1273, 1445, 12%
l10n/po/pt_BR/content/versions/3.34/guides/stork-kubernetes.adoc.po, 67, 92, 1273, 1445, 12%
l10n/po/pt_BR/content/versions/3.8/guides/stork-kubernetes.adoc.po, 67, 92, 1273, 1445, 12%
l10n/po/pt_BR/content/guides/extension-writing-dev-service.adoc.po, 68, 76, 1272, 1301, 3%
l10n/po/pt_BR/content/versions/3.15/guides/stork-kubernetes.adoc.po, 67, 92, 1272, 1444, 12%
l10n/po/pt_BR/content/versions/3.20/guides/stork-kubernetes.adoc.po, 67, 92, 1272, 1444, 12%
l10n/po/pt_BR/content/versions/3.2/guides/rest-client.adoc.po, 55, 120, 1271, 2001, 37%
l10n/po/pt_BR/content/versions/3.8/guides/security-jdbc.adoc.po, 129, 167, 1270, 1504, 16%
l10n/po/pt_BR/content/versions/3.8/guides/telemetry-opentracing-to-otel-tutorial.adoc.po, 112, 131, 1270, 1402, 10%
l10n/po/pt_BR/content/versions/2.13/guides/platform.adoc.po, 50, 50, 1267, 1267, 0%
l10n/po/pt_BR/content/versions/2.16/guides/platform.adoc.po, 50, 50, 1267, 1267, 0%
l10n/po/pt_BR/content/versions/3.15/guides/platform.adoc.po, 50, 50, 1267, 1267, 0%
l10n/po/pt_BR/content/versions/3.2/guides/platform.adoc.po, 50, 50, 1267, 1267, 0%
l10n/po/pt_BR/content/versions/3.8/guides/platform.adoc.po, 50, 50, 1267, 1267, 0%
l10n/po/pt_BR/content/versions/3.2/guides/deploying-to-google-cloud.adoc.po, 77, 86, 1265, 1301, 3%
l10n/po/pt_BR/content/guides/stork-kubernetes.adoc.po, 66, 91, 1264, 1436, 12%
l10n/po/pt_BR/content/versions/2.16/guides/security-jdbc.adoc.po, 131, 164, 1264, 1449, 13%
l10n/po/pt_BR/content/versions/main/guides/stork-kubernetes.adoc.po, 66, 91, 1264, 1436, 12%
l10n/po/pt_BR/content/posts/2025-09-25-quarkus-a2a-java-grpc.adoc.po, 60, 60, 1263, 1263, 0%
l10n/po/pt_BR/content/posts/2025/2025-09-25-quarkus-a2a-java-grpc.adoc.po, 60, 60, 1263, 1263, 0%
l10n/po/pt_BR/content/versions/2.13/guides/security-jdbc.adoc.po, 131, 164, 1263, 1448, 13%
l10n/po/pt_BR/content/versions/3.15/guides/doc-create-tutorial.adoc.po, 93, 95, 1262, 1266, 1%
l10n/po/pt_BR/content/versions/3.2/guides/doc-create-tutorial.adoc.po, 93, 95, 1262, 1266, 1%
l10n/po/pt_BR/content/versions/3.20/guides/doc-create-tutorial.adoc.po, 93, 95, 1262, 1266, 1%
l10n/po/pt_BR/content/versions/3.27/guides/doc-create-tutorial.adoc.po, 93, 95, 1262, 1266, 1%
l10n/po/pt_BR/content/versions/3.33/guides/doc-create-tutorial.adoc.po, 93, 95, 1262, 1266, 1%
l10n/po/pt_BR/content/versions/3.34/guides/doc-create-tutorial.adoc.po, 93, 95, 1262, 1266, 1%
l10n/po/pt_BR/content/versions/3.8/guides/doc-create-tutorial.adoc.po, 93, 95, 1262, 1266, 1%
l10n/po/pt_BR/content/guides/doc-create-tutorial.adoc.po, 93, 95, 1260, 1264, 1%
l10n/po/pt_BR/content/versions/2.16/guides/rest-client.adoc.po, 56, 113, 1260, 1850, 32%
l10n/po/pt_BR/content/versions/main/guides/doc-create-tutorial.adoc.po, 93, 95, 1260, 1264, 1%
l10n/po/pt_BR/content/versions/3.15/guides/performance-measure.adoc.po, 74, 78, 1258, 1265, 1%
l10n/po/pt_BR/content/versions/3.20/guides/performance-measure.adoc.po, 74, 78, 1258, 1265, 1%
l10n/po/pt_BR/content/versions/3.27/guides/performance-measure.adoc.po, 74, 78, 1258, 1265, 1%
l10n/po/pt_BR/content/versions/3.33/guides/performance-measure.adoc.po, 74, 78, 1258, 1265, 1%
l10n/po/pt_BR/content/versions/3.34/guides/performance-measure.adoc.po, 74, 78, 1258, 1265, 1%
l10n/po/pt_BR/content/versions/3.8/guides/performance-measure.adoc.po, 74, 78, 1258, 1265, 1%
l10n/po/pt_BR/content/versions/3.15/guides/writing-extensions.adoc.po, 41, 544, 1254, 11256, 89%
l10n/po/pt_BR/content/versions/2.16/guides/doc-create-tutorial.adoc.po, 92, 94, 1251, 1255, 1%
l10n/po/pt_BR/content/versions/2.13/guides/rest-client.adoc.po, 55, 110, 1246, 1781, 31%
l10n/po/pt_BR/content/versions/2.13/guides/liquibase.adoc.po, 131, 143, 1243, 1308, 5%
l10n/po/pt_BR/content/versions/2.16/guides/liquibase.adoc.po, 131, 143, 1243, 1308, 5%
l10n/po/pt_BR/content/versions/3.2/guides/security-jdbc.adoc.po, 129, 164, 1242, 1447, 15%
l10n/po/pt_BR/content/versions/3.2/guides/tests-with-coverage.adoc.po, 97, 121, 1240, 1355, 9%
l10n/po/pt_BR/content/versions/3.20/guides/spring-cloud-config-client.adoc.po, 104, 150, 1240, 1567, 21%
l10n/po/pt_BR/content/versions/2.13/guides/doc-create-tutorial.adoc.po, 91, 93, 1238, 1242, 1%
l10n/po/pt_BR/content/posts/2019-06-05-quarkus-and-web-ui-development-mode.adoc.po, 44, 44, 1237, 1237, 0%
l10n/po/pt_BR/content/posts/2019/2019-06-05-quarkus-and-web-ui-development-mode.adoc.po, 44, 44, 1237, 1237, 0%
l10n/po/pt_BR/content/versions/3.20/guides/security-oidc-bearer-token-authentication-tutorial.adoc.po, 78, 109, 1236, 1415, 13%
l10n/po/pt_BR/content/posts/2020-10-27-experimental_graphql.adoc.po, 87, 88, 1235, 1236, 1%
l10n/po/pt_BR/content/posts/2020/2020-10-27-experimental_graphql.adoc.po, 87, 88, 1235, 1236, 1%
l10n/po/pt_BR/content/posts/2025-07-09-quarkus-and-a2a-java-sdk.adoc.po, 55, 55, 1231, 1231, 0%
l10n/po/pt_BR/content/posts/2025/2025-07-09-quarkus-and-a2a-java-sdk.adoc.po, 55, 55, 1231, 1231, 0%
l10n/po/pt_BR/content/versions/2.13/guides/smallrye-graphql-client.adoc.po, 41, 60, 1228, 1378, 11%
l10n/po/pt_BR/content/versions/2.16/guides/smallrye-graphql-client.adoc.po, 41, 60, 1228, 1378, 11%
l10n/po/pt_BR/content/posts/2022-06-29-nativejdb-debugger-for-native-images.adoc.po, 42, 44, 1226, 1228, 1%
l10n/po/pt_BR/content/posts/2022/2022-06-29-nativejdb-debugger-for-native-images.adoc.po, 42, 44, 1226, 1228, 1%
l10n/po/pt_BR/content/posts/2025-04-30-test-classloading-rewrite.adoc.po, 28, 29, 1226, 1228, 1%
l10n/po/pt_BR/content/posts/2025/2025-04-30-test-classloading-rewrite.adoc.po, 28, 29, 1226, 1228, 1%
l10n/po/pt_BR/content/versions/3.27/guides/security-oidc-bearer-token-authentication-tutorial.adoc.po, 77, 109, 1225, 1405, 13%
l10n/po/pt_BR/content/versions/3.15/guides/native-and-ssl.adoc.po, 87, 94, 1220, 1274, 5%
l10n/po/pt_BR/content/versions/3.20/guides/native-and-ssl.adoc.po, 87, 94, 1220, 1274, 5%
l10n/po/pt_BR/content/versions/3.27/guides/native-and-ssl.adoc.po, 87, 94, 1220, 1274, 5%
l10n/po/pt_BR/content/versions/3.33/guides/native-and-ssl.adoc.po, 87, 94, 1220, 1274, 5%
l10n/po/pt_BR/content/versions/3.34/guides/native-and-ssl.adoc.po, 87, 94, 1220, 1274, 5%
l10n/po/pt_BR/content/versions/3.8/guides/native-and-ssl.adoc.po, 87, 94, 1220, 1274, 5%
l10n/po/pt_BR/content/versions/3.8/guides/smallrye-graphql-client.adoc.po, 42, 66, 1220, 1417, 14%
l10n/po/pt_BR/content/versions/3.2/guides/native-and-ssl.adoc.po, 87, 94, 1218, 1272, 5%
l10n/po/pt_BR/content/guides/security-oidc-bearer-token-authentication-tutorial.adoc.po, 76, 108, 1215, 1395, 13%
l10n/po/pt_BR/content/versions/2.13/guides/extension-registry-user.adoc.po, 62, 63, 1215, 1218, 1%
l10n/po/pt_BR/content/versions/2.16/guides/extension-registry-user.adoc.po, 62, 63, 1215, 1218, 1%
l10n/po/pt_BR/content/versions/3.15/guides/extension-registry-user.adoc.po, 62, 63, 1215, 1218, 1%
l10n/po/pt_BR/content/versions/3.2/guides/extension-registry-user.adoc.po, 62, 63, 1215, 1218, 1%
l10n/po/pt_BR/content/versions/3.20/guides/extension-registry-user.adoc.po, 62, 63, 1215, 1218, 1%
l10n/po/pt_BR/content/versions/3.33/guides/security-oidc-bearer-token-authentication-tutorial.adoc.po, 76, 108, 1215, 1395, 13%
l10n/po/pt_BR/content/versions/3.34/guides/security-oidc-bearer-token-authentication-tutorial.adoc.po, 76, 108, 1215, 1395, 13%
l10n/po/pt_BR/content/versions/3.8/guides/extension-registry-user.adoc.po, 62, 63, 1215, 1218, 1%
l10n/po/pt_BR/content/versions/main/guides/security-oidc-bearer-token-authentication-tutorial.adoc.po, 76, 108, 1215, 1395, 13%
l10n/po/pt_BR/content/versions/2.13/guides/security-getting-started.adoc.po, 61, 106, 1210, 1592, 24%
l10n/po/pt_BR/content/versions/2.16/guides/security-basic-authentication-tutorial.adoc.po, 61, 106, 1209, 1591, 25%
l10n/po/pt_BR/content/versions/3.2/guides/smallrye-graphql-client.adoc.po, 40, 60, 1209, 1376, 13%
l10n/po/pt_BR/content/versions/2.13/guides/native-and-ssl.adoc.po, 87, 94, 1208, 1262, 5%
l10n/po/pt_BR/content/versions/2.16/guides/native-and-ssl.adoc.po, 87, 94, 1208, 1262, 5%
l10n/po/pt_BR/content/posts/2022-04-04-vscode-quarkus-1.10.0-qute.adoc.po, 70, 70, 1206, 1206, 0%
l10n/po/pt_BR/content/posts/2022/2022-04-04-vscode-quarkus-1.10.0-qute.adoc.po, 70, 70, 1206, 1206, 0%
l10n/po/pt_BR/content/posts/2024-04-03-changing-loggers-level-from-unleash.adoc.po, 58, 59, 1205, 1206, 1%
l10n/po/pt_BR/content/posts/2024/2024-04-03-changing-loggers-level-from-unleash.adoc.po, 58, 59, 1205, 1206, 1%
l10n/po/pt_BR/content/posts/2026-06-15-introducing-quarkus-data.adoc.po, 39, 40, 1205, 1206, 1%
l10n/po/pt_BR/content/posts/2026/2026-06-15-introducing-quarkus-data.adoc.po, 39, 40, 1205, 1206, 1%
l10n/po/pt_BR/content/versions/3.8/guides/security-openid-connect-client.adoc.po, 80, 107, 1199, 1391, 14%
l10n/po/pt_BR/content/posts/2024-11-29-quarkus-jlama.adoc.po, 29, 29, 1197, 1197, 0%
l10n/po/pt_BR/content/posts/2024/2024-11-29-quarkus-jlama.adoc.po, 29, 29, 1197, 1197, 0%
l10n/po/pt_BR/content/posts/2026-05-19-quarkus-insights-248-ddd-hexagonal-architecture.adoc.po, 127, 128, 1195, 1196, 1%
l10n/po/pt_BR/content/posts/2026/2026-05-19-quarkus-insights-248-ddd-hexagonal-architecture.adoc.po, 127, 128, 1195, 1196, 1%
l10n/po/pt_BR/content/guides/getting-started-dev-services.adoc.po, 77, 100, 1194, 1346, 12%
l10n/po/pt_BR/content/versions/3.33/guides/getting-started-dev-services.adoc.po, 77, 100, 1194, 1346, 12%
l10n/po/pt_BR/content/versions/main/guides/getting-started-dev-services.adoc.po, 77, 100, 1194, 1346, 12%
l10n/po/pt_BR/content/versions/2.13/guides/grpc-service-implementation.adoc.po, 123, 186, 1185, 1952, 40%
l10n/po/pt_BR/content/versions/3.15/guides/spring-cloud-config-client.adoc.po, 99, 144, 1185, 1511, 22%
l10n/po/pt_BR/content/versions/main/guides/native-transport-reference.adoc.po, 139, 143, 1185, 1189, 1%
l10n/po/pt_BR/content/versions/2.16/guides/security-openid-connect-providers.adoc.po, 81, 83, 1180, 1182, 1%
l10n/po/pt_BR/content/versions/2.13/guides/security-openid-connect-providers.adoc.po, 81, 83, 1179, 1181, 1%
l10n/po/pt_BR/content/posts/2021-01-12-magic-control.adoc.po, 52, 52, 1175, 1175, 0%
l10n/po/pt_BR/content/posts/2021/2021-01-12-magic-control.adoc.po, 52, 52, 1175, 1175, 0%
l10n/po/pt_BR/content/posts/2022-09-15-redis-job-queue.adoc.po, 48, 48, 1175, 1175, 0%
l10n/po/pt_BR/content/posts/2022/2022-09-15-redis-job-queue.adoc.po, 48, 48, 1175, 1175, 0%
l10n/po/pt_BR/content/posts/2024-10-30-quarkus-3-16-1-released.adoc.po, 77, 81, 1175, 1182, 1%
l10n/po/pt_BR/content/posts/2024/2024-10-30-quarkus-3-16-1-released.adoc.po, 77, 81, 1175, 1182, 1%
l10n/po/pt_BR/content/versions/main/guides/security-spiffe-client.adoc.po, 76, 84, 1175, 1197, 2%
l10n/po/pt_BR/content/guides/funqy-gcp-functions.adoc.po, 67, 90, 1169, 1317, 12%
l10n/po/pt_BR/content/versions/3.15/guides/funqy-gcp-functions.adoc.po, 67, 90, 1169, 1317, 12%
l10n/po/pt_BR/content/versions/3.20/guides/funqy-gcp-functions.adoc.po, 67, 90, 1169, 1317, 12%
l10n/po/pt_BR/content/versions/3.27/guides/funqy-gcp-functions.adoc.po, 67, 90, 1169, 1317, 12%
l10n/po/pt_BR/content/versions/3.33/guides/funqy-gcp-functions.adoc.po, 67, 90, 1169, 1317, 12%
l10n/po/pt_BR/content/versions/3.34/guides/funqy-gcp-functions.adoc.po, 67, 90, 1169, 1317, 12%
l10n/po/pt_BR/content/versions/3.8/guides/funqy-gcp-functions.adoc.po, 67, 90, 1169, 1317, 12%
l10n/po/pt_BR/content/versions/main/guides/funqy-gcp-functions.adoc.po, 67, 90, 1169, 1317, 12%
l10n/po/pt_BR/content/versions/2.13/guides/security-openid-connect-client.adoc.po, 73, 98, 1167, 1335, 13%
l10n/po/pt_BR/content/posts/2025-02-18-agentic-ai-with-quarkus.adoc.po, 45, 45, 1163, 1163, 0%
l10n/po/pt_BR/content/posts/2025/2025-02-18-agentic-ai-with-quarkus.adoc.po, 45, 45, 1163, 1163, 0%
l10n/po/pt_BR/content/versions/2.13/guides/gcp-functions.adoc.po, 70, 86, 1162, 1251, 8%
l10n/po/pt_BR/content/versions/2.16/guides/funqy-gcp-functions.adoc.po, 67, 86, 1161, 1263, 9%
l10n/po/pt_BR/content/posts/2020-09-14-wipro-customer-story.adoc.po, 31, 31, 1160, 1160, 0%
l10n/po/pt_BR/content/posts/2020/2020-09-14-wipro-customer-story.adoc.po, 31, 31, 1160, 1160, 0%
l10n/po/pt_BR/content/versions/2.16/guides/security-openid-connect-client.adoc.po, 73, 98, 1160, 1328, 13%
l10n/po/pt_BR/content/versions/3.27/guides/getting-started-dev-services.adoc.po, 76, 99, 1159, 1311, 12%
l10n/po/pt_BR/content/versions/3.34/guides/getting-started-dev-services.adoc.po, 76, 99, 1159, 1311, 12%
l10n/po/pt_BR/content/versions/3.15/guides/getting-started-dev-services.adoc.po, 76, 99, 1157, 1309, 12%
l10n/po/pt_BR/content/versions/3.20/guides/getting-started-dev-services.adoc.po, 76, 99, 1157, 1309, 12%
l10n/po/pt_BR/content/versions/3.8/guides/getting-started-dev-services.adoc.po, 76, 99, 1157, 1309, 12%
l10n/po/pt_BR/content/versions/3.27/guides/load-shedding-reference.adoc.po, 87, 95, 1154, 1177, 2%
l10n/po/pt_BR/content/posts/2024-01-31-quarkus-3-7-released.adoc.po, 79, 80, 1152, 1153, 1%
l10n/po/pt_BR/content/posts/2024/2024-01-31-quarkus-3-7-released.adoc.po, 79, 80, 1152, 1153, 1%
l10n/po/pt_BR/content/versions/3.20/guides/load-shedding-reference.adoc.po, 85, 95, 1152, 1177, 3%
l10n/po/pt_BR/content/versions/2.13/guides/security-csrf-prevention.adoc.po, 79, 93, 1150, 1206, 5%
l10n/po/pt_BR/content/posts/2026-01-28-quarkus-3-31-released.adoc.po, 68, 70, 1149, 1151, 1%
l10n/po/pt_BR/content/posts/2026/2026-01-28-quarkus-3-31-released.adoc.po, 68, 70, 1149, 1151, 1%
l10n/po/pt_BR/content/posts/2021-08-23-resteasy-reactive-smart-dispatch.adoc.po, 56, 56, 1148, 1148, 0%
l10n/po/pt_BR/content/posts/2021/2021-08-23-resteasy-reactive-smart-dispatch.adoc.po, 56, 56, 1148, 1148, 0%
l10n/po/pt_BR/content/versions/3.2/guides/security-oidc-bearer-token-authentication-tutorial.adoc.po, 72, 101, 1146, 1297, 12%
l10n/po/pt_BR/content/versions/3.2/guides/funqy-gcp-functions.adoc.po, 66, 86, 1142, 1261, 10%
l10n/po/pt_BR/content/versions/3.2/guides/security-customization.adoc.po, 52, 56, 1140, 1149, 1%
l10n/po/pt_BR/content/posts/2022-11-17-our-bumpy-road-to-jakarta-ee-10.adoc.po, 58, 58, 1139, 1139, 0%
l10n/po/pt_BR/content/posts/2022/2022-11-17-our-bumpy-road-to-jakarta-ee-10.adoc.po, 58, 58, 1139, 1139, 0%
l10n/po/pt_BR/content/versions/3.8/guides/kafka-schema-registry-json-schema.adoc.po, 58, 84, 1139, 1343, 16%
l10n/po/pt_BR/content/versions/3.15/guides/kafka-schema-registry-json-schema.adoc.po, 58, 84, 1138, 1342, 16%
l10n/po/pt_BR/content/versions/3.15/guides/load-shedding-reference.adoc.po, 85, 95, 1138, 1163, 3%
l10n/po/pt_BR/content/versions/3.15/guides/security-oidc-bearer-token-authentication-tutorial.adoc.po, 72, 103, 1138, 1317, 14%
l10n/po/pt_BR/content/versions/3.20/guides/kafka-schema-registry-json-schema.adoc.po, 58, 84, 1138, 1342, 16%
l10n/po/pt_BR/content/versions/3.27/guides/kafka-schema-registry-json-schema.adoc.po, 58, 84, 1138, 1342, 16%
l10n/po/pt_BR/content/versions/3.8/guides/security-oidc-bearer-token-authentication-tutorial.adoc.po, 72, 103, 1138, 1317, 14%
l10n/po/pt_BR/content/posts/2025-03-24-movie-similarity-search-using-vector-databases.adoc.po, 49, 50, 1136, 1137, 1%
l10n/po/pt_BR/content/posts/2025/2025-03-24-movie-similarity-search-using-vector-databases.adoc.po, 49, 50, 1136, 1137, 1%
l10n/po/pt_BR/content/posts/2020-12-01-kafka-cloud-events.adoc.po, 36, 36, 1134, 1134, 0%
l10n/po/pt_BR/content/posts/2020/2020-12-01-kafka-cloud-events.adoc.po, 36, 36, 1134, 1134, 0%
l10n/po/pt_BR/content/versions/2.16/guides/security-customization.adoc.po, 52, 53, 1134, 1135, 1%
l10n/po/pt_BR/content/versions/2.13/guides/security-customization.adoc.po, 52, 53, 1133, 1134, 1%
l10n/po/pt_BR/content/posts/2021-01-20-quarkus-1-11-0-final-released.adoc.po, 75, 77, 1128, 1131, 1%
l10n/po/pt_BR/content/posts/2021/2021-01-20-quarkus-1-11-0-final-released.adoc.po, 75, 77, 1128, 1131, 1%
l10n/po/pt_BR/content/posts/2022-01-13-quarkus-aws-cloudwatch_extension.adoc.po, 33, 34, 1128, 1129, 1%
l10n/po/pt_BR/content/posts/2022/2022-01-13-quarkus-aws-cloudwatch_extension.adoc.po, 33, 34, 1128, 1129, 1%
l10n/po/pt_BR/content/versions/3.2/guides/security-openid-connect-client.adoc.po, 70, 98, 1128, 1320, 15%
l10n/po/pt_BR/content/guides/aot.adoc.po, 98, 103, 1127, 1133, 1%
l10n/po/pt_BR/content/posts/2025-11-03-arc-migrates-to-gizmo2.adoc.po, 43, 43, 1126, 1126, 0%
l10n/po/pt_BR/content/posts/2025/2025-11-03-arc-migrates-to-gizmo2.adoc.po, 43, 43, 1126, 1126, 0%
l10n/po/pt_BR/content/posts/2023-11-23-stork-latest-news.adoc.po, 41, 42, 1118, 1119, 1%
l10n/po/pt_BR/content/posts/2023/2023-11-23-stork-latest-news.adoc.po, 41, 42, 1118, 1119, 1%
l10n/po/pt_BR/content/versions/main/guides/telemetry-micrometer-observation.adoc.po, 103, 108, 1114, 1128, 2%
l10n/po/pt_BR/content/versions/main/guides/aot.adoc.po, 97, 102, 1113, 1119, 1%
l10n/po/pt_BR/content/guides/assistant.adoc.po, 103, 103, 1111, 1111, 0%
l10n/po/pt_BR/content/posts/2026-09-08-new-guide-navigation.adoc.po, 35, 35, 1111, 1111, 0%
l10n/po/pt_BR/content/posts/2026/2026-09-08-new-guide-navigation.adoc.po, 35, 35, 1111, 1111, 0%
l10n/po/pt_BR/content/versions/3.33/guides/assistant.adoc.po, 103, 103, 1111, 1111, 0%
l10n/po/pt_BR/content/versions/main/guides/assistant.adoc.po, 103, 103, 1111, 1111, 0%
l10n/po/pt_BR/content/versions/2.13/guides/rest-data-panache.adoc.po, 75, 78, 1110, 1114, 1%
l10n/po/pt_BR/content/versions/3.27/guides/security-getting-started-tutorial.adoc.po, 59, 129, 1110, 1812, 39%
l10n/po/pt_BR/content/versions/3.33/guides/security-getting-started-tutorial.adoc.po, 59, 129, 1110, 1812, 39%
l10n/po/pt_BR/content/versions/3.34/guides/security-getting-started-tutorial.adoc.po, 59, 129, 1110, 1812, 39%
l10n/po/pt_BR/content/guides/jar-tree-shaking.adoc.po, 57, 58, 1108, 1109, 1%
l10n/po/pt_BR/content/versions/main/guides/jar-tree-shaking.adoc.po, 57, 58, 1108, 1109, 1%
l10n/po/pt_BR/content/guides/security-getting-started-tutorial.adoc.po, 59, 129, 1107, 1809, 39%
l10n/po/pt_BR/content/posts/2021-06-22-abraxas-customer-story.adoc.po, 52, 53, 1107, 1108, 1%
l10n/po/pt_BR/content/posts/2021/2021-06-22-abraxas-customer-story.adoc.po, 52, 53, 1107, 1108, 1%
l10n/po/pt_BR/content/posts/2024-03-27-quarkus-3-9-1-released.adoc.po, 61, 62, 1107, 1108, 1%
l10n/po/pt_BR/content/posts/2024/2024-03-27-quarkus-3-9-1-released.adoc.po, 61, 62, 1107, 1108, 1%
l10n/po/pt_BR/content/versions/main/guides/security-getting-started-tutorial.adoc.po, 59, 129, 1107, 1809, 39%
l10n/po/pt_BR/content/posts/2025-12-15-quarkus-feature-flags.adoc.po, 56, 56, 1106, 1106, 0%
l10n/po/pt_BR/content/posts/2025/2025-12-15-quarkus-feature-flags.adoc.po, 56, 56, 1106, 1106, 0%
l10n/po/pt_BR/content/versions/3.27/guides/testing-components.adoc.po, 53, 55, 1103, 1105, 1%
l10n/po/pt_BR/content/posts/2022-04-20-solving-problems-with-extensions.adoc.po, 54, 54, 1102, 1102, 0%
l10n/po/pt_BR/content/posts/2022/2022-04-20-solving-problems-with-extensions.adoc.po, 54, 54, 1102, 1102, 0%
l10n/po/pt_BR/content/posts/2021-11-30-quarkus-native-neo4j-call-tree.adoc.po, 35, 35, 1100, 1100, 0%
l10n/po/pt_BR/content/posts/2021/2021-11-30-quarkus-native-neo4j-call-tree.adoc.po, 35, 35, 1100, 1100, 0%
l10n/po/pt_BR/content/versions/2.13/guides/kogito-dmn.adoc.po, 74, 96, 1100, 1245, 12%
l10n/po/pt_BR/content/versions/2.16/guides/kogito-dmn.adoc.po, 74, 96, 1100, 1245, 12%
l10n/po/pt_BR/content/versions/2.13/guides/spring-cloud-config-client.adoc.po, 88, 123, 1098, 1296, 16%
l10n/po/pt_BR/content/versions/2.16/guides/spring-cloud-config-client.adoc.po, 88, 123, 1098, 1296, 16%
l10n/po/pt_BR/content/posts/2026-07-21-fairness-in-benchmarking.adoc.po, 42, 42, 1097, 1097, 0%
l10n/po/pt_BR/content/posts/2026/2026-07-21-fairness-in-benchmarking.adoc.po, 42, 42, 1097, 1097, 0%
l10n/po/pt_BR/content/posts/2020-04-29-mocking.adoc.po, 47, 47, 1096, 1096, 0%
l10n/po/pt_BR/content/posts/2020/2020-04-29-mocking.adoc.po, 47, 47, 1096, 1096, 0%
l10n/po/pt_BR/content/posts/2019-10-12-quarkus-0-24.0-released.adoc.po, 54, 55, 1094, 1097, 1%
l10n/po/pt_BR/content/posts/2019/2019-10-12-quarkus-0-24.0-released.adoc.po, 54, 55, 1094, 1097, 1%
l10n/po/pt_BR/content/posts/2021-06-30-quarkus-2-0-0-final-released.adoc.po, 58, 59, 1091, 1093, 1%
l10n/po/pt_BR/content/posts/2021/2021-06-30-quarkus-2-0-0-final-released.adoc.po, 58, 59, 1091, 1093, 1%
l10n/po/pt_BR/content/guides/grpc-generation-reference.adoc.po, 97, 99, 1090, 1094, 1%
l10n/po/pt_BR/content/versions/3.33/guides/grpc-generation-reference.adoc.po, 97, 99, 1090, 1094, 1%
l10n/po/pt_BR/content/versions/3.34/guides/grpc-generation-reference.adoc.po, 97, 99, 1090, 1094, 1%
l10n/po/pt_BR/content/versions/main/guides/grpc-generation-reference.adoc.po, 97, 99, 1090, 1094, 1%
l10n/po/pt_BR/content/posts/2020-06-23-supersonic-subatomic-graphql.adoc.po, 65, 66, 1089, 1091, 1%
l10n/po/pt_BR/content/posts/2020/2020-06-23-supersonic-subatomic-graphql.adoc.po, 65, 66, 1089, 1091, 1%
l10n/po/pt_BR/content/posts/2022-07-15-stork-load-balancing.adoc.po, 48, 48, 1087, 1087, 0%
l10n/po/pt_BR/content/posts/2022/2022-07-15-stork-load-balancing.adoc.po, 48, 48, 1087, 1087, 0%
l10n/po/pt_BR/content/versions/3.33/guides/aot.adoc.po, 95, 100, 1086, 1092, 1%
l10n/po/pt_BR/content/versions/3.34/guides/aot.adoc.po, 95, 100, 1086, 1092, 1%
l10n/po/pt_BR/content/versions/3.34/guides/assistant.adoc.po, 102, 102, 1084, 1084, 0%
l10n/po/pt_BR/content/posts/2025-09-04-quarkus-a2a-java-0-3-0-alpha-release.adoc.po, 50, 50, 1083, 1083, 0%
l10n/po/pt_BR/content/posts/2025/2025-09-04-quarkus-a2a-java-0-3-0-alpha-release.adoc.po, 50, 50, 1083, 1083, 0%
l10n/po/pt_BR/content/guides/rest-migration.adoc.po, 93, 93, 1079, 1079, 0%
l10n/po/pt_BR/content/posts/2025-10-28-quarkus-a2a-java-security.adoc.po, 53, 53, 1079, 1079, 0%
l10n/po/pt_BR/content/posts/2025/2025-10-28-quarkus-a2a-java-security.adoc.po, 53, 53, 1079, 1079, 0%
l10n/po/pt_BR/content/versions/3.15/guides/rest-migration.adoc.po, 93, 93, 1079, 1079, 0%
l10n/po/pt_BR/content/versions/3.20/guides/rest-migration.adoc.po, 93, 93, 1079, 1079, 0%
l10n/po/pt_BR/content/versions/3.27/guides/rest-migration.adoc.po, 93, 93, 1079, 1079, 0%
l10n/po/pt_BR/content/versions/3.33/guides/rest-migration.adoc.po, 93, 93, 1079, 1079, 0%
l10n/po/pt_BR/content/versions/3.34/guides/rest-migration.adoc.po, 93, 93, 1079, 1079, 0%
l10n/po/pt_BR/content/versions/3.8/guides/writing-extensions.adoc.po, 37, 544, 1079, 11306, 91%
l10n/po/pt_BR/content/versions/main/guides/rest-migration.adoc.po, 93, 93, 1079, 1079, 0%
l10n/po/pt_BR/content/versions/3.27/guides/grpc-generation-reference.adoc.po, 97, 99, 1078, 1082, 1%
l10n/po/pt_BR/content/versions/2.13/guides/performance-measure.adoc.po, 65, 69, 1075, 1082, 1%
l10n/po/pt_BR/content/posts/2024-12-09-quarkus-rpi-bare-metal.adoc.po, 38, 38, 1070, 1070, 0%
l10n/po/pt_BR/content/posts/2024/2024-12-09-quarkus-rpi-bare-metal.adoc.po, 38, 38, 1070, 1070, 0%
l10n/po/pt_BR/content/versions/3.15/guides/extension-metadata.adoc.po, 54, 55, 1069, 1070, 1%
l10n/po/pt_BR/content/guides/cache-redis-reference.adoc.po, 71, 105, 1067, 1464, 28%
l10n/po/pt_BR/content/versions/3.33/guides/cache-redis-reference.adoc.po, 71, 105, 1067, 1464, 28%
l10n/po/pt_BR/content/versions/3.34/guides/cache-redis-reference.adoc.po, 71, 105, 1067, 1464, 28%
l10n/po/pt_BR/content/versions/3.27/guides/smallrye-metrics.adoc.po, 68, 94, 1066, 1236, 14%
l10n/po/pt_BR/content/versions/3.20/guides/smallrye-metrics.adoc.po, 67, 94, 1065, 1236, 14%
l10n/po/pt_BR/content/guides/scripting.adoc.po, 65, 81, 1063, 1170, 10%
l10n/po/pt_BR/content/versions/3.15/guides/scripting.adoc.po, 65, 81, 1063, 1170, 10%
l10n/po/pt_BR/content/versions/3.20/guides/scripting.adoc.po, 65, 81, 1063, 1170, 10%
l10n/po/pt_BR/content/versions/3.27/guides/assistant.adoc.po, 100, 100, 1063, 1063, 0%
l10n/po/pt_BR/content/versions/3.27/guides/scripting.adoc.po, 65, 81, 1063, 1170, 10%
l10n/po/pt_BR/content/versions/3.33/guides/scripting.adoc.po, 65, 81, 1063, 1170, 10%
l10n/po/pt_BR/content/versions/3.34/guides/scripting.adoc.po, 65, 81, 1063, 1170, 10%
l10n/po/pt_BR/content/versions/main/guides/scripting.adoc.po, 65, 81, 1063, 1170, 10%
l10n/po/pt_BR/content/posts/2021-04-20-solving-problems-with-custom-extensions.adoc.po, 60, 60, 1061, 1061, 0%
l10n/po/pt_BR/content/posts/2021/2021-04-20-solving-problems-with-custom-extensions.adoc.po, 60, 60, 1061, 1061, 0%
l10n/po/pt_BR/content/posts/2019-12-23-quarkus-1-1-0-final-released.adoc.po, 54, 55, 1060, 1062, 1%
l10n/po/pt_BR/content/posts/2019/2019-12-23-quarkus-1-1-0-final-released.adoc.po, 54, 55, 1060, 1062, 1%
l10n/po/pt_BR/content/versions/3.15/guides/smallrye-metrics.adoc.po, 67, 94, 1057, 1228, 14%
l10n/po/pt_BR/content/versions/3.33/guides/security-cors.adoc.po, 75, 88, 1057, 1153, 9%
l10n/po/pt_BR/content/versions/3.8/guides/spring-cloud-config-client.adoc.po, 93, 138, 1057, 1383, 24%
l10n/po/pt_BR/content/versions/3.2/guides/smallrye-metrics.adoc.po, 67, 91, 1055, 1197, 12%
l10n/po/pt_BR/content/posts/2024-04-25-search-indexing-rollover.adoc.po, 44, 44, 1051, 1051, 0%
l10n/po/pt_BR/content/posts/2024/2024-04-25-search-indexing-rollover.adoc.po, 44, 44, 1051, 1051, 0%
l10n/po/pt_BR/content/versions/3.8/guides/smallrye-metrics.adoc.po, 67, 94, 1049, 1220, 15%
l10n/po/pt_BR/content/versions/2.16/guides/security-ldap.adoc.po, 105, 136, 1047, 1212, 14%
l10n/po/pt_BR/content/versions/3.2/guides/dev-ui.adoc.po, 72, 73, 1047, 1049, 1%
l10n/po/pt_BR/content/versions/3.8/guides/extension-metadata.adoc.po, 53, 54, 1047, 1048, 1%
l10n/po/pt_BR/content/posts/2026-05-01-quarkus-3-35-released.adoc.po, 68, 69, 1046, 1047, 1%
l10n/po/pt_BR/content/posts/2026/2026-05-01-quarkus-3-35-released.adoc.po, 68, 69, 1046, 1047, 1%
l10n/po/pt_BR/content/posts/2025-03-31-mmaler-blogpost-1-intro.adoc.po, 33, 34, 1045, 1047, 1%
l10n/po/pt_BR/content/posts/2025/2025-03-31-mmaler-blogpost-1-intro.adoc.po, 33, 34, 1045, 1047, 1%
l10n/po/pt_BR/content/versions/3.8/guides/resteasy-reactive-migration.adoc.po, 91, 91, 1044, 1044, 0%
l10n/po/pt_BR/content/versions/2.16/guides/performance-measure.adoc.po, 62, 66, 1043, 1050, 1%
l10n/po/pt_BR/content/versions/3.2/guides/performance-measure.adoc.po, 62, 66, 1043, 1050, 1%
l10n/po/pt_BR/content/posts/2019-09-23-quarkus-developer-joy-for-vs-code.adoc.po, 44, 46, 1042, 1045, 1%
l10n/po/pt_BR/content/posts/2019/2019-09-23-quarkus-developer-joy-for-vs-code.adoc.po, 44, 46, 1042, 1045, 1%
l10n/po/pt_BR/content/posts/2020-01-28-vscode-quarkus-1.3.0.adoc.po, 79, 79, 1041, 1041, 0%
l10n/po/pt_BR/content/posts/2020/2020-01-28-vscode-quarkus-1.3.0.adoc.po, 79, 79, 1041, 1041, 0%
l10n/po/pt_BR/content/versions/3.2/guides/spring-cloud-config-client.adoc.po, 92, 135, 1039, 1352, 24%
l10n/po/pt_BR/content/versions/2.13/guides/scripting.adoc.po, 63, 79, 1037, 1153, 11%
l10n/po/pt_BR/content/versions/2.16/guides/scripting.adoc.po, 63, 79, 1037, 1153, 11%
l10n/po/pt_BR/content/posts/2021-09-15-adoptium-customer-story.adoc.po, 30, 31, 1036, 1082, 5%
l10n/po/pt_BR/content/posts/2021/2021-09-15-adoptium-customer-story.adoc.po, 30, 31, 1036, 1082, 5%
l10n/po/pt_BR/content/posts/2025-10-20-quarkus-component-test-update.adoc.po, 49, 49, 1035, 1035, 0%
l10n/po/pt_BR/content/posts/2025/2025-10-20-quarkus-component-test-update.adoc.po, 49, 49, 1035, 1035, 0%
l10n/po/pt_BR/content/posts/2022-08-31-quarkus-helm.adoc.po, 53, 53, 1034, 1034, 0%
l10n/po/pt_BR/content/posts/2022/2022-08-31-quarkus-helm.adoc.po, 53, 53, 1034, 1034, 0%
l10n/po/pt_BR/content/versions/3.2/guides/scripting.adoc.po, 62, 79, 1034, 1154, 11%
l10n/po/pt_BR/content/posts/2026-09-07-quarkus-insights-258-quarkus-feature-flags.adoc.po, 56, 56, 1033, 1033, 0%
l10n/po/pt_BR/content/posts/2026/2026-09-07-quarkus-insights-258-quarkus-feature-flags.adoc.po, 56, 56, 1033, 1033, 0%
l10n/po/pt_BR/content/posts/2025-10-31-continued-focus-on-native.adoc.po, 24, 24, 1032, 1032, 0%
l10n/po/pt_BR/content/posts/2025/2025-10-31-continued-focus-on-native.adoc.po, 24, 24, 1032, 1032, 0%
l10n/po/pt_BR/templates/partials/spring-migrate-content.html.po, 76, 77, 1018, 1019, 1%
l10n/po/pt_BR/content/versions/3.2/guides/extension-metadata.adoc.po, 52, 53, 1015, 1016, 1%
l10n/po/pt_BR/content/versions/3.8/guides/resteasy-client.adoc.po, 41, 110, 1012, 1806, 44%
l10n/po/pt_BR/content/versions/2.13/guides/security-ldap.adoc.po, 103, 134, 1011, 1176, 15%
l10n/po/pt_BR/content/versions/3.2/guides/redis-dev-services.adoc.po, 52, 67, 1011, 1260, 20%
l10n/po/pt_BR/content/versions/3.8/guides/redis-dev-services.adoc.po, 52, 67, 1011, 1260, 20%
l10n/po/pt_BR/content/versions/main/guides/config-extending-support.adoc.po, 62, 65, 1011, 1016, 1%
l10n/po/pt_BR/content/posts/2021-12-22-quarkus-2-6-0-final-released.adoc.po, 61, 61, 1008, 1008, 0%
l10n/po/pt_BR/content/posts/2021/2021-12-22-quarkus-2-6-0-final-released.adoc.po, 61, 61, 1008, 1008, 0%
l10n/po/pt_BR/content/versions/3.15/guides/security-oidc-code-flow-authentication-tutorial.adoc.po, 63, 89, 1008, 1176, 15%
l10n/po/pt_BR/content/versions/3.20/guides/security-oidc-code-flow-authentication-tutorial.adoc.po, 63, 89, 1008, 1176, 15%
l10n/po/pt_BR/content/versions/3.27/guides/security-oidc-code-flow-authentication-tutorial.adoc.po, 63, 89, 1008, 1176, 15%
l10n/po/pt_BR/content/versions/3.20/guides/cdi-integration.adoc.po, 36, 152, 1005, 2648, 63%
l10n/po/pt_BR/content/versions/3.27/guides/cdi-integration.adoc.po, 36, 152, 1005, 2648, 63%
l10n/po/pt_BR/content/posts/2025-07-15-quickjs4j.adoc.po, 84, 86, 1002, 1005, 1%
l10n/po/pt_BR/content/posts/2025/2025-07-15-quickjs4j.adoc.po, 84, 86, 1002, 1005, 1%
l10n/po/pt_BR/content/versions/3.8/guides/scripting.adoc.po, 61, 78, 1002, 1122, 11%
l10n/po/pt_BR/content/guides/security-oidc-code-flow-authentication-tutorial.adoc.po, 62, 88, 1000, 1168, 15%
l10n/po/pt_BR/content/versions/3.33/guides/security-oidc-code-flow-authentication-tutorial.adoc.po, 62, 88, 1000, 1168, 15%
l10n/po/pt_BR/content/versions/3.34/guides/security-oidc-code-flow-authentication-tutorial.adoc.po, 62, 88, 1000, 1168, 15%
l10n/po/pt_BR/content/versions/main/guides/security-oidc-code-flow-authentication-tutorial.adoc.po, 62, 88, 1000, 1168, 15%
l10n/po/pt_BR/content/guides/observability-devservices-lgtm.adoc.po, 66, 67, 999, 1002, 1%
l10n/po/pt_BR/content/versions/3.15/guides/testing-components.adoc.po, 47, 49, 999, 1001, 1%
l10n/po/pt_BR/content/versions/3.20/guides/testing-components.adoc.po, 47, 49, 999, 1001, 1%
l10n/po/pt_BR/content/versions/2.13/guides/dev-ui.adoc.po, 69, 71, 998, 1018, 2%
l10n/po/pt_BR/content/versions/2.16/guides/dev-ui.adoc.po, 69, 71, 998, 1018, 2%
l10n/po/pt_BR/content/versions/3.20/guides/grpc-generation-reference.adoc.po, 92, 94, 997, 1001, 1%
l10n/po/pt_BR/content/posts/2020-05-12-native-command-mode-tools.adoc.po, 33, 33, 996, 996, 0%
l10n/po/pt_BR/content/posts/2020/2020-05-12-native-command-mode-tools.adoc.po, 33, 33, 996, 996, 0%
l10n/po/pt_BR/content/versions/3.20/guides/cache-redis-reference.adoc.po, 66, 100, 996, 1393, 29%
l10n/po/pt_BR/content/versions/3.27/guides/cache-redis-reference.adoc.po, 66, 100, 996, 1393, 29%
l10n/po/pt_BR/content/versions/main/guides/cache-redis-reference.adoc.po, 66, 100, 996, 1393, 29%
l10n/po/pt_BR/content/guides/lifecycle.adoc.po, 52, 85, 995, 1294, 24%
l10n/po/pt_BR/content/guides/spring-security.adoc.po, 82, 121, 995, 1358, 27%
l10n/po/pt_BR/content/versions/main/guides/lifecycle.adoc.po, 52, 85, 995, 1294, 24%
l10n/po/pt_BR/content/versions/main/guides/spring-security.adoc.po, 82, 121, 995, 1358, 27%
l10n/po/pt_BR/content/guides/lra-dev-services.adoc.po, 56, 63, 994, 1005, 2%
l10n/po/pt_BR/content/posts/2022-11-28-quarkus-support-for-aws-lambda-snapstart.adoc.po, 62, 63, 994, 995, 1%
l10n/po/pt_BR/content/posts/2022/2022-11-28-quarkus-support-for-aws-lambda-snapstart.adoc.po, 62, 63, 994, 995, 1%
l10n/po/pt_BR/content/versions/3.33/guides/lra-dev-services.adoc.po, 56, 63, 994, 1005, 2%
l10n/po/pt_BR/content/versions/3.34/guides/lra-dev-services.adoc.po, 56, 63, 994, 1005, 2%
l10n/po/pt_BR/content/versions/main/guides/lra-dev-services.adoc.po, 56, 63, 994, 1005, 2%
l10n/po/pt_BR/content/versions/2.13/guides/security-authorization.adoc.po, 47, 49, 991, 996, 1%
l10n/po/pt_BR/content/versions/3.33/guides/lifecycle.adoc.po, 51, 85, 991, 1294, 24%
l10n/po/pt_BR/content/versions/3.34/guides/lifecycle.adoc.po, 51, 85, 991, 1294, 24%
l10n/po/pt_BR/content/guides/spring-di.adoc.po, 68, 109, 990, 1281, 23%
l10n/po/pt_BR/content/versions/main/guides/spring-di.adoc.po, 68, 109, 990, 1281, 23%
l10n/po/pt_BR/content/versions/2.13/guides/stork.adoc.po, 59, 81, 986, 1115, 12%
l10n/po/pt_BR/content/versions/2.16/guides/stork.adoc.po, 59, 81, 986, 1115, 12%
l10n/po/pt_BR/content/versions/3.15/guides/resteasy-client.adoc.po, 40, 110, 986, 1808, 46%
l10n/po/pt_BR/content/posts/2023-08-23-quarkus-3-3-0-released.adoc.po, 62, 65, 985, 988, 1%
l10n/po/pt_BR/content/posts/2023/2023-08-23-quarkus-3-3-0-released.adoc.po, 62, 65, 985, 988, 1%
l10n/po/pt_BR/content/versions/3.15/guides/spring-security.adoc.po, 80, 119, 984, 1347, 27%
l10n/po/pt_BR/content/versions/3.20/guides/spring-security.adoc.po, 80, 119, 984, 1347, 27%
l10n/po/pt_BR/content/versions/3.27/guides/spring-security.adoc.po, 80, 119, 984, 1347, 27%
l10n/po/pt_BR/content/versions/3.33/guides/spring-security.adoc.po, 80, 119, 984, 1347, 27%
l10n/po/pt_BR/content/versions/3.34/guides/spring-security.adoc.po, 80, 119, 984, 1347, 27%
l10n/po/pt_BR/content/versions/3.8/guides/spring-security.adoc.po, 80, 119, 984, 1347, 27%
l10n/po/pt_BR/content/versions/3.20/guides/security-getting-started-tutorial.adoc.po, 48, 119, 983, 1698, 43%
l10n/po/pt_BR/content/posts/2026-05-18-a2a-java-sdk-1-0-0-cr1-released.adoc.po, 74, 74, 981, 981, 0%
l10n/po/pt_BR/content/posts/2026/2026-05-18-a2a-java-sdk-1-0-0-cr1-released.adoc.po, 74, 74, 981, 981, 0%
l10n/po/pt_BR/content/versions/3.8/guides/security-ldap.adoc.po, 102, 144, 981, 1277, 24%
l10n/po/pt_BR/content/versions/3.2/guides/resteasy-reactive-migration.adoc.po, 87, 87, 980, 980, 0%
l10n/po/pt_BR/content/guides/liquibase-mongodb.adoc.po, 115, 131, 979, 1095, 11%
l10n/po/pt_BR/content/posts/2022-11-22-redis-job-queue-reloaded.adoc.po, 31, 31, 979, 979, 0%
l10n/po/pt_BR/content/posts/2022/2022-11-22-redis-job-queue-reloaded.adoc.po, 31, 31, 979, 979, 0%
l10n/po/pt_BR/content/versions/3.27/guides/spring-di.adoc.po, 66, 107, 979, 1270, 23%
l10n/po/pt_BR/content/versions/3.33/guides/spring-di.adoc.po, 66, 107, 979, 1270, 23%
l10n/po/pt_BR/content/versions/3.34/guides/spring-di.adoc.po, 66, 107, 979, 1270, 23%
l10n/po/pt_BR/content/versions/main/guides/liquibase-mongodb.adoc.po, 115, 131, 979, 1095, 11%
l10n/po/pt_BR/content/guides/security-keycloak-admin-client.adoc.po, 82, 110, 978, 1156, 16%
l10n/po/pt_BR/content/versions/3.20/guides/spring-di.adoc.po, 65, 107, 978, 1270, 23%
l10n/po/pt_BR/content/versions/3.27/guides/security-keycloak-admin-client.adoc.po, 82, 110, 978, 1156, 16%
l10n/po/pt_BR/content/versions/3.33/guides/security-keycloak-admin-client.adoc.po, 82, 110, 978, 1156, 16%
l10n/po/pt_BR/content/versions/3.34/guides/security-keycloak-admin-client.adoc.po, 82, 110, 978, 1156, 16%
l10n/po/pt_BR/content/versions/main/guides/security-keycloak-admin-client.adoc.po, 82, 110, 978, 1156, 16%
l10n/po/pt_BR/content/versions/3.20/guides/security-keycloak-admin-client.adoc.po, 81, 110, 977, 1156, 16%
l10n/po/pt_BR/content/versions/3.15/guides/spring-di.adoc.po, 65, 107, 976, 1268, 24%
l10n/po/pt_BR/content/versions/3.8/guides/spring-di.adoc.po, 65, 107, 975, 1267, 24%
l10n/po/pt_BR/content/versions/main/guides/http3-reference.adoc.po, 73, 82, 972, 982, 2%
l10n/po/pt_BR/content/posts/2019-11-06-gowithflow-chooses-quarkus-to-deliver-fast-to-production.adoc.po, 37, 37, 970, 970, 0%
l10n/po/pt_BR/content/posts/2019/2019-11-06-gowithflow-chooses-quarkus-to-deliver-fast-to-production.adoc.po, 37, 37, 970, 970, 0%
l10n/po/pt_BR/content/posts/2021-03-30-quarkus-1-13-0-final-released.adoc.po, 58, 58, 970, 970, 0%
l10n/po/pt_BR/content/posts/2021/2021-03-30-quarkus-1-13-0-final-released.adoc.po, 58, 58, 970, 970, 0%
l10n/po/pt_BR/content/posts/2022-04-27-monitoring-quarkus-jvm-mode-with-cryostat.adoc.po, 35, 35, 970, 970, 0%
l10n/po/pt_BR/content/posts/2022/2022-04-27-monitoring-quarkus-jvm-mode-with-cryostat.adoc.po, 35, 35, 970, 970, 0%
l10n/po/pt_BR/content/versions/3.2/guides/elasticsearch-dev-services.adoc.po, 60, 68, 970, 982, 2%
l10n/po/pt_BR/content/posts/2020-01-28-quarkus-1-2-0-final-released.adoc.po, 67, 68, 968, 969, 1%
l10n/po/pt_BR/content/posts/2020/2020-01-28-quarkus-1-2-0-final-released.adoc.po, 67, 68, 968, 969, 1%
l10n/po/pt_BR/content/posts/2022-08-30-kafka-serde.adoc.po, 42, 42, 968, 968, 0%
l10n/po/pt_BR/content/posts/2022/2022-08-30-kafka-serde.adoc.po, 42, 42, 968, 968, 0%
l10n/po/pt_BR/content/guides/stork.adoc.po, 58, 84, 967, 1142, 16%
l10n/po/pt_BR/content/versions/2.13/guides/smallrye-metrics.adoc.po, 65, 88, 967, 1092, 12%
l10n/po/pt_BR/content/versions/2.16/guides/smallrye-metrics.adoc.po, 65, 88, 967, 1092, 12%
l10n/po/pt_BR/content/versions/3.2/guides/stork.adoc.po, 58, 81, 967, 1113, 14%
l10n/po/pt_BR/content/versions/3.27/guides/stork.adoc.po, 58, 84, 967, 1142, 16%
l10n/po/pt_BR/content/versions/3.33/guides/stork.adoc.po, 58, 84, 967, 1142, 16%
l10n/po/pt_BR/content/versions/3.34/guides/stork.adoc.po, 58, 84, 967, 1142, 16%
l10n/po/pt_BR/content/versions/3.8/guides/stork.adoc.po, 58, 84, 967, 1142, 16%
l10n/po/pt_BR/content/versions/main/guides/stork.adoc.po, 58, 84, 967, 1142, 16%
l10n/po/pt_BR/content/versions/3.15/guides/stork.adoc.po, 58, 84, 966, 1141, 16%
l10n/po/pt_BR/content/versions/3.20/guides/stork.adoc.po, 58, 84, 966, 1141, 16%
l10n/po/pt_BR/content/versions/main/guides/config-mappings.adoc.po, 71, 121, 966, 1714, 44%
l10n/po/pt_BR/content/posts/2024-02-27-quarkus-kiota.adoc.po, 38, 38, 963, 963, 0%
l10n/po/pt_BR/content/posts/2024/2024-02-27-quarkus-kiota.adoc.po, 38, 38, 963, 963, 0%
l10n/po/pt_BR/content/versions/3.2/guides/security-ldap.adoc.po, 101, 141, 963, 1246, 23%
l10n/po/pt_BR/content/posts/2025-01-08-quarkus-langchain4j-mcp.adoc.po, 35, 36, 958, 959, 1%
l10n/po/pt_BR/content/posts/2025/2025-01-08-quarkus-langchain4j-mcp.adoc.po, 35, 36, 958, 959, 1%
l10n/po/pt_BR/content/posts/2026-08-18-a2a-java-sdk-1-2-0-final-released.adoc.po, 82, 82, 958, 958, 0%
l10n/po/pt_BR/content/posts/2026/2026-08-18-a2a-java-sdk-1-2-0-final-released.adoc.po, 82, 82, 958, 958, 0%
l10n/po/pt_BR/content/versions/2.13/guides/spring-security.adoc.po, 73, 108, 958, 1275, 25%
l10n/po/pt_BR/content/versions/2.16/guides/spring-security.adoc.po, 73, 108, 958, 1275, 25%
l10n/po/pt_BR/content/versions/2.16/guides/extension-metadata.adoc.po, 51, 52, 956, 957, 1%
l10n/po/pt_BR/content/guides/command-mode-reference.adoc.po, 55, 71, 954, 1074, 12%
l10n/po/pt_BR/content/versions/2.13/guides/reactive-event-bus.adoc.po, 67, 73, 954, 983, 3%
l10n/po/pt_BR/content/versions/2.16/guides/reactive-event-bus.adoc.po, 67, 73, 954, 983, 3%
l10n/po/pt_BR/content/versions/3.27/guides/command-mode-reference.adoc.po, 55, 71, 954, 1074, 12%
l10n/po/pt_BR/content/versions/3.33/guides/command-mode-reference.adoc.po, 55, 71, 954, 1074, 12%
l10n/po/pt_BR/content/versions/3.34/guides/command-mode-reference.adoc.po, 55, 71, 954, 1074, 12%
l10n/po/pt_BR/content/versions/main/guides/command-mode-reference.adoc.po, 55, 71, 954, 1074, 12%
l10n/po/pt_BR/content/guides/spring-web.adoc.po, 100, 139, 951, 1315, 28%
l10n/po/pt_BR/content/versions/main/guides/spring-web.adoc.po, 100, 139, 951, 1315, 28%
l10n/po/pt_BR/content/posts/2019-07-31-quarkus-0-20-0-released.adoc.po, 49, 49, 948, 948, 0%
l10n/po/pt_BR/content/posts/2019/2019-07-31-quarkus-0-20-0-released.adoc.po, 49, 49, 948, 948, 0%
l10n/po/pt_BR/content/versions/2.16/guides/redis-dev-services.adoc.po, 39, 54, 948, 1197, 21%
l10n/po/pt_BR/content/posts/2020-10-21-quarkus-1-9-0-final-released.adoc.po, 57, 57, 945, 945, 0%
l10n/po/pt_BR/content/posts/2020/2020-10-21-quarkus-1-9-0-final-released.adoc.po, 57, 57, 945, 945, 0%
l10n/po/pt_BR/content/posts/2022-09-13-aphp-user-story.adoc.po, 37, 37, 945, 945, 0%
l10n/po/pt_BR/content/posts/2022/2022-09-13-aphp-user-story.adoc.po, 37, 37, 945, 945, 0%
l10n/po/pt_BR/content/versions/2.13/guides/funqy-gcp-functions.adoc.po, 57, 76, 945, 1047, 10%
l10n/po/pt_BR/content/posts/2019-11-25-quarkus-1-0-0-Final-bits-are-here.adoc.po, 31, 32, 943, 944, 1%
l10n/po/pt_BR/content/posts/2019/2019-11-25-quarkus-1-0-0-Final-bits-are-here.adoc.po, 31, 32, 943, 944, 1%
l10n/po/pt_BR/content/posts/2022-11-10-road-to-quarkus-3.adoc.po, 53, 53, 942, 942, 0%
l10n/po/pt_BR/content/posts/2022/2022-11-10-road-to-quarkus-3.adoc.po, 53, 53, 942, 942, 0%
l10n/po/pt_BR/content/posts/2019-11-21-vscode-quarkus-1.2.0.adoc.po, 48, 48, 940, 940, 0%
l10n/po/pt_BR/content/posts/2019/2019-11-21-vscode-quarkus-1.2.0.adoc.po, 48, 48, 940, 940, 0%
l10n/po/pt_BR/content/posts/2025-01-29-introducing-mcp-servers.adoc.po, 49, 49, 940, 940, 0%
l10n/po/pt_BR/content/posts/2025/2025-01-29-introducing-mcp-servers.adoc.po, 49, 49, 940, 940, 0%
l10n/po/pt_BR/content/versions/3.33/guides/spring-web.adoc.po, 98, 137, 940, 1304, 28%
l10n/po/pt_BR/content/versions/3.34/guides/spring-web.adoc.po, 98, 137, 940, 1304, 28%
l10n/po/pt_BR/content/posts/2024-06-26-quarkus-3-12-0-released.adoc.po, 66, 68, 939, 941, 1%
l10n/po/pt_BR/content/posts/2024/2024-06-26-quarkus-3-12-0-released.adoc.po, 66, 68, 939, 941, 1%
l10n/po/pt_BR/content/versions/3.2/guides/spring-security.adoc.po, 72, 108, 938, 1272, 27%
l10n/po/pt_BR/content/guides/reactive-event-bus.adoc.po, 66, 76, 936, 1011, 8%
l10n/po/pt_BR/content/posts/2024-07-31-quarkus-3-13-0-released.adoc.po, 62, 63, 936, 937, 1%
l10n/po/pt_BR/content/posts/2024/2024-07-31-quarkus-3-13-0-released.adoc.po, 62, 63, 936, 937, 1%
l10n/po/pt_BR/content/versions/3.15/guides/reactive-event-bus.adoc.po, 66, 76, 936, 1011, 8%
l10n/po/pt_BR/content/versions/3.2/guides/reactive-event-bus.adoc.po, 66, 73, 936, 982, 5%
l10n/po/pt_BR/content/versions/3.20/guides/reactive-event-bus.adoc.po, 66, 76, 936, 1011, 8%
l10n/po/pt_BR/content/versions/3.27/guides/reactive-event-bus.adoc.po, 66, 76, 936, 1011, 8%
l10n/po/pt_BR/content/versions/3.33/guides/reactive-event-bus.adoc.po, 66, 76, 936, 1011, 8%
l10n/po/pt_BR/content/versions/3.34/guides/reactive-event-bus.adoc.po, 66, 76, 936, 1011, 8%
l10n/po/pt_BR/content/versions/3.8/guides/reactive-event-bus.adoc.po, 66, 76, 936, 1011, 8%
l10n/po/pt_BR/content/versions/main/guides/reactive-event-bus.adoc.po, 66, 76, 936, 1011, 8%
l10n/po/pt_BR/content/versions/2.16/guides/elasticsearch-dev-services.adoc.po, 51, 59, 934, 946, 2%
l10n/po/pt_BR/content/posts/2025-06-27-a2a-project-launches-java-sdk.adoc.po, 39, 39, 933, 933, 0%
l10n/po/pt_BR/content/posts/2025/2025-06-27-a2a-project-launches-java-sdk.adoc.po, 39, 39, 933, 933, 0%
l10n/po/pt_BR/content/guides/spring-data-jpa.adoc.po, 57, 107, 932, 1345, 31%
l10n/po/pt_BR/content/posts/2026-01-19-a2a-java-sdk-1-0-0-alpha1.adoc.po, 67, 68, 932, 934, 1%
l10n/po/pt_BR/content/posts/2026/2026-01-19-a2a-java-sdk-1-0-0-alpha1.adoc.po, 67, 68, 932, 934, 1%
l10n/po/pt_BR/content/versions/main/guides/spring-data-jpa.adoc.po, 57, 107, 932, 1345, 31%
l10n/po/pt_BR/_data/versioned/main/index/relations.yaml.po, 207, 535, 931, 1451, 36%
l10n/po/pt_BR/content/posts/2020-08-13-quarkus-1-7-0-final-released.adoc.po, 61, 62, 929, 931, 1%
l10n/po/pt_BR/content/posts/2020/2020-08-13-quarkus-1-7-0-final-released.adoc.po, 61, 62, 929, 931, 1%
l10n/po/pt_BR/_data/versioned/latest/index/relations.yaml.po, 205, 533, 926, 1448, 37%
l10n/po/pt_BR/content/posts/2022-09-07-redis-api-intro.adoc.po, 45, 45, 926, 926, 0%
l10n/po/pt_BR/content/posts/2022/2022-09-07-redis-api-intro.adoc.po, 45, 45, 926, 926, 0%
l10n/po/pt_BR/content/versions/2.13/guides/extension-metadata.adoc.po, 50, 51, 926, 927, 1%
l10n/po/pt_BR/content/versions/2.13/guides/elasticsearch-dev-services.adoc.po, 51, 59, 925, 937, 2%
l10n/po/pt_BR/content/posts/2022-02-02-quarkus-2-7-0-final-released.adoc.po, 67, 71, 924, 928, 1%
l10n/po/pt_BR/content/posts/2022/2022-02-02-quarkus-2-7-0-final-released.adoc.po, 67, 71, 924, 928, 1%
l10n/po/pt_BR/content/guides/telemetry-micrometer-to-opentelemetry.adoc.po, 101, 106, 921, 948, 3%
l10n/po/pt_BR/content/versions/3.27/guides/telemetry-micrometer-to-opentelemetry.adoc.po, 101, 106, 921, 948, 3%
l10n/po/pt_BR/content/versions/3.33/guides/telemetry-micrometer-to-opentelemetry.adoc.po, 101, 106, 921, 948, 3%
l10n/po/pt_BR/content/versions/3.34/guides/telemetry-micrometer-to-opentelemetry.adoc.po, 101, 106, 921, 948, 3%
l10n/po/pt_BR/content/posts/2020-10-20-kafka-failure-strategy.adoc.po, 42, 43, 918, 926, 1%
l10n/po/pt_BR/content/posts/2020-12-01-quarkus-1-10-2-final-released.adoc.po, 71, 71, 918, 918, 0%
l10n/po/pt_BR/content/posts/2020/2020-10-20-kafka-failure-strategy.adoc.po, 42, 43, 918, 926, 1%
l10n/po/pt_BR/content/posts/2020/2020-12-01-quarkus-1-10-2-final-released.adoc.po, 71, 71, 918, 918, 0%
l10n/po/pt_BR/content/posts/2023-10-20-cve-2023-44487.adoc.po, 29, 29, 917, 917, 0%
l10n/po/pt_BR/content/posts/2023/2023-10-20-cve-2023-44487.adoc.po, 29, 29, 917, 917, 0%
l10n/po/pt_BR/content/posts/2023-04-19-vscode-quarkus-1.13.0-released.adoc.po, 57, 57, 916, 916, 0%
l10n/po/pt_BR/content/posts/2023/2023-04-19-vscode-quarkus-1.13.0-released.adoc.po, 57, 57, 916, 916, 0%
l10n/po/pt_BR/content/versions/main/guides/telemetry-micrometer-to-opentelemetry.adoc.po, 101, 104, 916, 927, 2%
l10n/po/pt_BR/content/guides/telemetry-micrometer-tutorial.adoc.po, 61, 79, 915, 1047, 13%
l10n/po/pt_BR/content/versions/3.20/guides/telemetry-micrometer-tutorial.adoc.po, 61, 79, 915, 1047, 13%
l10n/po/pt_BR/content/versions/3.27/guides/telemetry-micrometer-tutorial.adoc.po, 61, 79, 915, 1047, 13%
l10n/po/pt_BR/content/versions/3.33/guides/telemetry-micrometer-tutorial.adoc.po, 61, 79, 915, 1047, 13%
l10n/po/pt_BR/content/versions/3.34/guides/telemetry-micrometer-tutorial.adoc.po, 61, 79, 915, 1047, 13%
l10n/po/pt_BR/content/versions/main/guides/telemetry-micrometer-tutorial.adoc.po, 61, 79, 915, 1047, 13%
l10n/po/pt_BR/content/posts/2025-05-08-agentic-ai-with-quarkus-p3.adoc.po, 21, 21, 913, 913, 0%
l10n/po/pt_BR/content/posts/2025/2025-05-08-agentic-ai-with-quarkus-p3.adoc.po, 21, 21, 913, 913, 0%
l10n/po/pt_BR/content/versions/3.20/guides/command-mode-reference.adoc.po, 50, 65, 910, 1029, 12%
l10n/po/pt_BR/content/versions/2.13/guides/redis-dev-services.adoc.po, 39, 54, 909, 1158, 22%
l10n/po/pt_BR/content/posts/2019-07-25-quarkus-dependency-injection.adoc.po, 32, 34, 907, 910, 1%
l10n/po/pt_BR/content/posts/2019/2019-07-25-quarkus-dependency-injection.adoc.po, 32, 34, 907, 910, 1%
l10n/po/pt_BR/_data/books.yaml.po, 85, 87, 904, 908, 1%
l10n/po/pt_BR/content/posts/2025-03-19-sender-constraining-tokens.adoc.po, 30, 31, 903, 904, 1%
l10n/po/pt_BR/content/posts/2025/2025-03-19-sender-constraining-tokens.adoc.po, 30, 31, 903, 904, 1%
l10n/po/pt_BR/content/versions/3.15/guides/command-mode-reference.adoc.po, 50, 65, 901, 1020, 12%
l10n/po/pt_BR/content/versions/3.15/guides/security-getting-started-tutorial.adoc.po, 43, 117, 900, 1682, 47%
l10n/po/pt_BR/content/versions/3.8/guides/security-oidc-code-flow-authentication-tutorial.adoc.po, 60, 86, 900, 1068, 16%
l10n/po/pt_BR/content/versions/3.20/guides/telemetry-micrometer-to-opentelemetry.adoc.po, 99, 104, 898, 925, 3%
l10n/po/pt_BR/content/versions/3.27/guides/security-cors.adoc.po, 64, 77, 898, 994, 10%
l10n/po/pt_BR/content/guides/cache-infinispan-reference.adoc.po, 62, 73, 897, 998, 11%
l10n/po/pt_BR/content/versions/3.20/guides/cache-infinispan-reference.adoc.po, 62, 73, 897, 998, 11%
l10n/po/pt_BR/content/versions/3.27/guides/cache-infinispan-reference.adoc.po, 62, 73, 897, 998, 11%
l10n/po/pt_BR/content/versions/3.33/guides/cache-infinispan-reference.adoc.po, 62, 73, 897, 998, 11%
l10n/po/pt_BR/content/versions/3.34/guides/cache-infinispan-reference.adoc.po, 62, 73, 897, 998, 11%
l10n/po/pt_BR/content/versions/main/guides/cache-infinispan-reference.adoc.po, 62, 73, 897, 998, 11%
l10n/po/pt_BR/content/versions/3.15/guides/telemetry-micrometer-tutorial.adoc.po, 60, 78, 896, 1028, 13%
l10n/po/pt_BR/content/versions/3.2/guides/telemetry-micrometer-tutorial.adoc.po, 60, 75, 896, 999, 11%
l10n/po/pt_BR/content/versions/3.20/guides/kubernetes-dev-services.adoc.po, 46, 65, 896, 1109, 20%
l10n/po/pt_BR/content/versions/3.8/guides/telemetry-micrometer-tutorial.adoc.po, 60, 78, 896, 1028, 13%
l10n/po/pt_BR/content/guides/picocli.adoc.po, 56, 64, 895, 920, 3%
l10n/po/pt_BR/content/versions/3.20/guides/picocli.adoc.po, 56, 64, 895, 920, 3%
l10n/po/pt_BR/content/versions/3.27/guides/picocli.adoc.po, 56, 64, 895, 920, 3%
l10n/po/pt_BR/content/versions/3.33/guides/picocli.adoc.po, 56, 64, 895, 920, 3%
l10n/po/pt_BR/content/versions/3.34/guides/picocli.adoc.po, 56, 64, 895, 920, 3%
l10n/po/pt_BR/content/versions/main/guides/picocli.adoc.po, 56, 64, 895, 920, 3%
l10n/po/pt_BR/content/versions/2.13/guides/stork-reference.adoc.po, 50, 52, 892, 908, 2%
l10n/po/pt_BR/content/versions/2.16/guides/stork-reference.adoc.po, 50, 52, 892, 908, 2%
l10n/po/pt_BR/content/guides/extension-faq.adoc.po, 40, 40, 889, 889, 0%
l10n/po/pt_BR/content/versions/3.27/guides/extension-faq.adoc.po, 40, 40, 889, 889, 0%
l10n/po/pt_BR/content/versions/3.33/guides/extension-faq.adoc.po, 40, 40, 889, 889, 0%
l10n/po/pt_BR/content/versions/3.34/guides/extension-faq.adoc.po, 40, 40, 889, 889, 0%
l10n/po/pt_BR/content/versions/main/guides/extension-faq.adoc.po, 40, 40, 889, 889, 0%
l10n/po/pt_BR/content/versions/3.15/guides/cache-infinispan-reference.adoc.po, 62, 73, 888, 989, 11%
l10n/po/pt_BR/content/posts/2020-08-19-openapi-for-everyone.adoc.po, 52, 52, 887, 887, 0%
l10n/po/pt_BR/content/posts/2020/2020-08-19-openapi-for-everyone.adoc.po, 52, 52, 887, 887, 0%
l10n/po/pt_BR/content/versions/3.20/guides/security-cors.adoc.po, 64, 77, 885, 981, 10%
l10n/po/pt_BR/content/versions/2.13/guides/command-mode-reference.adoc.po, 48, 58, 884, 954, 8%
l10n/po/pt_BR/content/versions/2.16/guides/command-mode-reference.adoc.po, 48, 58, 884, 954, 8%
l10n/po/pt_BR/content/posts/2021-02-02-getting-started-amqp.adoc.po, 45, 45, 883, 883, 0%
l10n/po/pt_BR/content/posts/2021/2021-02-02-getting-started-amqp.adoc.po, 45, 45, 883, 883, 0%
l10n/po/pt_BR/content/versions/3.33/guides/liquibase-mongodb.adoc.po, 105, 121, 877, 993, 12%
l10n/po/pt_BR/content/versions/3.34/guides/liquibase-mongodb.adoc.po, 105, 121, 877, 993, 12%
l10n/po/pt_BR/content/versions/2.16/guides/security-properties.adoc.po, 65, 89, 876, 990, 12%
l10n/po/pt_BR/content/versions/3.15/guides/lifecycle.adoc.po, 47, 81, 876, 1179, 26%
l10n/po/pt_BR/content/versions/3.20/guides/lifecycle.adoc.po, 47, 81, 876, 1179, 26%
l10n/po/pt_BR/content/versions/3.27/guides/lifecycle.adoc.po, 47, 81, 876, 1179, 26%
l10n/po/pt_BR/content/versions/2.13/guides/security-properties.adoc.po, 65, 89, 875, 989, 12%
l10n/po/pt_BR/content/versions/2.13/guides/spring-data-jpa.adoc.po, 49, 99, 875, 1292, 33%
l10n/po/pt_BR/content/versions/2.16/guides/spring-data-jpa.adoc.po, 49, 99, 875, 1292, 33%
l10n/po/pt_BR/content/versions/3.2/guides/spring-di.adoc.po, 56, 91, 875, 1134, 23%
l10n/po/pt_BR/content/posts/2022-08-30-solving-problems-with-extensions-2.adoc.po, 44, 44, 873, 873, 0%
l10n/po/pt_BR/content/posts/2022/2022-08-30-solving-problems-with-extensions-2.adoc.po, 44, 44, 873, 873, 0%
l10n/po/pt_BR/content/posts/2024-06-03-incubating-model-resolver.adoc.po, 32, 32, 873, 873, 0%
l10n/po/pt_BR/content/posts/2024/2024-06-03-incubating-model-resolver.adoc.po, 32, 32, 873, 873, 0%
l10n/po/pt_BR/content/versions/2.16/guides/picocli.adoc.po, 43, 52, 873, 891, 3%
l10n/po/pt_BR/content/posts/2025-01-29-quarkus-3-18-1-released.adoc.po, 61, 64, 872, 876, 1%
l10n/po/pt_BR/content/posts/2025-04-30-quarkus-3-22-1-released.adoc.po, 58, 60, 872, 874, 1%
l10n/po/pt_BR/content/posts/2025/2025-01-29-quarkus-3-18-1-released.adoc.po, 61, 64, 872, 876, 1%
l10n/po/pt_BR/content/posts/2025/2025-04-30-quarkus-3-22-1-released.adoc.po, 58, 60, 872, 874, 1%
l10n/po/pt_BR/content/posts/2026-06-10-a2a-java-sdk-1-0-0-final-released.adoc.po, 58, 59, 872, 873, 1%
l10n/po/pt_BR/content/posts/2026-08-26-quarkus-flow-1-0-0-released.adoc.po, 43, 45, 872, 874, 1%
l10n/po/pt_BR/content/posts/2026/2026-06-10-a2a-java-sdk-1-0-0-final-released.adoc.po, 58, 59, 872, 873, 1%
l10n/po/pt_BR/content/posts/2026/2026-08-26-quarkus-flow-1-0-0-released.adoc.po, 43, 45, 872, 874, 1%
l10n/po/pt_BR/content/guides/conditional-extension-dependencies.adoc.po, 41, 41, 871, 871, 0%
l10n/po/pt_BR/content/versions/main/guides/conditional-extension-dependencies.adoc.po, 41, 41, 871, 871, 0%
l10n/po/pt_BR/content/versions/3.20/guides/conditional-extension-dependencies.adoc.po, 40, 41, 868, 871, 1%
l10n/po/pt_BR/content/versions/3.27/guides/conditional-extension-dependencies.adoc.po, 40, 41, 868, 871, 1%
l10n/po/pt_BR/content/versions/3.33/guides/conditional-extension-dependencies.adoc.po, 40, 41, 868, 871, 1%
l10n/po/pt_BR/content/versions/3.34/guides/conditional-extension-dependencies.adoc.po, 40, 41, 868, 871, 1%
l10n/po/pt_BR/content/posts/2023-09-20-quarkus-observability-3-3.adoc.po, 54, 55, 867, 870, 1%
l10n/po/pt_BR/content/posts/2023/2023-09-20-quarkus-observability-3-3.adoc.po, 54, 55, 867, 870, 1%
l10n/po/pt_BR/content/versions/3.15/guides/spring-data-jpa.adoc.po, 52, 106, 866, 1329, 35%
l10n/po/pt_BR/content/versions/3.20/guides/spring-data-jpa.adoc.po, 52, 106, 866, 1329, 35%
l10n/po/pt_BR/content/versions/3.27/guides/spring-data-jpa.adoc.po, 52, 106, 866, 1329, 35%
l10n/po/pt_BR/content/versions/3.33/guides/spring-data-jpa.adoc.po, 52, 106, 866, 1329, 35%
l10n/po/pt_BR/content/versions/3.34/guides/spring-data-jpa.adoc.po, 52, 106, 866, 1329, 35%
l10n/po/pt_BR/content/versions/3.15/guides/picocli.adoc.po, 45, 55, 865, 892, 4%
l10n/po/pt_BR/content/versions/2.16/guides/resteasy-reactive-migration.adoc.po, 83, 83, 864, 864, 0%
l10n/po/pt_BR/content/versions/3.2/guides/command-mode-reference.adoc.po, 47, 58, 864, 951, 10%
l10n/po/pt_BR/content/versions/3.8/guides/command-mode-reference.adoc.po, 47, 61, 864, 980, 12%
l10n/po/pt_BR/content/posts/2025-09-15-quarkus-a2a-multi-agent-content-creation.adoc.po, 66, 67, 863, 864, 1%
l10n/po/pt_BR/content/posts/2025/2025-09-15-quarkus-a2a-multi-agent-content-creation.adoc.po, 66, 67, 863, 864, 1%
l10n/po/pt_BR/content/versions/2.13/guides/resteasy-reactive-migration.adoc.po, 81, 81, 862, 862, 0%
l10n/po/pt_BR/content/versions/3.2/guides/spring-data-jpa.adoc.po, 49, 100, 862, 1296, 34%
l10n/po/pt_BR/content/versions/3.8/guides/spring-data-jpa.adoc.po, 49, 103, 862, 1325, 35%
l10n/po/pt_BR/_data/extensions.yaml.po, 386, 416, 860, 896, 5%
l10n/po/pt_BR/content/posts/2022-07-27-quarkus-2-11-1-final-released.adoc.po, 51, 51, 857, 857, 0%
l10n/po/pt_BR/content/posts/2022/2022-07-27-quarkus-2-11-1-final-released.adoc.po, 51, 51, 857, 857, 0%
l10n/po/pt_BR/content/posts/2021-04-15-gui-react-patternfly.adoc.po, 36, 36, 855, 855, 0%
l10n/po/pt_BR/content/posts/2021/2021-04-15-gui-react-patternfly.adoc.po, 36, 36, 855, 855, 0%
l10n/po/pt_BR/content/versions/3.2/guides/picocli.adoc.po, 45, 54, 852, 870, 3%
l10n/po/pt_BR/content/versions/3.8/guides/picocli.adoc.po, 45, 55, 852, 879, 4%
l10n/po/pt_BR/content/posts/2023-07-05-quarkus-3-2-0-final-released.adoc.po, 50, 52, 850, 852, 1%
l10n/po/pt_BR/content/posts/2023/2023-07-05-quarkus-3-2-0-final-released.adoc.po, 50, 52, 850, 852, 1%
l10n/po/pt_BR/content/posts/2023-11-30-java-17.adoc.po, 31, 31, 847, 847, 0%
l10n/po/pt_BR/content/posts/2023/2023-11-30-java-17.adoc.po, 31, 31, 847, 847, 0%
l10n/po/pt_BR/content/posts/2023-05-15-pact-and-quarkus-3.adoc.po, 36, 36, 846, 846, 0%
l10n/po/pt_BR/content/posts/2023/2023-05-15-pact-and-quarkus-3.adoc.po, 36, 36, 846, 846, 0%
l10n/po/pt_BR/content/posts/2023-01-16-native-adopts-adaptive-gc-policy.adoc.po, 16, 16, 844, 844, 0%
l10n/po/pt_BR/content/posts/2023/2023-01-16-native-adopts-adaptive-gc-policy.adoc.po, 16, 16, 844, 844, 0%
l10n/po/pt_BR/content/versions/3.8/guides/security-getting-started-tutorial.adoc.po, 37, 113, 842, 1639, 49%
l10n/po/pt_BR/content/posts/2020-09-02-mutiny-redis.adoc.po, 40, 40, 839, 839, 0%
l10n/po/pt_BR/content/posts/2020/2020-09-02-mutiny-redis.adoc.po, 40, 40, 839, 839, 0%
l10n/po/pt_BR/content/guides/amqp-dev-services.adoc.po, 46, 65, 837, 1069, 22%
l10n/po/pt_BR/content/versions/3.33/guides/amqp-dev-services.adoc.po, 46, 65, 837, 1069, 22%
l10n/po/pt_BR/content/versions/3.34/guides/amqp-dev-services.adoc.po, 46, 65, 837, 1069, 22%
l10n/po/pt_BR/content/versions/main/guides/amqp-dev-services.adoc.po, 46, 65, 837, 1069, 22%
l10n/po/pt_BR/content/guides/mongodb-dev-services.adoc.po, 47, 55, 836, 908, 8%
l10n/po/pt_BR/content/posts/2022-03-28-vscode-quarkus-1.10.0.adoc.po, 34, 34, 836, 836, 0%
l10n/po/pt_BR/content/posts/2022/2022-03-28-vscode-quarkus-1.10.0.adoc.po, 34, 34, 836, 836, 0%
l10n/po/pt_BR/content/posts/2023-02-10-jpastreamer-extension.adoc.po, 35, 35, 836, 836, 0%
l10n/po/pt_BR/content/posts/2023/2023-02-10-jpastreamer-extension.adoc.po, 35, 35, 836, 836, 0%
l10n/po/pt_BR/content/versions/3.33/guides/mongodb-dev-services.adoc.po, 47, 55, 836, 908, 8%
l10n/po/pt_BR/content/versions/3.34/guides/mongodb-dev-services.adoc.po, 47, 55, 836, 908, 8%
l10n/po/pt_BR/content/versions/main/guides/grpc-service-implementation.adoc.po, 60, 128, 836, 1662, 50%
l10n/po/pt_BR/content/versions/main/guides/mongodb-dev-services.adoc.po, 47, 55, 836, 908, 8%
l10n/po/pt_BR/content/versions/main/guides/credentials-provider.adoc.po, 47, 51, 835, 854, 3%
l10n/po/pt_BR/content/guides/credentials-provider.adoc.po, 46, 50, 834, 853, 3%
l10n/po/pt_BR/content/versions/3.15/guides/credentials-provider.adoc.po, 46, 50, 834, 853, 3%
l10n/po/pt_BR/content/versions/3.20/guides/credentials-provider.adoc.po, 46, 50, 834, 853, 3%
l10n/po/pt_BR/content/versions/3.27/guides/credentials-provider.adoc.po, 46, 50, 834, 853, 3%
l10n/po/pt_BR/content/versions/3.33/guides/credentials-provider.adoc.po, 46, 50, 834, 853, 3%
l10n/po/pt_BR/content/versions/3.34/guides/credentials-provider.adoc.po, 46, 50, 834, 853, 3%
l10n/po/pt_BR/content/versions/3.8/guides/credentials-provider.adoc.po, 46, 50, 834, 853, 3%
l10n/po/pt_BR/content/versions/main/guides/stork-registration.adoc.po, 79, 86, 828, 849, 3%
l10n/po/pt_BR/content/posts/2020-04-27-quarkus-1-4-final-released.adoc.po, 62, 64, 827, 831, 1%
l10n/po/pt_BR/content/posts/2020-09-30-biased-locking-help.adoc.po, 32, 33, 827, 828, 1%
l10n/po/pt_BR/content/posts/2020/2020-04-27-quarkus-1-4-final-released.adoc.po, 62, 64, 827, 831, 1%
l10n/po/pt_BR/content/posts/2020/2020-09-30-biased-locking-help.adoc.po, 32, 33, 827, 828, 1%
l10n/po/pt_BR/content/posts/2026-02-26-quarkus-3-32-released.adoc.po, 51, 53, 822, 824, 1%
l10n/po/pt_BR/content/posts/2026/2026-02-26-quarkus-3-32-released.adoc.po, 51, 53, 822, 824, 1%
l10n/po/pt_BR/content/posts/2025-02-26-quarkus-3-19-1-released.adoc.po, 51, 53, 820, 822, 1%
l10n/po/pt_BR/content/posts/2025/2025-02-26-quarkus-3-19-1-released.adoc.po, 51, 53, 820, 822, 1%
l10n/po/pt_BR/content/posts/2019-11-08-quarkus-for-spring-developers.adoc.po, 24, 24, 819, 819, 0%
l10n/po/pt_BR/content/posts/2019/2019-11-08-quarkus-for-spring-developers.adoc.po, 24, 24, 819, 819, 0%
l10n/po/pt_BR/content/posts/2020-11-24-mutiny-vertx.adoc.po, 40, 40, 819, 819, 0%
l10n/po/pt_BR/content/posts/2020/2020-11-24-mutiny-vertx.adoc.po, 40, 40, 819, 819, 0%
l10n/po/pt_BR/content/guides/ansible.adoc.po, 28, 34, 817, 860, 5%
l10n/po/pt_BR/content/versions/3.15/guides/ansible.adoc.po, 28, 34, 817, 860, 5%
l10n/po/pt_BR/content/versions/3.2/guides/ansible.adoc.po, 28, 34, 817, 860, 5%
l10n/po/pt_BR/content/versions/3.20/guides/ansible.adoc.po, 28, 34, 817, 860, 5%
l10n/po/pt_BR/content/versions/3.27/guides/ansible.adoc.po, 28, 34, 817, 860, 5%
l10n/po/pt_BR/content/versions/3.33/guides/ansible.adoc.po, 28, 34, 817, 860, 5%
l10n/po/pt_BR/content/versions/3.34/guides/ansible.adoc.po, 28, 34, 817, 860, 5%
l10n/po/pt_BR/content/versions/3.8/guides/ansible.adoc.po, 28, 34, 817, 860, 5%
l10n/po/pt_BR/content/versions/main/guides/ansible.adoc.po, 28, 34, 817, 860, 5%
l10n/po/pt_BR/content/guides/dev-mcp.adoc.po, 43, 44, 815, 816, 1%
l10n/po/pt_BR/content/posts/2025-12-24-hibernate-panache-next.adoc.po, 38, 38, 815, 815, 0%
l10n/po/pt_BR/content/posts/2025/2025-12-24-hibernate-panache-next.adoc.po, 38, 38, 815, 815, 0%
l10n/po/pt_BR/content/versions/main/guides/dev-mcp.adoc.po, 43, 44, 815, 816, 1%
l10n/po/pt_BR/content/guides/stork-registration.adoc.po, 79, 86, 814, 835, 3%
l10n/po/pt_BR/content/posts/2020-09-08-kafka-rest-client.adoc.po, 33, 33, 813, 813, 0%
l10n/po/pt_BR/content/posts/2020/2020-09-08-kafka-rest-client.adoc.po, 33, 33, 813, 813, 0%
l10n/po/pt_BR/content/posts/2020-02-24-qute.adoc.po, 37, 39, 812, 864, 7%
l10n/po/pt_BR/content/posts/2020/2020-02-24-qute.adoc.po, 37, 39, 812, 864, 7%
l10n/po/pt_BR/content/versions/3.8/guides/lifecycle.adoc.po, 45, 73, 812, 1033, 22%
l10n/po/pt_BR/content/versions/3.33/guides/observability-devservices-lgtm.adoc.po, 58, 59, 811, 814, 1%
l10n/po/pt_BR/content/versions/3.34/guides/observability-devservices-lgtm.adoc.po, 58, 59, 811, 814, 1%
l10n/po/pt_BR/content/guides/grpc-reference.adoc.po, 52, 54, 807, 811, 1%
l10n/po/pt_BR/content/versions/3.33/guides/grpc-reference.adoc.po, 52, 54, 807, 811, 1%
l10n/po/pt_BR/content/versions/3.34/guides/grpc-reference.adoc.po, 52, 54, 807, 811, 1%
l10n/po/pt_BR/content/versions/main/guides/grpc-reference.adoc.po, 52, 54, 807, 811, 1%
l10n/po/pt_BR/content/posts/2021-01-18-getting-started-kafka.adoc.po, 40, 40, 806, 806, 0%
l10n/po/pt_BR/content/posts/2021/2021-01-18-getting-started-kafka.adoc.po, 40, 40, 806, 806, 0%
l10n/po/pt_BR/content/versions/2.16/guides/telemetry-micrometer-tutorial.adoc.po, 54, 69, 805, 894, 10%
l10n/po/pt_BR/content/guides/config-extending-support.adoc.po, 51, 54, 804, 809, 1%
l10n/po/pt_BR/content/posts/2025-01-13-mcp-server.adoc.po, 69, 70, 804, 805, 1%
l10n/po/pt_BR/content/posts/2025/2025-01-13-mcp-server.adoc.po, 69, 70, 804, 805, 1%
l10n/po/pt_BR/content/versions/2.13/guides/cdi-integration.adoc.po, 28, 130, 801, 2204, 64%
l10n/po/pt_BR/content/versions/2.13/guides/config-extending-support.adoc.po, 50, 54, 801, 809, 1%
l10n/po/pt_BR/content/versions/2.16/guides/cdi-integration.adoc.po, 28, 133, 801, 2243, 65%
l10n/po/pt_BR/content/versions/2.16/guides/config-extending-support.adoc.po, 50, 54, 801, 809, 1%
l10n/po/pt_BR/content/versions/3.15/guides/config-extending-support.adoc.po, 50, 54, 801, 809, 1%
l10n/po/pt_BR/content/versions/3.2/guides/config-extending-support.adoc.po, 50, 54, 801, 809, 1%
l10n/po/pt_BR/content/versions/3.20/guides/config-extending-support.adoc.po, 50, 54, 801, 809, 1%
l10n/po/pt_BR/content/versions/3.27/guides/config-extending-support.adoc.po, 50, 54, 801, 809, 1%
l10n/po/pt_BR/content/versions/3.33/guides/config-extending-support.adoc.po, 50, 54, 801, 809, 1%
l10n/po/pt_BR/content/versions/3.34/guides/config-extending-support.adoc.po, 50, 54, 801, 809, 1%
l10n/po/pt_BR/content/versions/3.8/guides/config-extending-support.adoc.po, 50, 54, 801, 809, 1%
l10n/po/pt_BR/content/posts/2020-06-03-quarkus-1-5-final-released.adoc.po, 66, 67, 799, 800, 1%
l10n/po/pt_BR/content/posts/2020/2020-06-03-quarkus-1-5-final-released.adoc.po, 66, 67, 799, 800, 1%
l10n/po/pt_BR/content/versions/2.13/guides/funqy-amazon-lambda.adoc.po, 35, 82, 799, 1297, 39%
l10n/po/pt_BR/content/versions/2.16/guides/funqy-amazon-lambda.adoc.po, 35, 82, 799, 1297, 39%
l10n/po/pt_BR/content/versions/2.13/guides/spring-di.adoc.po, 52, 85, 797, 1034, 23%
l10n/po/pt_BR/content/versions/2.16/guides/spring-di.adoc.po, 52, 85, 797, 1034, 23%
l10n/po/pt_BR/content/posts/2019-09-26-quarkus-0-23-1-released.adoc.po, 50, 51, 796, 798, 1%
l10n/po/pt_BR/content/posts/2019/2019-09-26-quarkus-0-23-1-released.adoc.po, 50, 51, 796, 798, 1%
l10n/po/pt_BR/content/posts/2023-02-23-kubernetes-native-development-with-quarkus-and-eclipse-jkube.adoc.po, 22, 23, 796, 797, 1%
l10n/po/pt_BR/content/posts/2023/2023-02-23-kubernetes-native-development-with-quarkus-and-eclipse-jkube.adoc.po, 22, 23, 796, 797, 1%
l10n/po/pt_BR/content/versions/3.27/guides/amqp-dev-services.adoc.po, 44, 65, 796, 1069, 26%
l10n/po/pt_BR/content/guides/resteasy-client-multipart.adoc.po, 38, 74, 794, 1110, 29%
l10n/po/pt_BR/content/versions/3.15/guides/resteasy-client-multipart.adoc.po, 38, 74, 794, 1110, 29%
l10n/po/pt_BR/content/versions/3.20/guides/resteasy-client-multipart.adoc.po, 38, 74, 794, 1110, 29%
l10n/po/pt_BR/content/versions/3.27/guides/resteasy-client-multipart.adoc.po, 38, 74, 794, 1110, 29%
l10n/po/pt_BR/content/versions/3.33/guides/resteasy-client-multipart.adoc.po, 38, 74, 794, 1110, 29%
l10n/po/pt_BR/content/versions/3.34/guides/resteasy-client-multipart.adoc.po, 38, 74, 794, 1110, 29%
l10n/po/pt_BR/content/versions/main/guides/resteasy-client-multipart.adoc.po, 38, 74, 794, 1110, 29%
l10n/po/pt_BR/content/posts/2023-03-08-quarkus-3-0-0-alpha5-released.adoc.po, 52, 52, 793, 793, 0%
l10n/po/pt_BR/content/posts/2023/2023-03-08-quarkus-3-0-0-alpha5-released.adoc.po, 52, 52, 793, 793, 0%
l10n/po/pt_BR/content/versions/3.15/guides/grpc-generation-reference.adoc.po, 57, 59, 792, 796, 1%
l10n/po/pt_BR/content/versions/3.8/guides/resteasy-client-multipart.adoc.po, 38, 74, 792, 1108, 29%
l10n/po/pt_BR/content/posts/2020-09-15-quarkus-1-8-0-final-released.adoc.po, 49, 49, 791, 791, 0%
l10n/po/pt_BR/content/posts/2020/2020-09-15-quarkus-1-8-0-final-released.adoc.po, 49, 49, 791, 791, 0%
l10n/po/pt_BR/content/versions/3.27/guides/liquibase-mongodb.adoc.po, 87, 103, 787, 903, 13%
l10n/po/pt_BR/content/posts/2026-05-12-quarkus-insights-247-agentic-orchestration.adoc.po, 73, 73, 786, 786, 0%
l10n/po/pt_BR/content/posts/2026/2026-05-12-quarkus-insights-247-agentic-orchestration.adoc.po, 73, 73, 786, 786, 0%
l10n/po/pt_BR/content/versions/3.20/guides/appcds.adoc.po, 30, 30, 783, 783, 0%
l10n/po/pt_BR/content/versions/3.27/guides/appcds.adoc.po, 30, 30, 783, 783, 0%
l10n/po/pt_BR/content/versions/3.8/guides/pulsar-getting-started.adoc.po, 32, 90, 781, 1323, 41%
l10n/po/pt_BR/content/guides/security-jpa.adoc.po, 44, 52, 780, 807, 4%
l10n/po/pt_BR/content/versions/main/guides/security-jpa.adoc.po, 44, 52, 780, 807, 4%
l10n/po/pt_BR/content/versions/3.20/guides/amqp-dev-services.adoc.po, 41, 63, 779, 1053, 27%
l10n/po/pt_BR/content/posts/2026-05-27-quarkus-3-36-released.adoc.po, 57, 58, 778, 779, 1%
l10n/po/pt_BR/content/posts/2026/2026-05-27-quarkus-3-36-released.adoc.po, 57, 58, 778, 779, 1%
l10n/po/pt_BR/content/posts/2022-12-14-quarkus-2-15-0-final-released.adoc.po, 62, 63, 775, 779, 1%
l10n/po/pt_BR/content/posts/2022/2022-12-14-quarkus-2-15-0-final-released.adoc.po, 62, 63, 775, 779, 1%
l10n/po/pt_BR/content/posts/2020-10-13-uni-retry.adoc.po, 37, 37, 774, 774, 0%
l10n/po/pt_BR/content/posts/2020/2020-10-13-uni-retry.adoc.po, 37, 37, 774, 774, 0%
l10n/po/pt_BR/content/posts/2022-04-12-quarkus-2-8-0-final-released.adoc.po, 45, 47, 774, 779, 1%
l10n/po/pt_BR/content/posts/2022/2022-04-12-quarkus-2-8-0-final-released.adoc.po, 45, 47, 774, 779, 1%
l10n/po/pt_BR/content/posts/2024-04-30-quarkus-3-10-0-released.adoc.po, 45, 46, 774, 775, 1%
l10n/po/pt_BR/content/posts/2024/2024-04-30-quarkus-3-10-0-released.adoc.po, 45, 46, 774, 775, 1%
l10n/po/pt_BR/content/versions/2.13/guides/rest-client-multipart.adoc.po, 38, 69, 774, 1036, 26%
l10n/po/pt_BR/content/versions/2.16/guides/rest-client-multipart.adoc.po, 38, 69, 774, 1036, 26%
l10n/po/pt_BR/content/posts/2020-09-15-mutiny-pagination.adoc.po, 33, 33, 773, 773, 0%
l10n/po/pt_BR/content/posts/2020/2020-09-15-mutiny-pagination.adoc.po, 33, 33, 773, 773, 0%
l10n/po/pt_BR/content/posts/2023-10-25-quarkus-3-5-0-released.adoc.po, 47, 48, 773, 774, 1%
l10n/po/pt_BR/content/posts/2023/2023-10-25-quarkus-3-5-0-released.adoc.po, 47, 48, 773, 774, 1%
l10n/po/pt_BR/content/posts/2025-06-25-hibernate7-on-quarkus.adoc.po, 25, 26, 773, 774, 1%
l10n/po/pt_BR/content/posts/2025/2025-06-25-hibernate7-on-quarkus.adoc.po, 25, 26, 773, 774, 1%
l10n/po/pt_BR/content/posts/2020-08-25-backports-application.adoc.po, 47, 49, 772, 776, 1%
l10n/po/pt_BR/content/posts/2020/2020-08-25-backports-application.adoc.po, 47, 49, 772, 776, 1%
l10n/po/pt_BR/content/versions/2.13/guides/telemetry-micrometer-tutorial.adoc.po, 52, 67, 771, 860, 11%
l10n/po/pt_BR/content/versions/3.33/guides/stork-registration.adoc.po, 78, 83, 771, 776, 1%
l10n/po/pt_BR/content/versions/3.34/guides/stork-registration.adoc.po, 78, 83, 771, 776, 1%
l10n/po/pt_BR/content/guides/pulsar-getting-started.adoc.po, 31, 90, 767, 1326, 43%
l10n/po/pt_BR/content/versions/3.15/guides/pulsar-getting-started.adoc.po, 31, 90, 767, 1326, 43%
l10n/po/pt_BR/content/versions/3.20/guides/pulsar-getting-started.adoc.po, 31, 90, 767, 1326, 43%
l10n/po/pt_BR/content/versions/3.27/guides/pulsar-getting-started.adoc.po, 31, 90, 767, 1326, 43%
l10n/po/pt_BR/content/versions/3.33/guides/pulsar-getting-started.adoc.po, 31, 90, 767, 1326, 43%
l10n/po/pt_BR/content/versions/3.34/guides/pulsar-getting-started.adoc.po, 31, 90, 767, 1326, 43%
l10n/po/pt_BR/content/versions/main/guides/pulsar-getting-started.adoc.po, 31, 90, 767, 1326, 43%
l10n/po/pt_BR/content/versions/3.2/guides/rest-client-multipart.adoc.po, 37, 69, 765, 1043, 27%
l10n/po/pt_BR/content/posts/2023-07-10-quarkus-component-test.adoc.po, 33, 36, 760, 763, 1%
l10n/po/pt_BR/content/posts/2023/2023-07-10-quarkus-component-test.adoc.po, 33, 36, 760, 763, 1%
l10n/po/pt_BR/content/versions/3.15/guides/cdi-integration.adoc.po, 27, 143, 760, 2403, 69%
l10n/po/pt_BR/content/guides/funqy-aws-lambda.adoc.po, 34, 82, 759, 1297, 42%
l10n/po/pt_BR/content/versions/3.15/guides/funqy-aws-lambda.adoc.po, 34, 82, 759, 1297, 42%
l10n/po/pt_BR/content/versions/3.2/guides/funqy-amazon-lambda.adoc.po, 34, 82, 759, 1297, 42%
l10n/po/pt_BR/content/versions/3.20/guides/funqy-aws-lambda.adoc.po, 34, 82, 759, 1297, 42%
l10n/po/pt_BR/content/versions/3.27/guides/funqy-aws-lambda.adoc.po, 34, 82, 759, 1297, 42%
l10n/po/pt_BR/content/versions/3.33/guides/funqy-aws-lambda.adoc.po, 34, 82, 759, 1297, 42%
l10n/po/pt_BR/content/versions/3.34/guides/funqy-aws-lambda.adoc.po, 34, 82, 759, 1297, 42%
l10n/po/pt_BR/content/versions/3.8/guides/funqy-aws-lambda.adoc.po, 34, 82, 759, 1297, 42%
l10n/po/pt_BR/content/versions/main/guides/funqy-aws-lambda.adoc.po, 34, 82, 759, 1297, 42%
l10n/po/pt_BR/content/posts/2020-09-22-kafka-avro.adoc.po, 45, 45, 758, 758, 0%
l10n/po/pt_BR/content/posts/2020/2020-09-22-kafka-avro.adoc.po, 45, 45, 758, 758, 0%
l10n/po/pt_BR/content/posts/2022-05-19-quinoa-modern-ui-with-no-hassle.adoc.po, 27, 28, 757, 758, 1%
l10n/po/pt_BR/content/posts/2022/2022-05-19-quinoa-modern-ui-with-no-hassle.adoc.po, 27, 28, 757, 758, 1%
l10n/po/pt_BR/content/versions/3.15/guides/security-keycloak-admin-client.adoc.po, 73, 102, 757, 936, 20%
l10n/po/pt_BR/content/versions/3.2/guides/security-oidc-code-flow-authentication-tutorial.adoc.po, 52, 81, 756, 966, 22%
l10n/po/pt_BR/content/posts/2022-05-11-quarkus-2-9-0-final-released.adoc.po, 56, 56, 754, 754, 0%
l10n/po/pt_BR/content/posts/2022/2022-05-11-quarkus-2-9-0-final-released.adoc.po, 56, 56, 754, 754, 0%
l10n/po/pt_BR/content/guides/dev-mode-differences.adoc.po, 43, 47, 753, 766, 2%
l10n/po/pt_BR/content/posts/2024-11-27-quarkus-3-17-0-released.adoc.po, 46, 50, 753, 758, 1%
l10n/po/pt_BR/content/posts/2024/2024-11-27-quarkus-3-17-0-released.adoc.po, 46, 50, 753, 758, 1%
l10n/po/pt_BR/content/versions/3.33/guides/dev-mode-differences.adoc.po, 43, 47, 753, 766, 2%
l10n/po/pt_BR/content/versions/3.34/guides/dev-mode-differences.adoc.po, 43, 47, 753, 766, 2%
l10n/po/pt_BR/content/versions/main/guides/dev-mode-differences.adoc.po, 43, 47, 753, 766, 2%
l10n/po/pt_BR/content/guides/rest-virtual-threads.adoc.po, 49, 68, 751, 897, 17%
l10n/po/pt_BR/content/versions/3.33/guides/rest-virtual-threads.adoc.po, 49, 68, 751, 897, 17%
l10n/po/pt_BR/content/versions/3.34/guides/rest-virtual-threads.adoc.po, 49, 68, 751, 897, 17%
l10n/po/pt_BR/content/versions/main/guides/rest-virtual-threads.adoc.po, 49, 68, 751, 897, 17%
l10n/po/pt_BR/content/posts/2023-09-30-virtual-threads-4.adoc.po, 19, 19, 748, 748, 0%
l10n/po/pt_BR/content/posts/2023/2023-09-30-virtual-threads-4.adoc.po, 19, 19, 748, 748, 0%
l10n/po/pt_BR/content/posts/2023-11-29-quarkus-3-6-0-released.adoc.po, 57, 58, 747, 748, 1%
l10n/po/pt_BR/content/posts/2023/2023-11-29-quarkus-3-6-0-released.adoc.po, 57, 58, 747, 748, 1%
l10n/po/pt_BR/templates/partials/performance.html.po, 34, 35, 745, 749, 1%
l10n/po/pt_BR/content/guides/stork-reference.adoc.po, 66, 73, 744, 777, 5%
l10n/po/pt_BR/content/versions/3.33/guides/stork-reference.adoc.po, 66, 73, 744, 777, 5%
l10n/po/pt_BR/content/versions/3.34/guides/stork-reference.adoc.po, 66, 73, 744, 777, 5%
l10n/po/pt_BR/content/versions/main/guides/stork-reference.adoc.po, 66, 73, 744, 777, 5%
l10n/po/pt_BR/content/posts/2023-06-26-podman-for-windows.adoc.po, 35, 35, 743, 743, 0%
l10n/po/pt_BR/content/posts/2023/2023-06-26-podman-for-windows.adoc.po, 35, 35, 743, 743, 0%
l10n/po/pt_BR/content/posts/2022-06-21-qute-templates-from-db.adoc.po, 31, 32, 741, 742, 1%
l10n/po/pt_BR/content/posts/2022/2022-06-21-qute-templates-from-db.adoc.po, 31, 32, 741, 742, 1%
l10n/po/pt_BR/content/versions/3.20/guides/liquibase-mongodb.adoc.po, 82, 99, 741, 858, 14%
l10n/po/pt_BR/content/versions/3.20/guides/security-jpa.adoc.po, 40, 48, 741, 768, 4%
l10n/po/pt_BR/content/versions/3.27/guides/security-jpa.adoc.po, 40, 48, 741, 768, 4%
l10n/po/pt_BR/content/versions/3.33/guides/security-jpa.adoc.po, 40, 48, 741, 768, 4%
l10n/po/pt_BR/content/versions/3.34/guides/security-jpa.adoc.po, 40, 48, 741, 768, 4%
l10n/po/pt_BR/content/posts/2025-11-14-micrometer-prometheus-v1.adoc.po, 44, 44, 740, 740, 0%
l10n/po/pt_BR/content/posts/2025/2025-11-14-micrometer-prometheus-v1.adoc.po, 44, 44, 740, 740, 0%
l10n/po/pt_BR/content/guides/jlink.adoc.po, 58, 65, 739, 760, 3%
l10n/po/pt_BR/content/versions/3.8/guides/resteasy-reactive-virtual-threads.adoc.po, 49, 68, 739, 885, 17%
l10n/po/pt_BR/content/versions/3.8/guides/security-keycloak-admin-client.adoc.po, 73, 102, 739, 918, 20%
l10n/po/pt_BR/content/versions/main/guides/jlink.adoc.po, 58, 65, 739, 760, 3%
l10n/po/pt_BR/content/versions/3.15/guides/rest-virtual-threads.adoc.po, 49, 68, 738, 884, 17%
l10n/po/pt_BR/content/versions/3.20/guides/rest-virtual-threads.adoc.po, 49, 68, 738, 884, 17%
l10n/po/pt_BR/content/versions/3.27/guides/rest-virtual-threads.adoc.po, 49, 68, 738, 884, 17%
l10n/po/pt_BR/content/posts/2022-12-19-stargate-selects-quarkus-for-its-v2-implementation.adoc.po, 36, 37, 737, 738, 1%
l10n/po/pt_BR/content/posts/2022/2022-12-19-stargate-selects-quarkus-for-its-v2-implementation.adoc.po, 36, 37, 737, 738, 1%
l10n/po/pt_BR/content/posts/2026-06-24-quarkus-3-37-released.adoc.po, 49, 50, 737, 738, 1%
l10n/po/pt_BR/content/posts/2026/2026-06-24-quarkus-3-37-released.adoc.po, 49, 50, 737, 738, 1%
l10n/po/pt_BR/content/versions/2.13/guides/picocli.adoc.po, 37, 46, 735, 753, 3%
l10n/po/pt_BR/_data/versioned/3-33/index/relations.yaml.po, 157, 515, 734, 1404, 48%
l10n/po/pt_BR/_data/versioned/3-34/index/relations.yaml.po, 157, 515, 734, 1404, 48%
l10n/po/pt_BR/content/posts/2025-08-28-quarkus-3-26-released.adoc.po, 53, 56, 733, 737, 1%
l10n/po/pt_BR/content/posts/2025/2025-08-28-quarkus-3-26-released.adoc.po, 53, 56, 733, 737, 1%
l10n/po/pt_BR/content/guides/funqy.adoc.po, 21, 23, 732, 748, 3%
l10n/po/pt_BR/content/versions/main/guides/funqy.adoc.po, 21, 23, 732, 748, 3%
l10n/po/pt_BR/content/posts/2022-11-08-quarkus-observability-roadmap-2023.adoc.po, 17, 17, 729, 729, 0%
l10n/po/pt_BR/content/posts/2022/2022-11-08-quarkus-observability-roadmap-2023.adoc.po, 17, 17, 729, 729, 0%
l10n/po/pt_BR/content/versions/2.13/guides/spring-web.adoc.po, 89, 124, 729, 1047, 31%
l10n/po/pt_BR/content/versions/2.16/guides/spring-web.adoc.po, 89, 124, 729, 1047, 31%
l10n/po/pt_BR/content/posts/2026-04-27-a2a-java-sdk-1-0-0-beta1-released.adoc.po, 59, 59, 727, 727, 0%
l10n/po/pt_BR/content/posts/2026/2026-04-27-a2a-java-sdk-1-0-0-beta1-released.adoc.po, 59, 59, 727, 727, 0%
l10n/po/pt_BR/content/guides/security-properties.adoc.po, 58, 94, 726, 1205, 40%
l10n/po/pt_BR/content/versions/3.2/guides/infinispan-client.adoc.po, 47, 82, 726, 1037, 30%
l10n/po/pt_BR/content/versions/3.8/guides/infinispan-client.adoc.po, 47, 85, 726, 1066, 32%
l10n/po/pt_BR/content/versions/main/guides/security-properties.adoc.po, 58, 94, 726, 1205, 40%
l10n/po/pt_BR/content/posts/2025-03-18-orange-telco-core-network-api-management-with-quarkus.adoc.po, 52, 53, 725, 726, 1%
l10n/po/pt_BR/content/posts/2025/2025-03-18-orange-telco-core-network-api-management-with-quarkus.adoc.po, 52, 53, 725, 726, 1%
l10n/po/pt_BR/content/versions/3.2/guides/dev-mode-differences.adoc.po, 42, 46, 725, 738, 2%
l10n/po/pt_BR/content/versions/3.8/guides/dev-mode-differences.adoc.po, 42, 46, 725, 738, 2%
l10n/po/pt_BR/content/versions/2.13/guides/lifecycle.adoc.po, 41, 65, 723, 898, 20%
l10n/po/pt_BR/content/versions/2.16/guides/lifecycle.adoc.po, 41, 65, 723, 898, 20%
l10n/po/pt_BR/content/versions/3.15/guides/security-jpa.adoc.po, 39, 47, 723, 750, 4%
l10n/po/pt_BR/content/versions/3.8/guides/grpc-generation-reference.adoc.po, 53, 55, 723, 727, 1%
l10n/po/pt_BR/content/versions/3.15/guides/spring-web.adoc.po, 88, 127, 722, 1086, 34%
l10n/po/pt_BR/content/versions/3.20/guides/spring-web.adoc.po, 88, 127, 722, 1086, 34%
l10n/po/pt_BR/content/versions/3.27/guides/spring-web.adoc.po, 88, 127, 722, 1086, 34%
l10n/po/pt_BR/content/versions/3.15/guides/dev-mode-differences.adoc.po, 42, 46, 721, 734, 2%
l10n/po/pt_BR/content/versions/3.2/guides/spring-web.adoc.po, 88, 124, 721, 1056, 32%
l10n/po/pt_BR/content/versions/3.20/guides/dev-mode-differences.adoc.po, 42, 46, 721, 734, 2%
l10n/po/pt_BR/content/versions/3.27/guides/dev-mode-differences.adoc.po, 42, 46, 721, 734, 2%
l10n/po/pt_BR/content/versions/3.33/guides/security-properties.adoc.po, 57, 94, 721, 1205, 41%
l10n/po/pt_BR/content/versions/3.34/guides/security-properties.adoc.po, 57, 94, 721, 1205, 41%
l10n/po/pt_BR/content/versions/3.8/guides/security-jpa.adoc.po, 39, 47, 721, 748, 4%
l10n/po/pt_BR/content/versions/3.8/guides/spring-web.adoc.po, 88, 127, 721, 1085, 34%
l10n/po/pt_BR/content/guides/stork-manual-service-registration.adoc.po, 56, 81, 720, 911, 21%
l10n/po/pt_BR/content/versions/main/guides/stork-manual-service-registration.adoc.po, 56, 81, 720, 911, 21%
l10n/po/pt_BR/content/posts/2024-05-29-quarkus-3-11-0-released.adoc.po, 57, 59, 718, 720, 1%
l10n/po/pt_BR/content/posts/2024/2024-05-29-quarkus-3-11-0-released.adoc.po, 57, 59, 718, 720, 1%
l10n/po/pt_BR/content/versions/3.15/guides/azure-functions-http.adoc.po, 44, 55, 718, 792, 10%
l10n/po/pt_BR/content/versions/3.2/guides/azure-functions-http.adoc.po, 44, 55, 718, 792, 10%
l10n/po/pt_BR/content/versions/3.20/guides/azure-functions-http.adoc.po, 44, 55, 718, 792, 10%
l10n/po/pt_BR/content/versions/3.27/guides/azure-functions-http.adoc.po, 44, 55, 718, 792, 10%
l10n/po/pt_BR/content/versions/3.8/guides/azure-functions-http.adoc.po, 44, 55, 718, 792, 10%
l10n/po/pt_BR/content/guides/pulsar-dev-services.adoc.po, 37, 62, 717, 985, 28%
l10n/po/pt_BR/content/versions/3.27/guides/pulsar-dev-services.adoc.po, 37, 62, 717, 985, 28%
l10n/po/pt_BR/content/versions/3.33/guides/pulsar-dev-services.adoc.po, 37, 62, 717, 985, 28%
l10n/po/pt_BR/content/versions/3.34/guides/pulsar-dev-services.adoc.po, 37, 62, 717, 985, 28%
l10n/po/pt_BR/content/versions/main/guides/pulsar-dev-services.adoc.po, 37, 62, 717, 985, 28%
l10n/po/pt_BR/content/versions/3.20/guides/pulsar-dev-services.adoc.po, 36, 62, 716, 985, 28%
l10n/po/pt_BR/_data/versioned/3-27/index/relations.yaml.po, 154, 509, 714, 1381, 49%
l10n/po/pt_BR/content/posts/2021-12-20-upx.adoc.po, 31, 35, 714, 733, 3%
l10n/po/pt_BR/content/posts/2021/2021-12-20-upx.adoc.po, 31, 35, 714, 733, 3%
l10n/po/pt_BR/content/versions/3.15/guides/liquibase-mongodb.adoc.po, 82, 99, 713, 830, 15%
l10n/po/pt_BR/content/guides/deploying-to-azure-cloud.adoc.po, 45, 55, 712, 755, 6%
l10n/po/pt_BR/content/posts/2025-02-01-lts-cadence.adoc.po, 47, 47, 712, 712, 0%
l10n/po/pt_BR/content/posts/2025/2025-02-01-lts-cadence.adoc.po, 47, 47, 712, 712, 0%
l10n/po/pt_BR/content/versions/2.13/guides/deploying-to-azure-cloud.adoc.po, 45, 55, 712, 755, 6%
l10n/po/pt_BR/content/versions/2.16/guides/deploying-to-azure-cloud.adoc.po, 45, 55, 712, 755, 6%
l10n/po/pt_BR/content/versions/3.15/guides/deploying-to-azure-cloud.adoc.po, 45, 55, 712, 755, 6%
l10n/po/pt_BR/content/versions/3.2/guides/deploying-to-azure-cloud.adoc.po, 45, 55, 712, 755, 6%
l10n/po/pt_BR/content/versions/3.20/guides/deploying-to-azure-cloud.adoc.po, 45, 55, 712, 755, 6%
l10n/po/pt_BR/content/versions/3.20/guides/extension-faq.adoc.po, 37, 37, 712, 712, 0%
l10n/po/pt_BR/content/versions/3.27/guides/deploying-to-azure-cloud.adoc.po, 45, 55, 712, 755, 6%
l10n/po/pt_BR/content/versions/3.33/guides/deploying-to-azure-cloud.adoc.po, 45, 55, 712, 755, 6%
l10n/po/pt_BR/content/versions/3.34/guides/deploying-to-azure-cloud.adoc.po, 45, 55, 712, 755, 6%
l10n/po/pt_BR/content/versions/3.8/guides/deploying-to-azure-cloud.adoc.po, 45, 55, 712, 755, 6%
l10n/po/pt_BR/content/versions/main/guides/deploying-to-azure-cloud.adoc.po, 45, 55, 712, 755, 6%
l10n/po/pt_BR/content/versions/2.13/guides/credentials-provider.adoc.po, 41, 44, 708, 726, 3%
l10n/po/pt_BR/content/versions/2.16/guides/credentials-provider.adoc.po, 41, 44, 708, 726, 3%
l10n/po/pt_BR/content/versions/3.2/guides/credentials-provider.adoc.po, 41, 44, 708, 726, 3%
l10n/po/pt_BR/content/versions/3.20/guides/stork-reference.adoc.po, 61, 67, 708, 740, 5%
l10n/po/pt_BR/content/versions/3.27/guides/stork-reference.adoc.po, 61, 67, 708, 740, 5%
l10n/po/pt_BR/content/versions/3.15/guides/cache-redis-reference.adoc.po, 55, 91, 707, 1168, 40%
l10n/po/pt_BR/content/posts/2022-02-17-stork-kubernetes-discovery.adoc.po, 35, 36, 706, 707, 1%
l10n/po/pt_BR/content/posts/2022/2022-02-17-stork-kubernetes-discovery.adoc.po, 35, 36, 706, 707, 1%
l10n/po/pt_BR/content/versions/3.15/guides/appcds.adoc.po, 27, 27, 703, 703, 0%
l10n/po/pt_BR/content/versions/3.2/guides/lifecycle.adoc.po, 40, 65, 703, 895, 22%
l10n/po/pt_BR/content/posts/2019-12-18-why-graalvm-19-2.adoc.po, 22, 22, 702, 702, 0%
l10n/po/pt_BR/content/posts/2019/2019-12-18-why-graalvm-19-2.adoc.po, 22, 22, 702, 702, 0%
l10n/po/pt_BR/content/versions/3.33/guides/dev-mcp.adoc.po, 38, 39, 699, 700, 1%
l10n/po/pt_BR/content/versions/3.34/guides/dev-mcp.adoc.po, 38, 39, 699, 700, 1%
l10n/po/pt_BR/_data/versioned/3-20/index/relations.yaml.po, 150, 499, 698, 1358, 49%
l10n/po/pt_BR/content/posts/2021-07-30-quarkus-2x-platform-quarkiverse-registry.adoc.po, 27, 27, 698, 698, 0%
l10n/po/pt_BR/content/posts/2021/2021-07-30-quarkus-2x-platform-quarkiverse-registry.adoc.po, 27, 27, 698, 698, 0%
l10n/po/pt_BR/content/posts/2024-09-26-quarkus-3-15-1-released.adoc.po, 44, 45, 698, 699, 1%
l10n/po/pt_BR/content/posts/2024/2024-09-26-quarkus-3-15-1-released.adoc.po, 44, 45, 698, 699, 1%
l10n/po/pt_BR/content/guides/redis-dev-services.adoc.po, 43, 56, 697, 938, 26%
l10n/po/pt_BR/content/versions/3.20/guides/observability-devservices-lgtm.adoc.po, 53, 54, 697, 700, 1%
l10n/po/pt_BR/content/versions/3.27/guides/observability-devservices-lgtm.adoc.po, 53, 54, 697, 700, 1%
l10n/po/pt_BR/content/versions/3.33/guides/redis-dev-services.adoc.po, 43, 56, 697, 938, 26%
l10n/po/pt_BR/content/versions/3.34/guides/redis-dev-services.adoc.po, 43, 56, 697, 938, 26%
l10n/po/pt_BR/content/versions/main/guides/redis-dev-services.adoc.po, 43, 56, 697, 938, 26%
l10n/po/pt_BR/content/posts/2021-04-22-quarkus-2-0-0-alpha1-released.adoc.po, 39, 41, 696, 699, 1%
l10n/po/pt_BR/content/posts/2021/2021-04-22-quarkus-2-0-0-alpha1-released.adoc.po, 39, 41, 696, 699, 1%
l10n/po/pt_BR/content/versions/2.13/guides/dev-mode-differences.adoc.po, 41, 45, 696, 709, 2%
l10n/po/pt_BR/content/versions/2.16/guides/dev-mode-differences.adoc.po, 41, 45, 696, 709, 2%
l10n/po/pt_BR/content/versions/3.15/guides/stork-reference.adoc.po, 61, 67, 696, 728, 5%
l10n/po/pt_BR/content/guides/infinispan-client.adoc.po, 45, 83, 694, 1034, 33%
l10n/po/pt_BR/content/versions/main/guides/infinispan-client.adoc.po, 45, 83, 694, 1034, 33%
l10n/po/pt_BR/content/posts/2025-02-17-using-langchain4j-to-analyze-pdf-documents.adoc.po, 46, 46, 693, 693, 0%
l10n/po/pt_BR/content/posts/2025/2025-02-17-using-langchain4j-to-analyze-pdf-documents.adoc.po, 46, 46, 693, 693, 0%
l10n/po/pt_BR/content/guides/security-testing.adoc.po, 38, 40, 691, 695, 1%
l10n/po/pt_BR/content/versions/2.13/guides/amazon-lambda-http.adoc.po, 20, 106, 691, 1895, 64%
l10n/po/pt_BR/content/versions/2.16/guides/amazon-lambda-http.adoc.po, 20, 111, 691, 2002, 66%
l10n/po/pt_BR/content/versions/main/guides/security-testing.adoc.po, 38, 40, 691, 695, 1%
l10n/po/pt_BR/content/guides/messaging-virtual-threads.adoc.po, 39, 42, 690, 736, 7%
l10n/po/pt_BR/content/versions/3.8/guides/messaging-virtual-threads.adoc.po, 39, 42, 690, 736, 7%
l10n/po/pt_BR/content/versions/main/guides/messaging-virtual-threads.adoc.po, 39, 42, 690, 736, 7%
l10n/po/pt_BR/content/versions/3.15/guides/funqy.adoc.po, 20, 20, 689, 689, 0%
l10n/po/pt_BR/content/versions/3.2/guides/funqy.adoc.po, 20, 20, 689, 689, 0%
l10n/po/pt_BR/content/versions/3.20/guides/funqy.adoc.po, 20, 20, 689, 689, 0%
l10n/po/pt_BR/content/versions/3.20/guides/security-testing.adoc.po, 37, 40, 689, 695, 1%
l10n/po/pt_BR/content/versions/3.27/guides/funqy.adoc.po, 20, 20, 689, 689, 0%
l10n/po/pt_BR/content/versions/3.27/guides/security-testing.adoc.po, 37, 40, 689, 695, 1%
l10n/po/pt_BR/content/versions/3.33/guides/funqy.adoc.po, 20, 20, 689, 689, 0%
l10n/po/pt_BR/content/versions/3.33/guides/security-testing.adoc.po, 37, 40, 689, 695, 1%
l10n/po/pt_BR/content/versions/3.34/guides/funqy.adoc.po, 20, 20, 689, 689, 0%
l10n/po/pt_BR/content/versions/3.34/guides/security-testing.adoc.po, 37, 40, 689, 695, 1%
l10n/po/pt_BR/content/versions/3.8/guides/funqy.adoc.po, 20, 20, 689, 689, 0%
l10n/po/pt_BR/content/versions/2.13/guides/funqy.adoc.po, 20, 20, 688, 688, 0%
l10n/po/pt_BR/content/versions/2.16/guides/funqy.adoc.po, 20, 20, 688, 688, 0%
l10n/po/pt_BR/content/versions/3.15/guides/messaging-virtual-threads.adoc.po, 39, 42, 688, 734, 7%
l10n/po/pt_BR/content/versions/3.20/guides/messaging-virtual-threads.adoc.po, 39, 42, 688, 734, 7%
l10n/po/pt_BR/content/versions/3.27/guides/messaging-virtual-threads.adoc.po, 39, 42, 688, 734, 7%
l10n/po/pt_BR/content/versions/3.33/guides/messaging-virtual-threads.adoc.po, 39, 42, 688, 734, 7%
l10n/po/pt_BR/content/versions/3.34/guides/messaging-virtual-threads.adoc.po, 39, 42, 688, 734, 7%
l10n/po/pt_BR/content/versions/3.15/guides/infinispan-client.adoc.po, 45, 83, 687, 1027, 34%
l10n/po/pt_BR/content/versions/3.8/guides/stork-reference.adoc.po, 61, 67, 685, 717, 5%
l10n/po/pt_BR/content/guides/info.adoc.po, 77, 82, 684, 697, 2%
l10n/po/pt_BR/content/versions/main/guides/info.adoc.po, 77, 82, 684, 697, 2%
l10n/po/pt_BR/content/posts/2022-06-22-quarkus-2-10-0-final-released.adoc.po, 50, 50, 682, 682, 0%
l10n/po/pt_BR/content/posts/2022/2022-06-22-quarkus-2-10-0-final-released.adoc.po, 50, 50, 682, 682, 0%
l10n/po/pt_BR/content/posts/2021-02-23-quarkus-1-12-0-final-released.adoc.po, 44, 44, 681, 681, 0%
l10n/po/pt_BR/content/posts/2021/2021-02-23-quarkus-1-12-0-final-released.adoc.po, 44, 44, 681, 681, 0%
l10n/po/pt_BR/content/versions/2.13/guides/jms.adoc.po, 40, 66, 681, 859, 21%
l10n/po/pt_BR/content/versions/2.16/guides/jms.adoc.po, 40, 66, 681, 859, 21%
l10n/po/pt_BR/content/versions/main/guides/hibernate-orm-panache-kotlin.adoc.po, 26, 30, 678, 724, 7%
l10n/po/pt_BR/content/posts/2021-03-15-micrometer-prometheus-openshift.adoc.po, 36, 37, 676, 677, 1%
l10n/po/pt_BR/content/posts/2021/2021-03-15-micrometer-prometheus-openshift.adoc.po, 36, 37, 676, 677, 1%
l10n/po/pt_BR/content/versions/3.15/guides/extension-faq.adoc.po, 36, 36, 676, 676, 0%
l10n/po/pt_BR/content/posts/2020-10-19-micrometer-metrics.adoc.po, 21, 21, 673, 673, 0%
l10n/po/pt_BR/content/posts/2020/2020-10-19-micrometer-metrics.adoc.po, 21, 21, 673, 673, 0%
l10n/po/pt_BR/content/posts/2021-11-24-quarkus-2-5-0-final-released.adoc.po, 48, 51, 672, 675, 1%
l10n/po/pt_BR/content/posts/2021/2021-11-24-quarkus-2-5-0-final-released.adoc.po, 48, 51, 672, 675, 1%
l10n/po/pt_BR/content/posts/2024-03-21-the-big-rename.adoc.po, 29, 29, 672, 672, 0%
l10n/po/pt_BR/content/posts/2024/2024-03-21-the-big-rename.adoc.po, 29, 29, 672, 672, 0%
l10n/po/pt_BR/content/versions/3.27/guides/redis-dev-services.adoc.po, 36, 49, 672, 913, 27%
l10n/po/pt_BR/content/versions/3.33/guides/infinispan-client.adoc.po, 44, 82, 672, 1012, 34%
l10n/po/pt_BR/content/versions/3.34/guides/infinispan-client.adoc.po, 44, 82, 672, 1012, 34%
l10n/po/pt_BR/content/versions/3.20/guides/redis-dev-services.adoc.po, 35, 49, 671, 913, 27%
l10n/po/pt_BR/content/versions/3.15/guides/azure-functions.adoc.po, 42, 53, 670, 744, 10%
l10n/po/pt_BR/content/versions/3.2/guides/azure-functions.adoc.po, 42, 53, 670, 744, 10%
l10n/po/pt_BR/content/versions/3.20/guides/azure-functions.adoc.po, 42, 53, 670, 744, 10%
l10n/po/pt_BR/content/versions/3.27/guides/azure-functions.adoc.po, 42, 53, 670, 744, 10%
l10n/po/pt_BR/content/versions/3.8/guides/azure-functions.adoc.po, 42, 53, 670, 744, 10%
l10n/po/pt_BR/content/posts/2019-10-30-quarkus-0-27-0-released.adoc.po, 37, 37, 668, 668, 0%
l10n/po/pt_BR/content/posts/2019/2019-10-30-quarkus-0-27-0-released.adoc.po, 37, 37, 668, 668, 0%
l10n/po/pt_BR/content/guides/funqy-http.adoc.po, 36, 47, 665, 726, 9%
l10n/po/pt_BR/content/versions/2.13/guides/conditional-extension-dependencies.adoc.po, 28, 29, 665, 668, 1%
l10n/po/pt_BR/content/versions/2.16/guides/conditional-extension-dependencies.adoc.po, 28, 29, 665, 668, 1%
l10n/po/pt_BR/content/versions/3.15/guides/conditional-extension-dependencies.adoc.po, 28, 29, 665, 668, 1%
l10n/po/pt_BR/content/versions/3.15/guides/redis-dev-services.adoc.po, 35, 49, 665, 907, 27%
l10n/po/pt_BR/content/versions/3.2/guides/conditional-extension-dependencies.adoc.po, 28, 29, 665, 668, 1%
l10n/po/pt_BR/content/versions/3.2/guides/jms.adoc.po, 39, 66, 665, 860, 23%
l10n/po/pt_BR/content/versions/3.8/guides/conditional-extension-dependencies.adoc.po, 28, 29, 665, 668, 1%
l10n/po/pt_BR/content/versions/main/guides/funqy-http.adoc.po, 36, 47, 665, 726, 9%
l10n/po/pt_BR/content/posts/2023-09-23-virtual-threads-2.adoc.po, 27, 27, 663, 663, 0%
l10n/po/pt_BR/content/posts/2023/2023-09-23-virtual-threads-2.adoc.po, 27, 27, 663, 663, 0%
l10n/po/pt_BR/content/versions/2.16/guides/security-keycloak-admin-client.adoc.po, 73, 94, 663, 780, 15%
l10n/po/pt_BR/content/versions/2.13/guides/security-keycloak-admin-client.adoc.po, 73, 94, 662, 779, 16%
l10n/po/pt_BR/content/guides/jms.adoc.po, 39, 69, 661, 885, 26%
l10n/po/pt_BR/content/versions/3.15/guides/jms.adoc.po, 39, 69, 661, 885, 26%
l10n/po/pt_BR/content/versions/3.20/guides/jms.adoc.po, 39, 69, 661, 885, 26%
l10n/po/pt_BR/content/versions/3.27/guides/jms.adoc.po, 39, 69, 661, 885, 26%
l10n/po/pt_BR/content/versions/3.33/guides/jms.adoc.po, 39, 69, 661, 885, 26%
l10n/po/pt_BR/content/versions/3.34/guides/jms.adoc.po, 39, 69, 661, 885, 26%
l10n/po/pt_BR/content/versions/3.8/guides/jms.adoc.po, 39, 69, 661, 885, 26%
l10n/po/pt_BR/content/versions/main/guides/jms.adoc.po, 39, 69, 661, 885, 26%
l10n/po/pt_BR/content/versions/3.8/guides/cache-redis-reference.adoc.po, 54, 91, 658, 1141, 43%
l10n/po/pt_BR/content/versions/3.8/guides/liquibase-mongodb.adoc.po, 78, 96, 656, 776, 16%
l10n/po/pt_BR/content/guides/modularity.adoc.po, 22, 24, 654, 670, 3%
l10n/po/pt_BR/content/versions/main/guides/modularity.adoc.po, 22, 24, 654, 670, 3%
l10n/po/pt_BR/content/guides/modularity-reference.adoc.po, 35, 37, 652, 668, 3%
l10n/po/pt_BR/content/versions/3.2/guides/liquibase-mongodb.adoc.po, 80, 93, 652, 736, 12%
l10n/po/pt_BR/content/versions/main/guides/modularity-reference.adoc.po, 35, 37, 652, 668, 3%
l10n/po/pt_BR/content/posts/2019-07-11-quarkus-0-19.1-released.adoc.po, 41, 41, 650, 650, 0%
l10n/po/pt_BR/content/posts/2019/2019-07-11-quarkus-0-19.1-released.adoc.po, 41, 41, 650, 650, 0%
l10n/po/pt_BR/content/guides/amqp.adoc.po, 27, 83, 649, 1161, 45%
l10n/po/pt_BR/content/versions/3.33/guides/amqp.adoc.po, 27, 83, 649, 1161, 45%
l10n/po/pt_BR/content/versions/3.34/guides/amqp.adoc.po, 27, 83, 649, 1161, 45%
l10n/po/pt_BR/content/versions/main/guides/amqp.adoc.po, 27, 83, 649, 1161, 45%
l10n/po/pt_BR/content/versions/2.13/guides/kogito-drl.adoc.po, 34, 58, 648, 796, 19%
l10n/po/pt_BR/content/versions/2.16/guides/kogito-drl.adoc.po, 34, 58, 648, 796, 19%
l10n/po/pt_BR/content/guides/mailer.adoc.po, 50, 73, 647, 837, 23%
l10n/po/pt_BR/content/versions/3.15/guides/mailer.adoc.po, 50, 73, 647, 837, 23%
l10n/po/pt_BR/content/versions/3.20/guides/mailer.adoc.po, 50, 73, 647, 837, 23%
l10n/po/pt_BR/content/versions/3.27/guides/mailer.adoc.po, 50, 73, 647, 837, 23%
l10n/po/pt_BR/content/versions/3.33/guides/mailer.adoc.po, 50, 73, 647, 837, 23%
l10n/po/pt_BR/content/versions/3.34/guides/mailer.adoc.po, 50, 73, 647, 837, 23%
l10n/po/pt_BR/content/versions/main/guides/mailer.adoc.po, 50, 73, 647, 837, 23%
l10n/po/pt_BR/content/versions/3.20/guides/infinispan-client.adoc.po, 43, 81, 645, 985, 35%
l10n/po/pt_BR/content/versions/3.27/guides/infinispan-client.adoc.po, 43, 81, 645, 985, 35%
l10n/po/pt_BR/content/posts/2023-03-30-quarkus-3-0-0-cr1-released.adoc.po, 52, 53, 634, 636, 1%
l10n/po/pt_BR/content/posts/2023/2023-03-30-quarkus-3-0-0-cr1-released.adoc.po, 52, 53, 634, 636, 1%
l10n/po/pt_BR/content/versions/3.15/guides/amqp.adoc.po, 26, 83, 633, 1161, 46%
l10n/po/pt_BR/content/versions/3.20/guides/amqp.adoc.po, 26, 83, 633, 1161, 46%
l10n/po/pt_BR/content/versions/3.27/guides/amqp.adoc.po, 26, 83, 633, 1161, 46%
l10n/po/pt_BR/content/versions/3.33/guides/getting-started.adoc.po, 52, 159, 633, 2061, 70%
l10n/po/pt_BR/content/versions/3.34/guides/getting-started.adoc.po, 52, 159, 633, 2061, 70%
l10n/po/pt_BR/content/versions/3.8/guides/appcds.adoc.po, 26, 26, 632, 632, 0%
l10n/po/pt_BR/_data/versioned/3-15/index/relations.yaml.po, 140, 481, 631, 1283, 51%
l10n/po/pt_BR/content/posts/2021-09-23-unused-beans.adoc.po, 23, 23, 631, 631, 0%
l10n/po/pt_BR/content/posts/2021/2021-09-23-unused-beans.adoc.po, 23, 23, 631, 631, 0%
l10n/po/pt_BR/content/posts/2024-02-28-quarkus-3-8-released.adoc.po, 42, 43, 630, 631, 1%
l10n/po/pt_BR/content/posts/2024/2024-02-28-quarkus-3-8-released.adoc.po, 42, 43, 630, 631, 1%
l10n/po/pt_BR/content/posts/2022-05-23-intellij-quarkus-tools-1.11.0.adoc.po, 40, 40, 629, 629, 0%
l10n/po/pt_BR/content/posts/2022/2022-05-23-intellij-quarkus-tools-1.11.0.adoc.po, 40, 40, 629, 629, 0%
l10n/po/pt_BR/content/versions/main/guides/config.adoc.po, 53, 86, 627, 870, 28%
l10n/po/pt_BR/content/posts/2023-09-25-virtual-threads-3.adoc.po, 22, 22, 626, 626, 0%
l10n/po/pt_BR/content/posts/2023/2023-09-25-virtual-threads-3.adoc.po, 22, 22, 626, 626, 0%
l10n/po/pt_BR/content/versions/3.2/guides/security-keycloak-admin-client.adoc.po, 69, 94, 626, 775, 20%
l10n/po/pt_BR/content/posts/2020-10-06-reactive-messaging-emitter.adoc.po, 23, 23, 624, 624, 0%
l10n/po/pt_BR/content/posts/2020/2020-10-06-reactive-messaging-emitter.adoc.po, 23, 23, 624, 624, 0%
l10n/po/pt_BR/content/posts/2025-07-30-quarkus-3-25-released.adoc.po, 44, 46, 622, 624, 1%
l10n/po/pt_BR/content/posts/2025/2025-07-30-quarkus-3-25-released.adoc.po, 44, 46, 622, 624, 1%
l10n/po/pt_BR/content/versions/2.13/guides/funqy-http.adoc.po, 35, 44, 622, 667, 7%
l10n/po/pt_BR/content/versions/2.16/guides/funqy-http.adoc.po, 35, 44, 622, 667, 7%
l10n/po/pt_BR/content/versions/3.15/guides/funqy-http.adoc.po, 35, 44, 622, 667, 7%
l10n/po/pt_BR/content/versions/3.2/guides/funqy-http.adoc.po, 35, 44, 622, 667, 7%
l10n/po/pt_BR/content/versions/3.20/guides/funqy-http.adoc.po, 35, 44, 622, 667, 7%
l10n/po/pt_BR/content/versions/3.27/guides/funqy-http.adoc.po, 35, 44, 622, 667, 7%
l10n/po/pt_BR/content/versions/3.33/guides/funqy-http.adoc.po, 35, 44, 622, 667, 7%
l10n/po/pt_BR/content/versions/3.34/guides/funqy-http.adoc.po, 35, 44, 622, 667, 7%
l10n/po/pt_BR/content/versions/3.8/guides/funqy-http.adoc.po, 35, 44, 622, 667, 7%
l10n/po/pt_BR/content/posts/2026-02-10-quarkus-test-coverage-extensions.adoc.po, 24, 24, 619, 619, 0%
l10n/po/pt_BR/content/posts/2026-08-27-quarkus-3-39-released.adoc.po, 40, 41, 619, 620, 1%
l10n/po/pt_BR/content/posts/2026/2026-02-10-quarkus-test-coverage-extensions.adoc.po, 24, 24, 619, 619, 0%
l10n/po/pt_BR/content/posts/2026/2026-08-27-quarkus-3-39-released.adoc.po, 40, 41, 619, 620, 1%
l10n/po/pt_BR/content/versions/2.13/guides/mailer.adoc.po, 47, 61, 617, 719, 15%
l10n/po/pt_BR/content/versions/2.16/guides/mailer.adoc.po, 47, 61, 617, 719, 15%
l10n/po/pt_BR/content/versions/3.2/guides/mailer.adoc.po, 47, 61, 617, 719, 15%
l10n/po/pt_BR/content/versions/3.8/guides/mailer.adoc.po, 49, 72, 616, 806, 24%
l10n/po/pt_BR/content/posts/2024-12-18-quarkus-infinispan-embedded.adoc.po, 32, 32, 615, 615, 0%
l10n/po/pt_BR/content/posts/2024/2024-12-18-quarkus-infinispan-embedded.adoc.po, 32, 32, 615, 615, 0%
l10n/po/pt_BR/content/guides/config.adoc.po, 51, 84, 612, 855, 29%
l10n/po/pt_BR/content/posts/2022-11-09-quarkus-2-14-0-final-released.adoc.po, 41, 43, 612, 614, 1%
l10n/po/pt_BR/content/posts/2022/2022-11-09-quarkus-2-14-0-final-released.adoc.po, 41, 43, 612, 614, 1%
l10n/po/pt_BR/content/posts/2024-06-11-quarkus-in-a-foundation.adoc.po, 39, 40, 609, 610, 1%
l10n/po/pt_BR/content/posts/2024/2024-06-11-quarkus-in-a-foundation.adoc.po, 39, 40, 609, 610, 1%
l10n/po/pt_BR/content/versions/3.15/guides/config.adoc.po, 50, 84, 609, 855, 29%
l10n/po/pt_BR/content/versions/3.20/guides/config.adoc.po, 50, 84, 609, 855, 29%
l10n/po/pt_BR/content/versions/3.27/guides/config.adoc.po, 50, 84, 609, 855, 29%
l10n/po/pt_BR/content/versions/3.33/guides/config.adoc.po, 50, 84, 609, 855, 29%
l10n/po/pt_BR/content/versions/3.34/guides/config.adoc.po, 50, 84, 609, 855, 29%
l10n/po/pt_BR/content/versions/3.8/guides/config.adoc.po, 50, 84, 609, 855, 29%
l10n/po/pt_BR/templates/partials/catalog-detail-band.html.po, 83, 88, 606, 612, 1%
l10n/po/pt_BR/content/versions/2.16/guides/appcds.adoc.po, 25, 25, 598, 598, 0%
l10n/po/pt_BR/content/versions/3.2/guides/appcds.adoc.po, 25, 25, 598, 598, 0%
l10n/po/pt_BR/content/posts/2026-07-17-quarkus-shim.adoc.po, 31, 31, 596, 596, 0%
l10n/po/pt_BR/content/posts/2026/2026-07-17-quarkus-shim.adoc.po, 31, 31, 596, 596, 0%
l10n/po/pt_BR/content/versions/2.13/guides/azure-functions-http.adoc.po, 36, 48, 595, 674, 12%
l10n/po/pt_BR/content/versions/2.16/guides/azure-functions-http.adoc.po, 36, 48, 595, 674, 12%
l10n/po/pt_BR/content/posts/2025-06-25-quarkus-3-24-released.adoc.po, 50, 51, 594, 595, 1%
l10n/po/pt_BR/content/posts/2025/2025-06-25-quarkus-3-24-released.adoc.po, 50, 51, 594, 595, 1%
l10n/po/pt_BR/content/versions/3.15/guides/security-testing.adoc.po, 32, 35, 594, 600, 1%
l10n/po/pt_BR/content/posts/2023-07-05-lts-releases.adoc.po, 18, 19, 592, 595, 1%
l10n/po/pt_BR/content/posts/2023/2023-07-05-lts-releases.adoc.po, 18, 19, 592, 595, 1%
l10n/po/pt_BR/content/posts/2025-10-02-mandrel-25-released.adoc.po, 21, 21, 592, 592, 0%
l10n/po/pt_BR/content/posts/2025/2025-10-02-mandrel-25-released.adoc.po, 21, 21, 592, 592, 0%
l10n/po/pt_BR/content/versions/3.27/guides/getting-started.adoc.po, 49, 159, 592, 2086, 72%
l10n/po/pt_BR/content/posts/2020-04-28-quarkus-mutual-tls.adoc.po, 63, 63, 591, 591, 0%
l10n/po/pt_BR/content/posts/2020/2020-04-28-quarkus-mutual-tls.adoc.po, 63, 63, 591, 591, 0%
l10n/po/pt_BR/content/posts/2021-08-31-quarkus-2-2-1-final-released.adoc.po, 42, 42, 591, 591, 0%
l10n/po/pt_BR/content/posts/2021/2021-08-31-quarkus-2-2-1-final-released.adoc.po, 42, 42, 591, 591, 0%
l10n/po/pt_BR/content/versions/3.20/guides/getting-started.adoc.po, 48, 159, 591, 2086, 72%
l10n/po/pt_BR/content/guides/getting-started.adoc.po, 31, 80, 589, 1148, 49%
l10n/po/pt_BR/content/versions/main/guides/getting-started.adoc.po, 31, 80, 589, 1148, 49%
l10n/po/pt_BR/content/guides/capabilities.adoc.po, 37, 38, 588, 589, 1%
l10n/po/pt_BR/content/guides/security-proactive-authentication.adoc.po, 17, 23, 588, 603, 3%
l10n/po/pt_BR/content/posts/2021-11-23-smallrye-stork-intro.adoc.po, 23, 23, 588, 588, 0%
l10n/po/pt_BR/content/posts/2021/2021-11-23-smallrye-stork-intro.adoc.po, 23, 23, 588, 588, 0%
l10n/po/pt_BR/content/versions/3.20/guides/security-proactive-authentication.adoc.po, 17, 23, 588, 603, 3%
l10n/po/pt_BR/content/versions/3.27/guides/security-proactive-authentication.adoc.po, 17, 23, 588, 603, 3%
l10n/po/pt_BR/content/versions/3.33/guides/capabilities.adoc.po, 37, 38, 588, 589, 1%
l10n/po/pt_BR/content/versions/3.33/guides/security-proactive-authentication.adoc.po, 17, 23, 588, 603, 3%
l10n/po/pt_BR/content/versions/3.34/guides/capabilities.adoc.po, 37, 38, 588, 589, 1%
l10n/po/pt_BR/content/versions/3.34/guides/security-proactive-authentication.adoc.po, 17, 23, 588, 603, 3%
l10n/po/pt_BR/content/versions/main/guides/capabilities.adoc.po, 37, 38, 588, 589, 1%
l10n/po/pt_BR/content/versions/main/guides/security-proactive-authentication.adoc.po, 17, 23, 588, 603, 3%
l10n/po/pt_BR/content/versions/2.13/guides/capabilities.adoc.po, 37, 38, 587, 588, 1%
l10n/po/pt_BR/content/versions/2.16/guides/capabilities.adoc.po, 37, 38, 587, 588, 1%
l10n/po/pt_BR/content/versions/3.15/guides/capabilities.adoc.po, 37, 38, 587, 588, 1%
l10n/po/pt_BR/content/versions/3.2/guides/capabilities.adoc.po, 37, 38, 587, 588, 1%
l10n/po/pt_BR/content/versions/3.20/guides/capabilities.adoc.po, 37, 38, 587, 588, 1%
l10n/po/pt_BR/content/versions/3.27/guides/capabilities.adoc.po, 37, 38, 587, 588, 1%
l10n/po/pt_BR/content/versions/3.8/guides/capabilities.adoc.po, 37, 38, 587, 588, 1%
l10n/po/pt_BR/content/versions/3.8/guides/rest-client-reactive.adoc.po, 37, 285, 586, 4855, 88%
l10n/po/pt_BR/content/posts/2025-03-26-quarkus-3-20-0-released.adoc.po, 40, 41, 582, 583, 1%
l10n/po/pt_BR/content/posts/2025/2025-03-26-quarkus-3-20-0-released.adoc.po, 40, 41, 582, 583, 1%
l10n/po/pt_BR/content/versions/2.13/guides/gcp-functions-http.adoc.po, 42, 58, 582, 671, 14%
l10n/po/pt_BR/content/posts/2026-03-25-quarkus-3-33-released.adoc.po, 43, 44, 580, 581, 1%
l10n/po/pt_BR/content/posts/2026/2026-03-25-quarkus-3-33-released.adoc.po, 43, 44, 580, 581, 1%
l10n/po/pt_BR/content/posts/2020-05-05-introducing-command-mode.adoc.po, 32, 33, 576, 578, 1%
l10n/po/pt_BR/content/posts/2020/2020-05-05-introducing-command-mode.adoc.po, 32, 33, 576, 578, 1%
l10n/po/pt_BR/content/posts/2025-09-24-quarkus-3-27-released.adoc.po, 44, 45, 576, 577, 1%
l10n/po/pt_BR/content/posts/2025/2025-09-24-quarkus-3-27-released.adoc.po, 44, 45, 576, 577, 1%
l10n/po/pt_BR/content/versions/3.2/guides/security-properties.adoc.po, 58, 91, 576, 982, 42%
l10n/po/pt_BR/content/versions/3.15/guides/getting-started.adoc.po, 48, 159, 575, 2070, 73%
l10n/po/pt_BR/templates/partials/ai-chainofthought.html.po, 29, 29, 573, 573, 0%
l10n/po/pt_BR/content/versions/2.13/guides/amqp.adoc.po, 25, 80, 571, 1111, 49%
l10n/po/pt_BR/content/versions/2.16/guides/amqp.adoc.po, 25, 80, 571, 1111, 49%
l10n/po/pt_BR/content/versions/3.15/guides/grpc-reference.adoc.po, 38, 40, 570, 574, 1%
l10n/po/pt_BR/content/versions/3.2/guides/security-jpa.adoc.po, 28, 33, 570, 596, 5%
l10n/po/pt_BR/content/versions/3.20/guides/grpc-reference.adoc.po, 38, 40, 570, 574, 1%
l10n/po/pt_BR/content/versions/3.27/guides/grpc-reference.adoc.po, 38, 40, 570, 574, 1%
l10n/po/pt_BR/content/guides/kafka-getting-started.adoc.po, 25, 89, 567, 1272, 56%
l10n/po/pt_BR/content/versions/main/guides/kafka-getting-started.adoc.po, 25, 89, 567, 1272, 56%
l10n/po/pt_BR/content/guides/scheduler.adoc.po, 43, 106, 566, 1227, 54%
l10n/po/pt_BR/content/posts/2021-12-15-quarkus-and-CVE-2021-4428.adoc.po, 17, 17, 566, 566, 0%
l10n/po/pt_BR/content/posts/2021/2021-12-15-quarkus-and-CVE-2021-4428.adoc.po, 17, 17, 566, 566, 0%
l10n/po/pt_BR/content/versions/3.27/guides/dev-mcp.adoc.po, 35, 36, 566, 567, 1%
l10n/po/pt_BR/content/versions/main/guides/scheduler.adoc.po, 43, 106, 566, 1227, 54%
l10n/po/pt_BR/content/posts/2019-08-01-quarkus-app-circleci-build.adoc.po, 27, 29, 565, 567, 1%
l10n/po/pt_BR/content/posts/2019/2019-08-01-quarkus-app-circleci-build.adoc.po, 27, 29, 565, 567, 1%
l10n/po/pt_BR/content/versions/2.16/guides/gcp-functions-http.adoc.po, 41, 57, 565, 654, 14%
l10n/po/pt_BR/content/guides/opentelemetry-logging.adoc.po, 38, 66, 563, 788, 29%
l10n/po/pt_BR/content/versions/3.27/guides/scheduler.adoc.po, 42, 106, 563, 1227, 55%
l10n/po/pt_BR/content/versions/3.33/guides/scheduler.adoc.po, 42, 106, 563, 1227, 55%
l10n/po/pt_BR/content/versions/3.34/guides/scheduler.adoc.po, 42, 106, 563, 1227, 55%
l10n/po/pt_BR/content/versions/3.20/guides/scheduler.adoc.po, 41, 106, 562, 1227, 55%
l10n/po/pt_BR/_data/versioned/3-8/index/relations.yaml.po, 122, 446, 561, 1196, 54%
l10n/po/pt_BR/content/guides/hibernate-orm-panache-kotlin.adoc.po, 21, 25, 561, 607, 8%
l10n/po/pt_BR/content/posts/2024-12-18-next-lts-3-20.adoc.po, 35, 35, 561, 561, 0%
l10n/po/pt_BR/content/posts/2024/2024-12-18-next-lts-3-20.adoc.po, 35, 35, 561, 561, 0%
l10n/po/pt_BR/content/versions/3.15/guides/hibernate-orm-panache-kotlin.adoc.po, 21, 25, 561, 607, 8%
l10n/po/pt_BR/content/versions/3.2/guides/hibernate-orm-panache-kotlin.adoc.po, 21, 25, 561, 607, 8%
l10n/po/pt_BR/content/versions/3.20/guides/hibernate-orm-panache-kotlin.adoc.po, 21, 25, 561, 607, 8%
l10n/po/pt_BR/content/versions/3.27/guides/hibernate-orm-panache-kotlin.adoc.po, 21, 25, 561, 607, 8%
l10n/po/pt_BR/content/versions/3.33/guides/hibernate-orm-panache-kotlin.adoc.po, 21, 25, 561, 607, 8%
l10n/po/pt_BR/content/versions/3.34/guides/hibernate-orm-panache-kotlin.adoc.po, 21, 25, 561, 607, 8%
l10n/po/pt_BR/content/versions/3.8/guides/hibernate-orm-panache-kotlin.adoc.po, 21, 25, 561, 607, 8%
l10n/po/pt_BR/_data/newsletter.yaml.po, 217, 217, 558, 558, 0%
l10n/po/pt_BR/content/posts/2020-04-15-vscode-quarkus-1.4.0.adoc.po, 41, 41, 556, 556, 0%
l10n/po/pt_BR/content/posts/2020/2020-04-15-vscode-quarkus-1.4.0.adoc.po, 41, 41, 556, 556, 0%
l10n/po/pt_BR/content/versions/2.13/guides/hibernate-orm-panache-kotlin.adoc.po, 21, 25, 555, 601, 8%
l10n/po/pt_BR/content/versions/2.16/guides/hibernate-orm-panache-kotlin.adoc.po, 21, 25, 555, 601, 8%
l10n/po/pt_BR/content/versions/3.20/guides/security-properties.adoc.po, 56, 93, 555, 1039, 47%
l10n/po/pt_BR/content/versions/3.27/guides/security-properties.adoc.po, 56, 93, 555, 1039, 47%
l10n/po/pt_BR/_data/events.yaml.po, 97, 97, 553, 553, 0%
l10n/po/pt_BR/content/guides/gcp-functions-http.adoc.po, 40, 60, 552, 687, 20%
l10n/po/pt_BR/content/posts/2025-10-16-grpc-zero.adoc.po, 34, 35, 552, 553, 1%
l10n/po/pt_BR/content/posts/2025/2025-10-16-grpc-zero.adoc.po, 34, 35, 552, 553, 1%
l10n/po/pt_BR/content/versions/3.15/guides/gcp-functions-http.adoc.po, 40, 60, 552, 687, 20%
l10n/po/pt_BR/content/versions/3.2/guides/gcp-functions-http.adoc.po, 40, 57, 552, 658, 17%
l10n/po/pt_BR/content/versions/3.20/guides/gcp-functions-http.adoc.po, 40, 60, 552, 687, 20%
l10n/po/pt_BR/content/versions/3.27/guides/gcp-functions-http.adoc.po, 40, 60, 552, 687, 20%
l10n/po/pt_BR/content/versions/3.33/guides/gcp-functions-http.adoc.po, 40, 60, 552, 687, 20%
l10n/po/pt_BR/content/versions/3.34/guides/gcp-functions-http.adoc.po, 40, 60, 552, 687, 20%
l10n/po/pt_BR/content/versions/3.8/guides/gcp-functions-http.adoc.po, 40, 60, 552, 687, 20%
l10n/po/pt_BR/content/versions/main/guides/gcp-functions-http.adoc.po, 40, 60, 552, 687, 20%
l10n/po/pt_BR/content/posts/2023-02-09-datacater-uses-quarkus-to-make-data-streaming-accessible.adoc.po, 20, 21, 551, 552, 1%
l10n/po/pt_BR/content/posts/2023/2023-02-09-datacater-uses-quarkus-to-make-data-streaming-accessible.adoc.po, 20, 21, 551, 552, 1%
l10n/po/pt_BR/content/posts/2024-08-19-quarkus-jdiameter-intro.adoc.po, 17, 18, 551, 552, 1%
l10n/po/pt_BR/content/posts/2024/2024-08-19-quarkus-jdiameter-intro.adoc.po, 17, 18, 551, 552, 1%
l10n/po/pt_BR/content/versions/3.2/guides/amqp.adoc.po, 24, 80, 551, 1108, 51%
l10n/po/pt_BR/content/versions/3.8/guides/amqp.adoc.po, 24, 83, 551, 1137, 52%
l10n/po/pt_BR/content/posts/2023-04-05-quarkus-3-0-0-cr2-released.adoc.po, 42, 42, 549, 549, 0%
l10n/po/pt_BR/content/posts/2023/2023-04-05-quarkus-3-0-0-cr2-released.adoc.po, 42, 42, 549, 549, 0%
l10n/po/pt_BR/content/versions/2.13/guides/cli-tooling.adoc.po, 28, 112, 549, 1536, 65%
l10n/po/pt_BR/content/versions/2.13/guides/config.adoc.po, 45, 75, 549, 749, 27%
l10n/po/pt_BR/content/versions/2.16/guides/cli-tooling.adoc.po, 28, 123, 549, 1644, 67%
l10n/po/pt_BR/content/versions/2.16/guides/config.adoc.po, 45, 75, 549, 749, 27%
l10n/po/pt_BR/content/posts/2023-05-31-quarkus-3-1-0-final-released.adoc.po, 39, 39, 548, 548, 0%
l10n/po/pt_BR/content/posts/2023/2023-05-31-quarkus-3-1-0-final-released.adoc.po, 39, 39, 548, 548, 0%
l10n/po/pt_BR/content/posts/2020-12-03-quarkiverse.adoc.po, 29, 31, 547, 549, 1%
l10n/po/pt_BR/content/posts/2020/2020-12-03-quarkiverse.adoc.po, 29, 31, 547, 549, 1%
l10n/po/pt_BR/content/posts/2024-07-16-next-lts-3-15.adoc.po, 34, 34, 545, 545, 0%
l10n/po/pt_BR/content/posts/2024/2024-07-16-next-lts-3-15.adoc.po, 34, 34, 545, 545, 0%
l10n/po/pt_BR/content/guides/mongodb-panache-kotlin.adoc.po, 21, 21, 543, 543, 0%
l10n/po/pt_BR/content/versions/2.13/guides/mongodb-panache-kotlin.adoc.po, 21, 21, 543, 543, 0%
l10n/po/pt_BR/content/versions/2.16/guides/mongodb-panache-kotlin.adoc.po, 21, 21, 543, 543, 0%
l10n/po/pt_BR/content/versions/3.15/guides/mongodb-panache-kotlin.adoc.po, 21, 21, 543, 543, 0%
l10n/po/pt_BR/content/versions/3.2/guides/mongodb-panache-kotlin.adoc.po, 21, 21, 543, 543, 0%
l10n/po/pt_BR/content/versions/3.20/guides/mongodb-panache-kotlin.adoc.po, 21, 21, 543, 543, 0%
l10n/po/pt_BR/content/versions/3.27/guides/mongodb-panache-kotlin.adoc.po, 21, 21, 543, 543, 0%
l10n/po/pt_BR/content/versions/3.33/guides/mongodb-panache-kotlin.adoc.po, 21, 21, 543, 543, 0%
l10n/po/pt_BR/content/versions/3.34/guides/mongodb-panache-kotlin.adoc.po, 21, 21, 543, 543, 0%
l10n/po/pt_BR/content/versions/3.8/guides/mongodb-panache-kotlin.adoc.po, 21, 21, 543, 543, 0%
l10n/po/pt_BR/content/versions/main/guides/mongodb-panache-kotlin.adoc.po, 21, 21, 543, 543, 0%
l10n/po/pt_BR/content/versions/2.13/guides/config-mappings.adoc.po, 32, 81, 542, 1264, 58%
l10n/po/pt_BR/content/versions/2.13/guides/liquibase-mongodb.adoc.po, 74, 84, 542, 597, 10%
l10n/po/pt_BR/content/versions/2.16/guides/liquibase-mongodb.adoc.po, 74, 84, 542, 597, 10%
l10n/po/pt_BR/content/posts/2025-05-23-streamable-http-mcp.adoc.po, 26, 26, 539, 539, 0%
l10n/po/pt_BR/content/posts/2025/2025-05-23-streamable-http-mcp.adoc.po, 26, 26, 539, 539, 0%
l10n/po/pt_BR/content/versions/2.13/guides/reaugmentation.adoc.po, 17, 18, 539, 543, 1%
l10n/po/pt_BR/content/versions/2.16/guides/reaugmentation.adoc.po, 17, 18, 539, 543, 1%
l10n/po/pt_BR/templates/partials/ai-contextualrag.html.po, 29, 30, 539, 540, 1%
l10n/po/pt_BR/content/versions/3.27/guides/opentelemetry-logging.adoc.po, 36, 64, 538, 763, 30%
l10n/po/pt_BR/content/versions/3.33/guides/opentelemetry-logging.adoc.po, 36, 64, 538, 763, 30%
l10n/po/pt_BR/content/versions/3.34/guides/opentelemetry-logging.adoc.po, 36, 64, 538, 763, 30%
l10n/po/pt_BR/content/versions/3.15/guides/scheduler.adoc.po, 40, 105, 536, 1201, 56%
l10n/po/pt_BR/content/posts/2025-09-24-quarkus-3-28-released.adoc.po, 28, 31, 535, 539, 1%
l10n/po/pt_BR/content/posts/2025/2025-09-24-quarkus-3-28-released.adoc.po, 28, 31, 535, 539, 1%
l10n/po/pt_BR/content/posts/2023-09-20-quarkus-3-4-1-released.adoc.po, 34, 35, 534, 535, 1%
l10n/po/pt_BR/content/posts/2023/2023-09-20-quarkus-3-4-1-released.adoc.po, 34, 35, 534, 535, 1%
l10n/po/pt_BR/content/versions/3.20/guides/deploying-to-openshift-s2i-howto.adoc.po, 38, 41, 534, 537, 1%
l10n/po/pt_BR/content/versions/3.27/guides/deploying-to-openshift-s2i-howto.adoc.po, 38, 41, 534, 537, 1%
l10n/po/pt_BR/content/versions/2.13/guides/kogito-pmml.adoc.po, 33, 57, 533, 680, 22%
l10n/po/pt_BR/content/versions/2.16/guides/kogito-pmml.adoc.po, 33, 57, 533, 680, 22%
l10n/po/pt_BR/content/versions/3.15/guides/security-properties.adoc.po, 56, 92, 533, 1001, 47%
l10n/po/pt_BR/content/posts/2023-05-20-quarkus-3-upgrade.adoc.po, 31, 31, 531, 531, 0%
l10n/po/pt_BR/content/posts/2023/2023-05-20-quarkus-3-upgrade.adoc.po, 31, 31, 531, 531, 0%
l10n/po/pt_BR/templates/partials/benefactors.html.po, 32, 32, 530, 530, 0%
l10n/po/pt_BR/content/guides/reaugmentation.adoc.po, 18, 18, 529, 529, 0%
l10n/po/pt_BR/content/posts/2025-11-26-quarkus-3-30-released.adoc.po, 36, 38, 529, 531, 1%
l10n/po/pt_BR/content/posts/2025/2025-11-26-quarkus-3-30-released.adoc.po, 36, 38, 529, 531, 1%
l10n/po/pt_BR/content/versions/3.2/guides/config.adoc.po, 45, 76, 529, 746, 30%
l10n/po/pt_BR/content/versions/main/guides/reaugmentation.adoc.po, 18, 18, 529, 529, 0%
l10n/po/pt_BR/content/posts/2024-06-06-quarkus-infinispan-new.adoc.po, 29, 29, 527, 527, 0%
l10n/po/pt_BR/content/posts/2024/2024-06-06-quarkus-infinispan-new.adoc.po, 29, 29, 527, 527, 0%
l10n/po/pt_BR/_data/versioned/3-6/index/relations.yaml.po, 117, 444, 526, 1183, 56%
l10n/po/pt_BR/content/versions/3.15/guides/reaugmentation.adoc.po, 17, 18, 525, 529, 1%
l10n/po/pt_BR/content/versions/3.2/guides/reaugmentation.adoc.po, 17, 18, 525, 529, 1%
l10n/po/pt_BR/content/versions/3.20/guides/reaugmentation.adoc.po, 17, 18, 525, 529, 1%
l10n/po/pt_BR/content/versions/3.27/guides/reaugmentation.adoc.po, 17, 18, 525, 529, 1%
l10n/po/pt_BR/content/versions/3.33/guides/reaugmentation.adoc.po, 17, 18, 525, 529, 1%
l10n/po/pt_BR/content/versions/3.34/guides/reaugmentation.adoc.po, 17, 18, 525, 529, 1%
l10n/po/pt_BR/content/versions/3.8/guides/reaugmentation.adoc.po, 17, 18, 525, 529, 1%
l10n/po/pt_BR/content/versions/3.15/guides/websockets-next-tutorial.adoc.po, 29, 65, 524, 822, 37%
l10n/po/pt_BR/content/posts/2019-06-27-quarkus-0-18-released.adoc.po, 29, 29, 523, 523, 0%
l10n/po/pt_BR/content/posts/2019/2019-06-27-quarkus-0-18-released.adoc.po, 29, 29, 523, 523, 0%
l10n/po/pt_BR/content/posts/2024-04-23-heapdump-oome-native.adoc.po, 16, 16, 523, 523, 0%
l10n/po/pt_BR/content/posts/2024/2024-04-23-heapdump-oome-native.adoc.po, 16, 16, 523, 523, 0%
l10n/po/pt_BR/content/posts/2025-03-12-sqlite4j-pure-java-sqlite.adoc.po, 29, 29, 521, 521, 0%
l10n/po/pt_BR/content/posts/2025/2025-03-12-sqlite4j-pure-java-sqlite.adoc.po, 29, 29, 521, 521, 0%
l10n/po/pt_BR/content/guides/config-secrets.adoc.po, 29, 30, 519, 520, 1%
l10n/po/pt_BR/content/posts/2025-07-03-legacy-config-classes-sunsetting.adoc.po, 34, 34, 519, 519, 0%
l10n/po/pt_BR/content/posts/2025/2025-07-03-legacy-config-classes-sunsetting.adoc.po, 34, 34, 519, 519, 0%
l10n/po/pt_BR/content/versions/3.15/guides/config-secrets.adoc.po, 29, 30, 519, 520, 1%
l10n/po/pt_BR/content/versions/3.2/guides/cache-redis-reference.adoc.po, 47, 84, 519, 994, 48%
l10n/po/pt_BR/content/versions/3.20/guides/config-secrets.adoc.po, 29, 30, 519, 520, 1%
l10n/po/pt_BR/content/versions/3.27/guides/config-secrets.adoc.po, 29, 30, 519, 520, 1%
l10n/po/pt_BR/content/versions/3.33/guides/config-secrets.adoc.po, 29, 30, 519, 520, 1%
l10n/po/pt_BR/content/versions/3.34/guides/config-secrets.adoc.po, 29, 30, 519, 520, 1%
l10n/po/pt_BR/content/versions/main/guides/config-secrets.adoc.po, 29, 30, 519, 520, 1%
l10n/po/pt_BR/content/posts/2022-11-18-quarkus-3-0-0-alpha1-released.adoc.po, 38, 38, 513, 513, 0%
l10n/po/pt_BR/content/posts/2022/2022-11-18-quarkus-3-0-0-alpha1-released.adoc.po, 38, 38, 513, 513, 0%
l10n/po/pt_BR/content/guides/virtual-threads.adoc.po, 26, 146, 511, 2987, 83%
l10n/po/pt_BR/content/versions/main/guides/virtual-threads.adoc.po, 26, 146, 511, 2987, 83%
l10n/po/pt_BR/content/posts/2026-07-29-quarkus-3-38-released.adoc.po, 39, 40, 510, 511, 1%
l10n/po/pt_BR/content/posts/2026/2026-07-29-quarkus-3-38-released.adoc.po, 39, 40, 510, 511, 1%
l10n/po/pt_BR/content/versions/3.8/guides/cdi-integration.adoc.po, 18, 142, 510, 2390, 79%
l10n/po/pt_BR/content/versions/main/guides/aws-lambda.adoc.po, 20, 147, 510, 2827, 82%
l10n/po/pt_BR/content/posts/2023-12-14-virtual-threads-6.adoc.po, 29, 29, 508, 508, 0%
l10n/po/pt_BR/content/posts/2023/2023-12-14-virtual-threads-6.adoc.po, 29, 29, 508, 508, 0%
l10n/po/pt_BR/content/versions/3.8/guides/security-properties.adoc.po, 55, 91, 508, 976, 48%
l10n/po/pt_BR/content/versions/3.33/guides/virtual-threads.adoc.po, 25, 146, 507, 2987, 84%
l10n/po/pt_BR/content/versions/3.34/guides/virtual-threads.adoc.po, 25, 146, 507, 2987, 84%
l10n/po/pt_BR/content/versions/main/guides/opentelemetry-logging.adoc.po, 36, 62, 507, 716, 30%
l10n/po/pt_BR/content/posts/2024-06-12-branching-and-versioning.adoc.po, 21, 21, 506, 506, 0%
l10n/po/pt_BR/content/posts/2024/2024-06-12-branching-and-versioning.adoc.po, 21, 21, 506, 506, 0%
l10n/po/pt_BR/content/posts/2026-08-03-quarkus-banner-extension.adoc.po, 22, 22, 504, 504, 0%
l10n/po/pt_BR/content/posts/2026/2026-08-03-quarkus-banner-extension.adoc.po, 22, 22, 504, 504, 0%
l10n/po/pt_BR/content/posts/2023-03-23-quarkus-3-0-0-beta1-released.adoc.po, 42, 42, 502, 502, 0%
l10n/po/pt_BR/content/posts/2023/2023-03-23-quarkus-3-0-0-beta1-released.adoc.po, 42, 42, 502, 502, 0%
l10n/po/pt_BR/templates/partials/ai-frozenrag.html.po, 25, 25, 501, 501, 0%
l10n/po/pt_BR/content/posts/2020-08-20-codestarts-preview.adoc.po, 29, 29, 500, 500, 0%
l10n/po/pt_BR/content/posts/2020/2020-08-20-codestarts-preview.adoc.po, 29, 29, 500, 500, 0%
l10n/po/pt_BR/_data/releases.yaml.po, 413, 413, 498, 498, 0%
l10n/po/pt_BR/content/posts/2020-11-25-stylish-api.adoc.po, 45, 45, 496, 496, 0%
l10n/po/pt_BR/content/posts/2020/2020-11-25-stylish-api.adoc.po, 45, 45, 496, 496, 0%
l10n/po/pt_BR/content/posts/2025-02-18-idc-customer-case-studies.adoc.po, 33, 33, 493, 493, 0%
l10n/po/pt_BR/content/posts/2025/2025-02-18-idc-customer-case-studies.adoc.po, 33, 33, 493, 493, 0%
l10n/po/pt_BR/content/posts/2020-03-23-quarkus-eclipse-microprofile-3-3.adoc.po, 27, 27, 492, 492, 0%
l10n/po/pt_BR/content/posts/2020/2020-03-23-quarkus-eclipse-microprofile-3-3.adoc.po, 27, 27, 492, 492, 0%
l10n/po/pt_BR/content/versions/3.2/guides/amazon-lambda-http.adoc.po, 15, 112, 491, 2017, 76%
l10n/po/pt_BR/content/posts/2025-10-29-quarkus-3-29-released.adoc.po, 29, 30, 487, 488, 1%
l10n/po/pt_BR/content/posts/2025/2025-10-29-quarkus-3-29-released.adoc.po, 29, 30, 487, 488, 1%
l10n/po/pt_BR/content/guides/build-analytics.adoc.po, 37, 45, 485, 494, 2%
l10n/po/pt_BR/content/versions/3.15/guides/build-analytics.adoc.po, 37, 45, 485, 494, 2%
l10n/po/pt_BR/content/versions/3.2/guides/build-analytics.adoc.po, 37, 45, 485, 494, 2%
l10n/po/pt_BR/content/versions/3.20/guides/build-analytics.adoc.po, 37, 45, 485, 494, 2%
l10n/po/pt_BR/content/versions/3.27/guides/build-analytics.adoc.po, 37, 45, 485, 494, 2%
l10n/po/pt_BR/content/versions/3.33/guides/build-analytics.adoc.po, 37, 45, 485, 494, 2%
l10n/po/pt_BR/content/versions/3.34/guides/build-analytics.adoc.po, 37, 45, 485, 494, 2%
l10n/po/pt_BR/content/versions/3.8/guides/build-analytics.adoc.po, 37, 45, 485, 494, 2%
l10n/po/pt_BR/content/versions/main/guides/build-analytics.adoc.po, 37, 45, 485, 494, 2%
l10n/po/pt_BR/content/posts/2026-02-12-a2a-java-sdk-1-0-0-alpha2-released.adoc.po, 43, 44, 482, 484, 1%
l10n/po/pt_BR/content/posts/2026/2026-02-12-a2a-java-sdk-1-0-0-alpha2-released.adoc.po, 43, 44, 482, 484, 1%
l10n/po/pt_BR/content/versions/3.20/guides/opentelemetry-logging.adoc.po, 32, 60, 482, 707, 32%
l10n/po/pt_BR/content/guides/websockets-next-tutorial.adoc.po, 28, 62, 481, 763, 37%
l10n/po/pt_BR/content/posts/2023-01-25-quarkus-2-16-0-final-released.adoc.po, 31, 34, 481, 484, 1%
l10n/po/pt_BR/content/posts/2023/2023-01-25-quarkus-2-16-0-final-released.adoc.po, 31, 34, 481, 484, 1%
l10n/po/pt_BR/content/versions/3.20/guides/websockets-next-tutorial.adoc.po, 28, 62, 481, 763, 37%
l10n/po/pt_BR/content/versions/3.27/guides/websockets-next-tutorial.adoc.po, 28, 62, 481, 763, 37%
l10n/po/pt_BR/content/versions/3.33/guides/websockets-next-tutorial.adoc.po, 28, 62, 481, 763, 37%
l10n/po/pt_BR/content/versions/3.34/guides/websockets-next-tutorial.adoc.po, 28, 62, 481, 763, 37%
l10n/po/pt_BR/content/versions/main/guides/websockets-next-tutorial.adoc.po, 28, 62, 481, 763, 37%
l10n/po/pt_BR/content/versions/3.15/guides/security-cors.adoc.po, 31, 56, 479, 843, 44%
l10n/po/pt_BR/content/posts/2024-01-26-quarkus-3-2-10-final-released.adoc.po, 40, 40, 475, 475, 0%
l10n/po/pt_BR/content/posts/2024/2024-01-26-quarkus-3-2-10-final-released.adoc.po, 40, 40, 475, 475, 0%
l10n/po/pt_BR/content/posts/2023-12-19-our-plans-for-quarkus-3-7-3-8-3-9-released.adoc.po, 29, 29, 472, 472, 0%
l10n/po/pt_BR/content/posts/2023/2023-12-19-our-plans-for-quarkus-3-7-3-8-3-9-released.adoc.po, 29, 29, 472, 472, 0%
l10n/po/pt_BR/content/posts/2021-02-25-migrating-existing-apps-to-quarkus-with-mta.adoc.po, 12, 12, 471, 471, 0%
l10n/po/pt_BR/content/posts/2021/2021-02-25-migrating-existing-apps-to-quarkus-with-mta.adoc.po, 12, 12, 471, 471, 0%
l10n/po/pt_BR/content/versions/3.8/guides/security-cors.adoc.po, 31, 56, 467, 831, 44%
l10n/po/pt_BR/content/posts/2023-02-15-quarkus-3-0-0-alpha4-released.adoc.po, 37, 37, 465, 465, 0%
l10n/po/pt_BR/content/posts/2023/2023-02-15-quarkus-3-0-0-alpha4-released.adoc.po, 37, 37, 465, 465, 0%
l10n/po/pt_BR/content/guides/deploying-to-openshift-howto.adoc.po, 29, 32, 464, 467, 1%
l10n/po/pt_BR/content/posts/2020-11-10-mutiny-invoke-and-call.adoc.po, 32, 35, 464, 491, 6%
l10n/po/pt_BR/content/posts/2020/2020-11-10-mutiny-invoke-and-call.adoc.po, 32, 35, 464, 491, 6%
l10n/po/pt_BR/content/versions/3.20/guides/deploying-to-openshift-howto.adoc.po, 29, 32, 464, 467, 1%
l10n/po/pt_BR/content/versions/3.27/guides/deploying-to-openshift-howto.adoc.po, 29, 32, 464, 467, 1%
l10n/po/pt_BR/content/versions/3.33/guides/deploying-to-openshift-howto.adoc.po, 29, 32, 464, 467, 1%
l10n/po/pt_BR/content/versions/3.34/guides/deploying-to-openshift-howto.adoc.po, 29, 32, 464, 467, 1%
l10n/po/pt_BR/content/versions/main/guides/deploying-to-openshift-howto.adoc.po, 29, 32, 464, 467, 1%
l10n/po/pt_BR/content/posts/2020-04-24-quarkus-summit-2020.adoc.po, 55, 55, 463, 463, 0%
l10n/po/pt_BR/content/posts/2020/2020-04-24-quarkus-summit-2020.adoc.po, 55, 55, 463, 463, 0%
l10n/po/pt_BR/content/posts/2025-03-26-quarkus-3-21-0-released.adoc.po, 29, 30, 462, 463, 1%
l10n/po/pt_BR/content/posts/2025/2025-03-26-quarkus-3-21-0-released.adoc.po, 29, 30, 462, 463, 1%
l10n/po/pt_BR/content/posts/2020-01-20-sentry-the-guardian-of-your-quarkus-app.adoc.po, 24, 24, 460, 460, 0%
l10n/po/pt_BR/content/posts/2020/2020-01-20-sentry-the-guardian-of-your-quarkus-app.adoc.po, 24, 24, 460, 460, 0%
l10n/po/pt_BR/content/posts/2022-09-28-quarkus-2-13-0-final-released.adoc.po, 26, 27, 459, 462, 1%
l10n/po/pt_BR/content/posts/2022/2022-09-28-quarkus-2-13-0-final-released.adoc.po, 26, 27, 459, 462, 1%
l10n/po/pt_BR/templates/partials/ai-java-for-ai.html.po, 38, 38, 459, 459, 0%
l10n/po/pt_BR/content/posts/2026-09-10-java21.adoc.po, 21, 21, 458, 458, 0%
l10n/po/pt_BR/content/posts/2026/2026-09-10-java21.adoc.po, 21, 21, 458, 458, 0%
l10n/po/pt_BR/content/versions/2.13/guides/rabbitmq-dev-services.adoc.po, 26, 29, 454, 462, 2%
l10n/po/pt_BR/content/versions/2.16/guides/rabbitmq-dev-services.adoc.po, 26, 29, 454, 462, 2%
l10n/po/pt_BR/content/versions/3.15/guides/rabbitmq-dev-services.adoc.po, 26, 29, 454, 462, 2%
l10n/po/pt_BR/content/versions/3.2/guides/rabbitmq-dev-services.adoc.po, 26, 29, 454, 462, 2%
l10n/po/pt_BR/content/versions/3.8/guides/rabbitmq-dev-services.adoc.po, 26, 29, 454, 462, 2%
l10n/po/pt_BR/content/versions/3.15/guides/security-proactive-authentication.adoc.po, 14, 20, 451, 466, 4%
l10n/po/pt_BR/content/posts/2025-05-28-quarkus-3-23-0-released.adoc.po, 32, 33, 448, 449, 1%
l10n/po/pt_BR/content/posts/2025/2025-05-28-quarkus-3-23-0-released.adoc.po, 32, 33, 448, 449, 1%
l10n/po/pt_BR/content/versions/3.2/guides/getting-started.adoc.po, 45, 159, 448, 2031, 78%
l10n/po/pt_BR/content/versions/3.8/guides/security-proactive-authentication.adoc.po, 14, 20, 448, 463, 4%
l10n/po/pt_BR/content/guides/aws-lambda-http.adoc.po, 12, 114, 447, 2133, 80%
l10n/po/pt_BR/content/versions/3.33/guides/aws-lambda-http.adoc.po, 12, 114, 447, 2133, 80%
l10n/po/pt_BR/content/versions/main/guides/aws-lambda-http.adoc.po, 12, 114, 447, 2133, 80%
l10n/po/pt_BR/content/versions/2.13/guides/grpc-getting-started.adoc.po, 25, 67, 444, 1064, 59%
l10n/po/pt_BR/content/versions/2.16/guides/grpc-getting-started.adoc.po, 25, 73, 444, 1133, 61%
l10n/po/pt_BR/content/versions/3.2/guides/grpc-getting-started.adoc.po, 27, 79, 442, 1221, 64%
l10n/po/pt_BR/content/posts/2021-10-27-quarkus-2-4-0-final-released.adoc.po, 29, 29, 440, 440, 0%
l10n/po/pt_BR/content/posts/2021/2021-10-27-quarkus-2-4-0-final-released.adoc.po, 29, 29, 440, 440, 0%
l10n/po/pt_BR/content/versions/3.8/guides/aws-lambda-http.adoc.po, 13, 112, 439, 2017, 79%
l10n/po/pt_BR/content/posts/2020-08-24-mutiny-failure-handling.adoc.po, 21, 21, 437, 437, 0%
l10n/po/pt_BR/content/posts/2020/2020-08-24-mutiny-failure-handling.adoc.po, 21, 21, 437, 437, 0%
l10n/po/pt_BR/content/versions/main/guides/security-oidc-client-id-metadata-document.adoc.po, 31, 34, 435, 438, 1%
l10n/po/pt_BR/content/posts/2019-11-04-quarkus-0-28-1-released.adoc.po, 27, 27, 433, 433, 0%
l10n/po/pt_BR/content/posts/2019/2019-11-04-quarkus-0-28-1-released.adoc.po, 27, 27, 433, 433, 0%
l10n/po/pt_BR/content/posts/2026-05-28-panache-next-renamed-to-quarkus-data.adoc.po, 33, 33, 432, 432, 0%
l10n/po/pt_BR/content/posts/2026/2026-05-28-panache-next-renamed-to-quarkus-data.adoc.po, 33, 33, 432, 432, 0%
l10n/po/pt_BR/content/versions/3.2/guides/scheduler.adoc.po, 37, 100, 432, 1081, 61%
l10n/po/pt_BR/content/posts/2020-09-29-mutiny-concurrent-uni.adoc.po, 20, 20, 428, 428, 0%
l10n/po/pt_BR/content/posts/2020/2020-09-29-mutiny-concurrent-uni.adoc.po, 20, 20, 428, 428, 0%
l10n/po/pt_BR/content/posts/2023-01-23-quarkus-3-0-0-alpha3-released.adoc.po, 30, 30, 427, 427, 0%
l10n/po/pt_BR/content/posts/2023/2023-01-23-quarkus-3-0-0-alpha3-released.adoc.po, 30, 30, 427, 427, 0%
l10n/po/pt_BR/content/posts/2019-06-18-hibernate-search-extension.adoc.po, 24, 25, 426, 428, 1%
l10n/po/pt_BR/content/posts/2019/2019-06-18-hibernate-search-extension.adoc.po, 24, 25, 426, 428, 1%
l10n/po/pt_BR/content/posts/2019-10-16-quarkus-0-25.0-released.adoc.po, 34, 34, 423, 423, 0%
l10n/po/pt_BR/content/posts/2019/2019-10-16-quarkus-0-25.0-released.adoc.po, 34, 34, 423, 423, 0%
l10n/po/pt_BR/content/versions/3.20/guides/extension-writing-dev-service.adoc.po, 23, 31, 423, 452, 7%
l10n/po/pt_BR/content/versions/3.27/guides/extension-writing-dev-service.adoc.po, 23, 31, 423, 452, 7%
l10n/po/pt_BR/content/versions/3.33/guides/extension-writing-dev-service.adoc.po, 23, 31, 423, 452, 7%
l10n/po/pt_BR/content/versions/3.34/guides/extension-writing-dev-service.adoc.po, 23, 31, 423, 452, 7%
l10n/po/pt_BR/content/versions/3.20/guides/deploying-to-openshift-docker-howto.adoc.po, 27, 30, 422, 425, 1%
l10n/po/pt_BR/content/versions/3.27/guides/deploying-to-openshift-docker-howto.adoc.po, 27, 30, 422, 425, 1%
l10n/po/pt_BR/content/versions/3.34/guides/deploying-to-openshift-docker-howto.adoc.po, 27, 30, 422, 425, 1%
l10n/po/pt_BR/content/guides/deploying-to-openshift-docker-howto.adoc.po, 27, 30, 417, 420, 1%
l10n/po/pt_BR/content/versions/3.33/guides/deploying-to-openshift-docker-howto.adoc.po, 27, 30, 417, 420, 1%
l10n/po/pt_BR/content/versions/main/guides/deploying-to-openshift-docker-howto.adoc.po, 27, 30, 417, 420, 1%
l10n/po/pt_BR/content/versions/3.2/guides/security-proactive-authentication.adoc.po, 15, 21, 416, 431, 4%
l10n/po/pt_BR/content/posts/2021-12-02-website-and-discussions.adoc.po, 18, 18, 412, 412, 0%
l10n/po/pt_BR/content/posts/2021/2021-12-02-website-and-discussions.adoc.po, 18, 18, 412, 412, 0%
l10n/po/pt_BR/content/versions/2.13/guides/lra.adoc.po, 4, 20, 412, 935, 56%
l10n/po/pt_BR/content/versions/2.16/guides/lra.adoc.po, 4, 20, 412, 935, 56%
l10n/po/pt_BR/content/versions/3.8/guides/getting-started.adoc.po, 44, 159, 411, 2054, 80%
l10n/po/pt_BR/content/posts/2021-10-06-quarkus-2-3-0-final-released.adoc.po, 26, 26, 410, 410, 0%
l10n/po/pt_BR/content/posts/2021/2021-10-06-quarkus-2-3-0-final-released.adoc.po, 26, 26, 410, 410, 0%
l10n/po/pt_BR/content/versions/2.16/guides/security-testing.adoc.po, 20, 22, 409, 412, 1%
l10n/po/pt_BR/content/versions/3.8/guides/scheduler.adoc.po, 35, 100, 405, 1067, 63%
l10n/po/pt_BR/content/posts/2022-08-31-quarkus-2-12-0-final-released.adoc.po, 28, 28, 404, 404, 0%
l10n/po/pt_BR/content/posts/2022/2022-08-31-quarkus-2-12-0-final-released.adoc.po, 28, 28, 404, 404, 0%
l10n/po/pt_BR/content/versions/2.16/guides/kafka-dev-services.adoc.po, 14, 29, 404, 518, 23%
l10n/po/pt_BR/content/versions/3.2/guides/kafka-dev-services.adoc.po, 14, 29, 404, 518, 23%
l10n/po/pt_BR/content/versions/3.2/guides/security-testing.adoc.po, 19, 22, 404, 410, 2%
l10n/po/pt_BR/content/versions/3.8/guides/security-testing.adoc.po, 19, 22, 404, 410, 2%
l10n/po/pt_BR/content/versions/3.15/guides/kafka-dev-services.adoc.po, 14, 29, 403, 517, 23%
l10n/po/pt_BR/content/versions/3.8/guides/kafka-dev-services.adoc.po, 14, 29, 403, 517, 23%
l10n/po/pt_BR/content/versions/3.34/guides/deploying-to-openshift-s2i-howto.adoc.po, 32, 35, 400, 403, 1%
l10n/po/pt_BR/content/versions/3.15/guides/extension-writing-dev-service.adoc.po, 21, 23, 398, 400, 1%
l10n/po/pt_BR/content/versions/main/guides/deploying-to-openshift-s2i-howto.adoc.po, 33, 36, 398, 401, 1%
l10n/po/pt_BR/content/guides/deploying-to-openshift-s2i-howto.adoc.po, 33, 36, 397, 400, 1%
l10n/po/pt_BR/content/versions/3.33/guides/deploying-to-openshift-s2i-howto.adoc.po, 33, 36, 397, 400, 1%
l10n/po/pt_BR/content/posts/2022-12-07-quarkus-3-0-0-alpha2-released.adoc.po, 27, 27, 393, 393, 0%
l10n/po/pt_BR/content/posts/2022/2022-12-07-quarkus-3-0-0-alpha2-released.adoc.po, 27, 27, 393, 393, 0%
l10n/po/pt_BR/content/posts/2019-10-23-quarkus-0-26-1-released.adoc.po, 26, 26, 391, 391, 0%
l10n/po/pt_BR/content/posts/2019/2019-10-23-quarkus-0-26-1-released.adoc.po, 26, 26, 391, 391, 0%
l10n/po/pt_BR/content/versions/3.34/guides/aws-lambda-http.adoc.po, 11, 113, 388, 2074, 82%
l10n/po/pt_BR/content/versions/3.20/guides/deploying-to-openshift-native-howto.adoc.po, 27, 30, 387, 390, 1%
l10n/po/pt_BR/content/versions/3.27/guides/deploying-to-openshift-native-howto.adoc.po, 27, 30, 387, 390, 1%
l10n/po/pt_BR/content/versions/3.34/guides/deploying-to-openshift-native-howto.adoc.po, 27, 30, 387, 390, 1%
l10n/po/pt_BR/content/guides/deploying-to-openshift-native-howto.adoc.po, 28, 31, 385, 388, 1%
l10n/po/pt_BR/content/versions/3.33/guides/deploying-to-openshift-native-howto.adoc.po, 28, 31, 385, 388, 1%
l10n/po/pt_BR/content/versions/main/guides/deploying-to-openshift-native-howto.adoc.po, 28, 31, 385, 388, 1%
l10n/po/pt_BR/content/posts/2024-07-31-quarkus-moving-to-commonhaus.adoc.po, 12, 12, 383, 383, 0%
l10n/po/pt_BR/content/posts/2024/2024-07-31-quarkus-moving-to-commonhaus.adoc.po, 12, 12, 383, 383, 0%
l10n/po/pt_BR/content/posts/2021-07-29-quarkus-2-1-0-final-released.adoc.po, 24, 24, 381, 381, 0%
l10n/po/pt_BR/content/posts/2021/2021-07-29-quarkus-2-1-0-final-released.adoc.po, 24, 24, 381, 381, 0%
l10n/po/pt_BR/content/posts/2025-09-18-quarkus-a2a-java-0-3-0-beta-release.adoc.po, 25, 25, 381, 381, 0%
l10n/po/pt_BR/content/posts/2025/2025-09-18-quarkus-a2a-java-0-3-0-beta-release.adoc.po, 25, 25, 381, 381, 0%
l10n/po/pt_BR/content/versions/2.13/guides/security-testing.adoc.po, 18, 20, 378, 381, 1%
l10n/po/pt_BR/content/versions/2.13/guides/config-yaml.adoc.po, 19, 25, 377, 393, 5%
l10n/po/pt_BR/content/versions/2.16/guides/config-yaml.adoc.po, 19, 25, 377, 393, 5%
l10n/po/pt_BR/content/posts/2020-07-10-quarkus-test-profiles.adoc.po, 16, 16, 376, 376, 0%
l10n/po/pt_BR/content/posts/2020/2020-07-10-quarkus-test-profiles.adoc.po, 16, 16, 376, 376, 0%
l10n/po/pt_BR/content/versions/2.13/guides/doc-contribute-docs-howto.adoc.po, 24, 26, 374, 400, 7%
l10n/po/pt_BR/content/posts/2019-08-01-hibernate-orm-config-profiles.adoc.po, 8, 8, 372, 372, 0%
l10n/po/pt_BR/content/posts/2019/2019-08-01-hibernate-orm-config-profiles.adoc.po, 8, 8, 372, 372, 0%
l10n/po/pt_BR/content/versions/2.13/guides/kafka-dev-services.adoc.po, 13, 27, 371, 479, 23%
l10n/po/pt_BR/content/posts/2026-03-25-quarkus-3-34-released.adoc.po, 18, 19, 363, 364, 1%
l10n/po/pt_BR/content/posts/2026/2026-03-25-quarkus-3-34-released.adoc.po, 18, 19, 363, 364, 1%
l10n/po/pt_BR/content/posts/2022-11-28-quarkus-2-14-2-final-released.adoc.po, 27, 27, 362, 362, 0%
l10n/po/pt_BR/content/posts/2022/2022-11-28-quarkus-2-14-2-final-released.adoc.po, 27, 27, 362, 362, 0%
l10n/po/pt_BR/content/security.adoc.po, 15, 15, 361, 361, 0%
l10n/po/pt_BR/content/posts/2023-03-15-quarkus-3-0-0-alpha6-released.adoc.po, 29, 29, 360, 360, 0%
l10n/po/pt_BR/content/posts/2023/2023-03-15-quarkus-3-0-0-alpha6-released.adoc.po, 29, 29, 360, 360, 0%
l10n/po/pt_BR/content/posts/2020-01-21-march-of-ides.adoc.po, 55, 56, 359, 360, 1%
l10n/po/pt_BR/content/posts/2020/2020-01-21-march-of-ides.adoc.po, 55, 56, 359, 360, 1%
l10n/po/pt_BR/content/versions/3.15/guides/observability-devservices-lgtm.adoc.po, 23, 26, 358, 363, 2%
l10n/po/pt_BR/templates/partials/ai-overview.html.po, 24, 24, 358, 358, 0%
l10n/po/pt_BR/_data/qtips-videos.yaml.po, 102, 111, 357, 377, 6%
l10n/po/pt_BR/content/versions/3.15/guides/aws-lambda-http.adoc.po, 10, 112, 353, 2017, 83%
l10n/po/pt_BR/content/versions/3.20/guides/aws-lambda-http.adoc.po, 10, 113, 353, 2072, 83%
l10n/po/pt_BR/content/versions/3.27/guides/aws-lambda-http.adoc.po, 10, 113, 353, 2072, 83%
l10n/po/pt_BR/content/posts/2020-04-28-eclipse-quarkus-tools-4.15.0.Final.adoc.po, 29, 29, 352, 352, 0%
l10n/po/pt_BR/content/posts/2020/2020-04-28-eclipse-quarkus-tools-4.15.0.Final.adoc.po, 29, 29, 352, 352, 0%
l10n/po/pt_BR/content/posts/2021-06-22-calling-all-roadies.adoc.po, 30, 30, 351, 351, 0%
l10n/po/pt_BR/content/posts/2021/2021-06-22-calling-all-roadies.adoc.po, 30, 30, 351, 351, 0%
l10n/po/pt_BR/content/posts/2020-06-24-intellij-quarkus-tools-1.0.0.adoc.po, 36, 36, 350, 350, 0%
l10n/po/pt_BR/content/posts/2020/2020-06-24-intellij-quarkus-tools-1.0.0.adoc.po, 36, 36, 350, 350, 0%
l10n/po/pt_BR/content/faq.adoc.po, 14, 33, 348, 726, 53%
l10n/po/pt_BR/content/guides/init-tasks.adoc.po, 17, 37, 348, 618, 44%
l10n/po/pt_BR/content/versions/3.20/guides/init-tasks.adoc.po, 17, 37, 348, 618, 44%
l10n/po/pt_BR/content/versions/3.27/guides/init-tasks.adoc.po, 17, 37, 348, 618, 44%
l10n/po/pt_BR/content/versions/3.33/guides/init-tasks.adoc.po, 17, 37, 348, 618, 44%
l10n/po/pt_BR/content/versions/3.34/guides/init-tasks.adoc.po, 17, 37, 348, 618, 44%
l10n/po/pt_BR/content/versions/main/guides/init-tasks.adoc.po, 17, 37, 348, 618, 44%
l10n/po/pt_BR/content/posts/2019-11-06-announcing-quarkus-1-0.adoc.po, 10, 10, 346, 346, 0%
l10n/po/pt_BR/content/posts/2019/2019-11-06-announcing-quarkus-1-0.adoc.po, 10, 10, 346, 346, 0%
l10n/po/pt_BR/content/versions/2.13/guides/rest-client-reactive.adoc.po, 16, 170, 343, 2848, 88%
l10n/po/pt_BR/content/posts/2020-01-24-quarkus-wins-devies-award.adoc.po, 5, 5, 342, 342, 0%
l10n/po/pt_BR/content/posts/2020/2020-01-24-quarkus-wins-devies-award.adoc.po, 5, 5, 342, 342, 0%
l10n/po/pt_BR/content/posts/2020-06-25-quarkus-grpc.adoc.po, 23, 23, 339, 339, 0%
l10n/po/pt_BR/content/posts/2020/2020-06-25-quarkus-grpc.adoc.po, 23, 23, 339, 339, 0%
l10n/po/pt_BR/templates/partials/ai-quarkus-for-ai.html.po, 26, 26, 339, 339, 0%
l10n/po/pt_BR/content/posts/2019-05-05-quarkus-has-a-new-logo.adoc.po, 13, 13, 338, 338, 0%
l10n/po/pt_BR/content/posts/2019/2019-05-05-quarkus-has-a-new-logo.adoc.po, 13, 13, 338, 338, 0%
l10n/po/pt_BR/content/versions/2.16/guides/scheduler.adoc.po, 33, 87, 335, 861, 62%
l10n/po/pt_BR/content/posts/2020-08-25-quarkus-day-2020.adoc.po, 14, 14, 334, 334, 0%
l10n/po/pt_BR/content/posts/2020/2020-08-25-quarkus-day-2020.adoc.po, 14, 14, 334, 334, 0%
l10n/po/pt_BR/content/posts/2026-04-13-reflection-free-jsckson-serializers.adoc.po, 8, 8, 334, 334, 0%
l10n/po/pt_BR/content/posts/2026/2026-04-13-reflection-free-jsckson-serializers.adoc.po, 8, 8, 334, 334, 0%
l10n/po/pt_BR/templates/partials/ai-blueprints.html.po, 14, 14, 334, 334, 0%
l10n/po/pt_BR/content/posts/2019-09-16-quarkus-0-22-0-released.adoc.po, 22, 22, 330, 330, 0%
l10n/po/pt_BR/content/posts/2019/2019-09-16-quarkus-0-22-0-released.adoc.po, 22, 22, 330, 330, 0%
l10n/po/pt_BR/content/guides/spring-test.adoc.po, 46, 56, 329, 402, 19%
l10n/po/pt_BR/content/versions/main/guides/spring-test.adoc.po, 46, 56, 329, 402, 19%
l10n/po/pt_BR/content/posts/2020-07-09-quarkus-cassandra-extension-released.adoc.po, 10, 10, 328, 328, 0%
l10n/po/pt_BR/content/posts/2020/2020-07-09-quarkus-cassandra-extension-released.adoc.po, 10, 10, 328, 328, 0%
l10n/po/pt_BR/content/posts/2026-07-29-quarkus-3-33-3-released.adoc.po, 39, 40, 327, 328, 1%
l10n/po/pt_BR/content/posts/2026/2026-07-29-quarkus-3-33-3-released.adoc.po, 39, 40, 327, 328, 1%
l10n/po/pt_BR/_data/training.yaml.po, 58, 59, 326, 328, 1%
l10n/po/pt_BR/content/posts/2023-07-24-quarkus-3-2-2-final-released.adoc.po, 20, 20, 326, 326, 0%
l10n/po/pt_BR/content/posts/2023/2023-07-24-quarkus-3-2-2-final-released.adoc.po, 20, 20, 326, 326, 0%
l10n/po/pt_BR/content/posts/2020-12-07-extension-codestarts-a-new-way-to-learn-and-discover-quarkus.adoc.po, 19, 19, 324, 324, 0%
l10n/po/pt_BR/content/posts/2020/2020-12-07-extension-codestarts-a-new-way-to-learn-and-discover-quarkus.adoc.po, 19, 19, 324, 324, 0%
l10n/po/pt_BR/content/posts/2026-07-29-quarkus-3-27-5-released.adoc.po, 38, 39, 320, 321, 1%
l10n/po/pt_BR/content/posts/2026/2026-07-29-quarkus-3-27-5-released.adoc.po, 38, 39, 320, 321, 1%
l10n/po/pt_BR/content/guides/spring-tx.adoc.po, 42, 83, 315, 678, 54%
l10n/po/pt_BR/content/posts/2019-10-02-quarkus-0-23-2-released.adoc.po, 20, 20, 315, 315, 0%
l10n/po/pt_BR/content/posts/2019/2019-10-02-quarkus-0-23-2-released.adoc.po, 20, 20, 315, 315, 0%
l10n/po/pt_BR/content/versions/main/guides/spring-tx.adoc.po, 42, 83, 315, 678, 54%
l10n/po/pt_BR/templates/partials/kubernetes-native.html.po, 16, 24, 314, 422, 26%
l10n/po/pt_BR/content/guides/web-dependency-locator.adoc.po, 23, 24, 313, 315, 1%
l10n/po/pt_BR/content/posts/2020-12-08-avro-native.adoc.po, 19, 19, 313, 313, 0%
l10n/po/pt_BR/content/posts/2020/2020-12-08-avro-native.adoc.po, 19, 19, 313, 313, 0%
l10n/po/pt_BR/content/versions/3.15/guides/web-dependency-locator.adoc.po, 23, 24, 313, 315, 1%
l10n/po/pt_BR/content/versions/3.20/guides/web-dependency-locator.adoc.po, 23, 24, 313, 315, 1%
l10n/po/pt_BR/content/versions/3.27/guides/web-dependency-locator.adoc.po, 23, 24, 313, 315, 1%
l10n/po/pt_BR/content/versions/3.33/guides/web-dependency-locator.adoc.po, 23, 24, 313, 315, 1%
l10n/po/pt_BR/content/versions/3.34/guides/web-dependency-locator.adoc.po, 23, 24, 313, 315, 1%
l10n/po/pt_BR/content/versions/main/guides/web-dependency-locator.adoc.po, 23, 24, 313, 315, 1%
l10n/po/pt_BR/content/foundation-faq.md.po, 30, 30, 312, 312, 0%
l10n/po/pt_BR/content/posts/2024-03-19-quarkus-3-8-3-released.adoc.po, 22, 23, 311, 312, 1%
l10n/po/pt_BR/content/posts/2024/2024-03-19-quarkus-3-8-3-released.adoc.po, 22, 23, 311, 312, 1%
l10n/po/pt_BR/content/versions/3.2/guides/security-overview.adoc.po, 16, 44, 308, 626, 51%
l10n/po/pt_BR/templates/partials/spring-features-band.html.po, 17, 17, 308, 308, 0%
l10n/po/pt_BR/content/versions/2.13/guides/kogito-dev-services.adoc.po, 17, 20, 307, 314, 3%
l10n/po/pt_BR/content/versions/2.16/guides/kogito-dev-services.adoc.po, 17, 20, 307, 314, 3%
l10n/po/pt_BR/content/posts/2019-10-31-vscode-quarkus-1.1.0.adoc.po, 28, 28, 304, 304, 0%
l10n/po/pt_BR/content/posts/2019/2019-10-31-vscode-quarkus-1.1.0.adoc.po, 28, 28, 304, 304, 0%
l10n/po/pt_BR/content/usage.md.po, 25, 25, 303, 303, 0%
l10n/po/pt_BR/content/versions/3.2/guides/stork-reference.adoc.po, 21, 23, 303, 319, 6%
l10n/po/pt_BR/content/posts/2020-03-28-quarkus-1-3-1-final-released.adoc.po, 21, 21, 302, 302, 0%
l10n/po/pt_BR/content/posts/2020/2020-03-28-quarkus-1-3-1-final-released.adoc.po, 21, 21, 302, 302, 0%
l10n/po/pt_BR/content/posts/2023-10-19-virtual-threads-5.adoc.po, 17, 17, 302, 302, 0%
l10n/po/pt_BR/content/posts/2023/2023-10-19-virtual-threads-5.adoc.po, 17, 17, 302, 302, 0%
l10n/po/pt_BR/content/versions/2.13/guides/security-basic-auth-concept.adoc.po, 9, 14, 300, 347, 14%
l10n/po/pt_BR/content/versions/2.16/guides/security-basic-authentication-concept.adoc.po, 9, 14, 300, 347, 14%
l10n/po/pt_BR/content/posts/2025-04-11-quarkus-newsletter-55.adoc.po, 4, 4, 294, 294, 0%
l10n/po/pt_BR/content/posts/2025/2025-04-11-quarkus-newsletter-55.adoc.po, 4, 4, 294, 294, 0%
l10n/po/pt_BR/content/posts/2023-09-14-cve-2023-4853.adoc.po, 23, 23, 292, 292, 0%
l10n/po/pt_BR/content/posts/2023/2023-09-14-cve-2023-4853.adoc.po, 23, 23, 292, 292, 0%
l10n/po/pt_BR/content/posts/2020-06-15-quarkus-hackathon-announcement.adoc.po, 30, 30, 289, 289, 0%
l10n/po/pt_BR/content/posts/2020/2020-06-15-quarkus-hackathon-announcement.adoc.po, 30, 30, 289, 289, 0%
l10n/po/pt_BR/content/posts/2026-03-19-quarkus-newsletter-66.adoc.po, 4, 4, 289, 289, 0%
l10n/po/pt_BR/content/posts/2026/2026-03-19-quarkus-newsletter-66.adoc.po, 4, 4, 289, 289, 0%
l10n/po/pt_BR/content/versions/2.13/guides/scheduler.adoc.po, 29, 83, 286, 812, 65%
l10n/po/pt_BR/content/posts/2024-09-11-quarkus-3-14-3-released.adoc.po, 19, 20, 284, 285, 1%
l10n/po/pt_BR/content/posts/2024/2024-09-11-quarkus-3-14-3-released.adoc.po, 19, 20, 284, 285, 1%
l10n/po/pt_BR/content/posts/2025-08-29-quarkus-3-26-1-released.adoc.po, 18, 19, 284, 285, 1%
l10n/po/pt_BR/content/posts/2025/2025-08-29-quarkus-3-26-1-released.adoc.po, 18, 19, 284, 285, 1%
l10n/po/pt_BR/_data/sitemap-links.yaml.po, 148, 159, 282, 298, 6%
l10n/po/pt_BR/content/posts/2025-03-13-quarkus-redhat-strategy.adoc.po, 8, 8, 282, 282, 0%
l10n/po/pt_BR/content/posts/2025-09-26-quarkus-newsletter-60.adoc.po, 4, 4, 282, 282, 0%
l10n/po/pt_BR/content/posts/2025/2025-03-13-quarkus-redhat-strategy.adoc.po, 8, 8, 282, 282, 0%
l10n/po/pt_BR/content/posts/2025/2025-09-26-quarkus-newsletter-60.adoc.po, 4, 4, 282, 282, 0%
l10n/po/pt_BR/content/posts/2026-02-13-quarkus-newsletter-65.adoc.po, 4, 4, 282, 282, 0%
l10n/po/pt_BR/content/posts/2026/2026-02-13-quarkus-newsletter-65.adoc.po, 4, 4, 282, 282, 0%
l10n/po/pt_BR/content/posts/2019-11-20-quarkus-1-0-0-CR2-released.adoc.po, 16, 16, 276, 276, 0%
l10n/po/pt_BR/content/posts/2019/2019-11-20-quarkus-1-0-0-CR2-released.adoc.po, 16, 16, 276, 276, 0%
l10n/po/pt_BR/content/versions/2.13/guides/amazon-lambda.adoc.po, 11, 141, 272, 2645, 90%
l10n/po/pt_BR/content/versions/2.16/guides/amazon-lambda.adoc.po, 11, 143, 272, 2658, 90%
l10n/po/pt_BR/content/posts/2024-11-12-quarkus-newsletter-50.adoc.po, 4, 4, 267, 267, 0%
l10n/po/pt_BR/content/posts/2024/2024-11-12-quarkus-newsletter-50.adoc.po, 4, 4, 267, 267, 0%
l10n/po/pt_BR/content/guides/observability-devservices.adoc.po, 10, 10, 265, 265, 0%
l10n/po/pt_BR/content/versions/3.15/guides/observability-devservices.adoc.po, 10, 10, 265, 265, 0%
l10n/po/pt_BR/content/versions/3.20/guides/observability-devservices.adoc.po, 10, 10, 265, 265, 0%
l10n/po/pt_BR/content/versions/3.27/guides/observability-devservices.adoc.po, 10, 10, 265, 265, 0%
l10n/po/pt_BR/content/versions/3.33/guides/observability-devservices.adoc.po, 10, 10, 265, 265, 0%
l10n/po/pt_BR/content/versions/3.34/guides/observability-devservices.adoc.po, 10, 10, 265, 265, 0%
l10n/po/pt_BR/content/versions/main/guides/observability-devservices.adoc.po, 10, 10, 265, 265, 0%
l10n/po/pt_BR/content/posts/2024-04-17-quarkus-3-2-12-final-released.adoc.po, 24, 24, 264, 264, 0%
l10n/po/pt_BR/content/posts/2024/2024-04-17-quarkus-3-2-12-final-released.adoc.po, 24, 24, 264, 264, 0%
l10n/po/pt_BR/content/posts/2020-01-21-quarkus-eclipse-microprofile-3-2-compatible.adoc.po, 5, 5, 262, 262, 0%
l10n/po/pt_BR/content/posts/2020/2020-01-21-quarkus-eclipse-microprofile-3-2-compatible.adoc.po, 5, 5, 262, 262, 0%
l10n/po/pt_BR/content/posts/2025-11-13-quarkus-newsletter-62.adoc.po, 4, 4, 256, 256, 0%
l10n/po/pt_BR/content/posts/2025/2025-11-13-quarkus-newsletter-62.adoc.po, 4, 4, 256, 256, 0%
l10n/po/pt_BR/content/posts/2026-06-09-quarkus-newsletter-69.adoc.po, 4, 4, 255, 255, 0%
l10n/po/pt_BR/content/posts/2026/2026-06-09-quarkus-newsletter-69.adoc.po, 4, 4, 255, 255, 0%
l10n/po/pt_BR/_data/contributors.yaml.po, 180, 358, 252, 520, 52%
l10n/po/pt_BR/content/posts/2023-09-15-quarkus-newsletter-36.adoc.po, 4, 4, 252, 252, 0%
l10n/po/pt_BR/content/posts/2023/2023-09-15-quarkus-newsletter-36.adoc.po, 4, 4, 252, 252, 0%
l10n/po/pt_BR/content/posts/2025-08-13-quarkus-newsletter-59.adoc.po, 4, 4, 251, 251, 0%
l10n/po/pt_BR/content/posts/2025/2025-08-13-quarkus-newsletter-59.adoc.po, 4, 4, 251, 251, 0%
l10n/po/pt_BR/templates/partials/get-started-code-steps.html.po, 25, 25, 251, 251, 0%
l10n/po/pt_BR/content/posts/2022-02-04-quarkusworldtour-2022.adoc.po, 14, 14, 250, 250, 0%
l10n/po/pt_BR/content/posts/2022/2022-02-04-quarkusworldtour-2022.adoc.po, 14, 14, 250, 250, 0%
l10n/po/pt_BR/content/posts/2022-05-13-quarkus-newsletter-20.adoc.po, 6, 6, 246, 246, 0%
l10n/po/pt_BR/content/posts/2022-09-13-quarkus-newsletter-24.adoc.po, 5, 5, 246, 246, 0%
l10n/po/pt_BR/content/posts/2022/2022-05-13-quarkus-newsletter-20.adoc.po, 6, 6, 246, 246, 0%
l10n/po/pt_BR/content/posts/2022/2022-09-13-quarkus-newsletter-24.adoc.po, 5, 5, 246, 246, 0%
l10n/po/pt_BR/content/versions/3.15/guides/security-architecture.adoc.po, 12, 38, 246, 556, 56%
l10n/po/pt_BR/content/versions/3.20/guides/security-architecture.adoc.po, 12, 38, 246, 556, 56%
l10n/po/pt_BR/content/versions/3.27/guides/security-architecture.adoc.po, 12, 38, 246, 556, 56%
l10n/po/pt_BR/content/versions/3.33/guides/security-architecture.adoc.po, 12, 38, 246, 556, 56%
l10n/po/pt_BR/content/versions/3.34/guides/security-architecture.adoc.po, 12, 38, 246, 556, 56%
l10n/po/pt_BR/content/versions/3.8/guides/security-architecture.adoc.po, 12, 38, 246, 556, 56%
l10n/po/pt_BR/templates/partials/spring-userstory-callout.html.po, 12, 12, 246, 246, 0%
l10n/po/pt_BR/content/guides/security-architecture.adoc.po, 12, 38, 245, 555, 56%
l10n/po/pt_BR/content/versions/main/guides/security-architecture.adoc.po, 12, 38, 245, 555, 56%
l10n/po/pt_BR/content/posts/2020-01-07-quarkus-1-1-1-final-released.adoc.po, 19, 19, 244, 244, 0%
l10n/po/pt_BR/content/posts/2020/2020-01-07-quarkus-1-1-1-final-released.adoc.po, 19, 19, 244, 244, 0%
l10n/po/pt_BR/content/versions/2.16/guides/rest-client-reactive.adoc.po, 13, 183, 244, 3113, 93%
l10n/po/pt_BR/content/posts/2021-05-27-quarkus-2-0-0-cr2-released.adoc.po, 21, 22, 243, 244, 1%
l10n/po/pt_BR/content/posts/2021/2021-05-27-quarkus-2-0-0-cr2-released.adoc.po, 21, 22, 243, 244, 1%
l10n/po/pt_BR/content/posts/2025-10-22-quarkus-newsletter-61.adoc.po, 4, 4, 242, 242, 0%
l10n/po/pt_BR/content/posts/2025/2025-10-22-quarkus-newsletter-61.adoc.po, 4, 4, 242, 242, 0%
l10n/po/pt_BR/content/posts/2026-04-22-quarkus-newsletter-67.adoc.po, 4, 4, 239, 239, 0%
l10n/po/pt_BR/content/posts/2026/2026-04-22-quarkus-newsletter-67.adoc.po, 4, 4, 239, 239, 0%
l10n/po/pt_BR/content/posts/2024-09-04-quarkus-3-14-2-released.adoc.po, 17, 18, 237, 238, 1%
l10n/po/pt_BR/content/posts/2024/2024-09-04-quarkus-3-14-2-released.adoc.po, 17, 18, 237, 238, 1%
l10n/po/pt_BR/content/posts/2026-05-14-quarkus-newsletter-68.adoc.po, 4, 4, 235, 235, 0%
l10n/po/pt_BR/content/posts/2026/2026-05-14-quarkus-newsletter-68.adoc.po, 4, 4, 235, 235, 0%
l10n/po/pt_BR/content/posts/2023-11-13-quarkus-newsletter-38.adoc.po, 4, 4, 234, 234, 0%
l10n/po/pt_BR/content/posts/2023/2023-11-13-quarkus-newsletter-38.adoc.po, 4, 4, 234, 234, 0%
l10n/po/pt_BR/templates/partials/support-options-band.html.po, 17, 17, 234, 234, 0%
l10n/po/pt_BR/content/posts/2025-06-12-quarkus-newsletter-57.adoc.po, 4, 4, 233, 233, 0%
l10n/po/pt_BR/content/posts/2025/2025-06-12-quarkus-newsletter-57.adoc.po, 4, 4, 233, 233, 0%
l10n/po/pt_BR/content/posts/2021-04-07-quarkus-1-13-1-final-released.adoc.po, 17, 17, 232, 232, 0%
l10n/po/pt_BR/content/posts/2021/2021-04-07-quarkus-1-13-1-final-released.adoc.po, 17, 17, 232, 232, 0%
l10n/po/pt_BR/content/posts/2024-01-11-quarkus-newsletter-40.adoc.po, 4, 4, 231, 231, 0%
l10n/po/pt_BR/content/posts/2024-01-16-quarkus-3-6-6-released.adoc.po, 16, 17, 231, 232, 1%
l10n/po/pt_BR/content/posts/2024/2024-01-11-quarkus-newsletter-40.adoc.po, 4, 4, 231, 231, 0%
l10n/po/pt_BR/content/posts/2024/2024-01-16-quarkus-3-6-6-released.adoc.po, 16, 17, 231, 232, 1%
l10n/po/pt_BR/content/posts/2025-02-27-cve-fixes-feb-2025.adoc.po, 15, 15, 231, 231, 0%
l10n/po/pt_BR/content/posts/2025/2025-02-27-cve-fixes-feb-2025.adoc.po, 15, 15, 231, 231, 0%
l10n/po/pt_BR/content/posts/2024-03-15-quarkus-3-2-11-final-released.adoc.po, 24, 24, 229, 229, 0%
l10n/po/pt_BR/content/posts/2024/2024-03-15-quarkus-3-2-11-final-released.adoc.po, 24, 24, 229, 229, 0%
l10n/po/pt_BR/content/posts/2022-01-10-quarkus-2-6-2-final-released.adoc.po, 16, 16, 227, 227, 0%
l10n/po/pt_BR/content/posts/2022/2022-01-10-quarkus-2-6-2-final-released.adoc.po, 16, 16, 227, 227, 0%
l10n/po/pt_BR/content/posts/2022-08-26-intellij-quarkus-tools-1.12.0.adoc.po, 14, 14, 226, 226, 0%
l10n/po/pt_BR/content/posts/2022/2022-08-26-intellij-quarkus-tools-1.12.0.adoc.po, 14, 14, 226, 226, 0%
l10n/po/pt_BR/content/versions/2.13/guides/funqy-gcp-functions-http.adoc.po, 7, 14, 226, 267, 16%
l10n/po/pt_BR/content/versions/2.16/guides/funqy-gcp-functions-http.adoc.po, 7, 14, 226, 267, 16%
l10n/po/pt_BR/content/guides/funqy-gcp-functions-http.adoc.po, 7, 14, 225, 267, 16%
l10n/po/pt_BR/content/posts/2022-07-19-quarkus-2-10-3-final-released.adoc.po, 15, 15, 225, 225, 0%
l10n/po/pt_BR/content/posts/2022/2022-07-19-quarkus-2-10-3-final-released.adoc.po, 15, 15, 225, 225, 0%
l10n/po/pt_BR/content/posts/2024-08-20-quarkus-3-13-3-released.adoc.po, 16, 17, 225, 226, 1%
l10n/po/pt_BR/content/posts/2024/2024-08-20-quarkus-3-13-3-released.adoc.po, 16, 17, 225, 226, 1%
l10n/po/pt_BR/content/versions/3.20/guides/virtual-threads.adoc.po, 12, 140, 225, 2895, 93%
l10n/po/pt_BR/content/versions/3.27/guides/virtual-threads.adoc.po, 12, 140, 225, 2895, 93%
l10n/po/pt_BR/content/versions/main/guides/funqy-gcp-functions-http.adoc.po, 7, 14, 225, 267, 16%
l10n/po/pt_BR/content/posts/2023-03-14-quarkus-newsletter-30.adoc.po, 4, 4, 224, 224, 0%
l10n/po/pt_BR/content/posts/2023-12-12-quarkus-newsletter-39.adoc.po, 4, 4, 224, 224, 0%
l10n/po/pt_BR/content/posts/2023/2023-03-14-quarkus-newsletter-30.adoc.po, 4, 4, 224, 224, 0%
l10n/po/pt_BR/content/posts/2023/2023-12-12-quarkus-newsletter-39.adoc.po, 4, 4, 224, 224, 0%
l10n/po/pt_BR/content/posts/2024-04-16-quarkus-newsletter-43.adoc.po, 4, 4, 224, 224, 0%
l10n/po/pt_BR/content/posts/2024/2024-04-16-quarkus-newsletter-43.adoc.po, 4, 4, 224, 224, 0%
l10n/po/pt_BR/templates/partials/header-navigation.html.po, 50, 51, 224, 230, 3%
l10n/po/pt_BR/content/posts/2019-08-15-quarkus-0-21-1-released.adoc.po, 16, 16, 223, 223, 0%
l10n/po/pt_BR/content/posts/2019/2019-08-15-quarkus-0-21-1-released.adoc.po, 16, 16, 223, 223, 0%
l10n/po/pt_BR/content/posts/2023-10-10-quarkus-newsletter-37.adoc.po, 4, 4, 223, 223, 0%
l10n/po/pt_BR/content/posts/2023/2023-10-10-quarkus-newsletter-37.adoc.po, 4, 4, 223, 223, 0%
l10n/po/pt_BR/content/guides/aws-lambda-snapstart.adoc.po, 9, 30, 222, 382, 42%
l10n/po/pt_BR/content/posts/2024-09-12-quarkus-newsletter-48.adoc.po, 4, 4, 222, 222, 0%
l10n/po/pt_BR/content/posts/2024/2024-09-12-quarkus-newsletter-48.adoc.po, 4, 4, 222, 222, 0%
l10n/po/pt_BR/content/versions/2.16/guides/amazon-snapstart.adoc.po, 9, 30, 222, 382, 42%
l10n/po/pt_BR/content/versions/3.2/guides/amazon-snapstart.adoc.po, 9, 30, 222, 382, 42%
l10n/po/pt_BR/content/versions/main/guides/aws-lambda-snapstart.adoc.po, 9, 30, 222, 382, 42%
l10n/po/pt_BR/content/posts/2022-06-13-quarkus-newsletter-21.adoc.po, 5, 5, 221, 221, 0%
l10n/po/pt_BR/content/posts/2022/2022-06-13-quarkus-newsletter-21.adoc.po, 5, 5, 221, 221, 0%
l10n/po/pt_BR/content/posts/2026-08-13-quarkus-newsletter-71.adoc.po, 4, 4, 221, 221, 0%
l10n/po/pt_BR/content/posts/2026/2026-08-13-quarkus-newsletter-71.adoc.po, 4, 4, 221, 221, 0%
l10n/po/pt_BR/content/posts/2023-08-14-quarkus-newsletter-35.adoc.po, 4, 4, 220, 220, 0%
l10n/po/pt_BR/content/posts/2023/2023-08-14-quarkus-newsletter-35.adoc.po, 4, 4, 220, 220, 0%
l10n/po/pt_BR/content/posts/2026/2026-09-16-quarkus-newsletter-72.adoc.po, 4, 4, 220, 220, 0%
l10n/po/pt_BR/content/guides/quarkus-runtime-base-image.adoc.po, 8, 16, 219, 266, 18%
l10n/po/pt_BR/content/versions/main/guides/quarkus-runtime-base-image.adoc.po, 8, 16, 219, 266, 18%
l10n/po/pt_BR/content/posts/2022-11-16-quarkus-2-14-1-final-released.adoc.po, 18, 18, 218, 218, 0%
l10n/po/pt_BR/content/posts/2022/2022-11-16-quarkus-2-14-1-final-released.adoc.po, 18, 18, 218, 218, 0%
l10n/po/pt_BR/content/sitemap.md.po, 17, 17, 218, 218, 0%
l10n/po/pt_BR/content/versions/3.15/guides/aws-lambda-snapstart.adoc.po, 8, 30, 218, 382, 43%
l10n/po/pt_BR/content/versions/3.15/guides/funqy-gcp-functions-http.adoc.po, 6, 14, 218, 267, 19%
l10n/po/pt_BR/content/versions/3.2/guides/funqy-gcp-functions-http.adoc.po, 6, 14, 218, 267, 19%
l10n/po/pt_BR/content/versions/3.20/guides/aws-lambda-snapstart.adoc.po, 8, 30, 218, 382, 43%
l10n/po/pt_BR/content/versions/3.20/guides/funqy-gcp-functions-http.adoc.po, 6, 14, 218, 267, 19%
l10n/po/pt_BR/content/versions/3.27/guides/aws-lambda-snapstart.adoc.po, 8, 30, 218, 382, 43%
l10n/po/pt_BR/content/versions/3.27/guides/funqy-gcp-functions-http.adoc.po, 6, 14, 218, 267, 19%
l10n/po/pt_BR/content/versions/3.33/guides/aws-lambda-snapstart.adoc.po, 8, 30, 218, 382, 43%
l10n/po/pt_BR/content/versions/3.33/guides/funqy-gcp-functions-http.adoc.po, 6, 14, 218, 267, 19%
l10n/po/pt_BR/content/versions/3.34/guides/aws-lambda-snapstart.adoc.po, 8, 30, 218, 382, 43%
l10n/po/pt_BR/content/versions/3.34/guides/funqy-gcp-functions-http.adoc.po, 6, 14, 218, 267, 19%
l10n/po/pt_BR/content/versions/3.8/guides/aws-lambda-snapstart.adoc.po, 8, 30, 218, 382, 43%
l10n/po/pt_BR/content/versions/3.8/guides/funqy-gcp-functions-http.adoc.po, 6, 14, 218, 267, 19%
l10n/po/pt_BR/content/guides/ide-tooling.adoc.po, 48, 49, 216, 217, 1%
l10n/po/pt_BR/content/versions/3.15/guides/grpc-service-consumption.adoc.po, 12, 74, 216, 977, 78%
l10n/po/pt_BR/content/versions/main/guides/ide-tooling.adoc.po, 48, 49, 216, 217, 1%
l10n/po/pt_BR/templates/partials/catalog-index-band.html.po, 51, 52, 216, 217, 1%
l10n/po/pt_BR/content/posts/2023-06-13-quarkus-newsletter-33.adoc.po, 4, 4, 215, 215, 0%
l10n/po/pt_BR/content/posts/2023/2023-06-13-quarkus-newsletter-33.adoc.po, 4, 4, 215, 215, 0%
l10n/po/pt_BR/content/posts/2024-02-08-quarkus-3-7-2-released.adoc.po, 16, 17, 215, 216, 1%
l10n/po/pt_BR/content/posts/2024-10-17-quarkus-newsletter-49.adoc.po, 4, 4, 215, 215, 0%
l10n/po/pt_BR/content/posts/2024/2024-02-08-quarkus-3-7-2-released.adoc.po, 16, 17, 215, 216, 1%
l10n/po/pt_BR/content/posts/2024/2024-10-17-quarkus-newsletter-49.adoc.po, 4, 4, 215, 215, 0%
l10n/po/pt_BR/content/posts/2025-02-11-quarkus-newsletter-53.adoc.po, 4, 4, 215, 215, 0%
l10n/po/pt_BR/content/posts/2025-12-11-quarkus-newsletter-63.adoc.po, 4, 4, 215, 215, 0%
l10n/po/pt_BR/content/posts/2025/2025-02-11-quarkus-newsletter-53.adoc.po, 4, 4, 215, 215, 0%
l10n/po/pt_BR/content/posts/2025/2025-12-11-quarkus-newsletter-63.adoc.po, 4, 4, 215, 215, 0%
l10n/po/pt_BR/content/posts/2026-01-15-quarkus-newsletter-64.adoc.po, 4, 4, 215, 215, 0%
l10n/po/pt_BR/content/posts/2026/2026-01-15-quarkus-newsletter-64.adoc.po, 4, 4, 215, 215, 0%
l10n/po/pt_BR/content/versions/3.2/guides/writing-extensions.adoc.po, 8, 540, 215, 11222, 99%
l10n/po/pt_BR/content/versions/3.27/guides/quarkus-runtime-base-image.adoc.po, 7, 16, 215, 266, 20%
l10n/po/pt_BR/content/versions/3.33/guides/quarkus-runtime-base-image.adoc.po, 7, 16, 215, 266, 20%
l10n/po/pt_BR/content/versions/3.34/guides/quarkus-runtime-base-image.adoc.po, 7, 16, 215, 266, 20%
l10n/po/pt_BR/content/posts/2024-05-15-quarkus-3-10-1-released.adoc.po, 15, 16, 214, 215, 1%
l10n/po/pt_BR/content/posts/2024/2024-05-15-quarkus-3-10-1-released.adoc.po, 15, 16, 214, 215, 1%
l10n/po/pt_BR/content/posts/2026-01-21-retiring-ubi8-images.adoc.po, 11, 11, 214, 214, 0%
l10n/po/pt_BR/content/posts/2026/2026-01-21-retiring-ubi8-images.adoc.po, 11, 11, 214, 214, 0%
l10n/po/pt_BR/_data/guides-2-7.yaml.po, 46, 666, 213, 4156, 95%
l10n/po/pt_BR/content/posts/2023-08-02-quarkus-3-2-3-final-released.adoc.po, 14, 14, 213, 213, 0%
l10n/po/pt_BR/content/posts/2023/2023-08-02-quarkus-3-2-3-final-released.adoc.po, 14, 14, 213, 213, 0%
l10n/po/pt_BR/content/posts/2021-04-14-quarkus-1-13-2-final-released.adoc.po, 19, 19, 212, 212, 0%
l10n/po/pt_BR/content/posts/2021/2021-04-14-quarkus-1-13-2-final-released.adoc.po, 19, 19, 212, 212, 0%
l10n/po/pt_BR/content/posts/2022-07-14-quarkus-newsletter-22.adoc.po, 5, 5, 212, 212, 0%
l10n/po/pt_BR/content/posts/2022/2022-07-14-quarkus-newsletter-22.adoc.po, 5, 5, 212, 212, 0%
l10n/po/pt_BR/content/posts/2023-08-29-quarkus-3-3-1-released.adoc.po, 15, 16, 211, 212, 1%
l10n/po/pt_BR/content/posts/2023/2023-08-29-quarkus-3-3-1-released.adoc.po, 15, 16, 211, 212, 1%
l10n/po/pt_BR/content/posts/2022-03-08-intellij-quarkus-tools-1.10.0.adoc.po, 13, 13, 210, 210, 0%
l10n/po/pt_BR/content/posts/2022/2022-03-08-intellij-quarkus-tools-1.10.0.adoc.po, 13, 13, 210, 210, 0%
l10n/po/pt_BR/content/versions/2.13/guides/ide-tooling.adoc.po, 47, 49, 210, 217, 4%
l10n/po/pt_BR/content/versions/2.16/guides/ide-tooling.adoc.po, 47, 49, 210, 217, 4%
l10n/po/pt_BR/content/versions/3.15/guides/ide-tooling.adoc.po, 47, 49, 210, 217, 4%
l10n/po/pt_BR/content/versions/3.2/guides/ide-tooling.adoc.po, 47, 49, 210, 217, 4%
l10n/po/pt_BR/content/versions/3.20/guides/ide-tooling.adoc.po, 47, 49, 210, 217, 4%
l10n/po/pt_BR/content/versions/3.27/guides/ide-tooling.adoc.po, 47, 49, 210, 217, 4%
l10n/po/pt_BR/content/versions/3.33/guides/ide-tooling.adoc.po, 47, 49, 210, 217, 4%
l10n/po/pt_BR/content/versions/3.34/guides/ide-tooling.adoc.po, 47, 49, 210, 217, 4%
l10n/po/pt_BR/content/versions/3.8/guides/ide-tooling.adoc.po, 47, 49, 210, 217, 4%
l10n/po/pt_BR/content/posts/2020-01-23-quarkus-fault-tolerance-4-0.adoc.po, 7, 7, 209, 209, 0%
l10n/po/pt_BR/content/posts/2020/2020-01-23-quarkus-fault-tolerance-4-0.adoc.po, 7, 7, 209, 209, 0%
l10n/po/pt_BR/templates/partials/spring-migrate-books.html.po, 16, 16, 209, 209, 0%
l10n/po/pt_BR/content/posts/2023-02-13-quarkus-newsletter-29.adoc.po, 4, 4, 208, 208, 0%
l10n/po/pt_BR/content/posts/2023-07-13-quarkus-newsletter-34.adoc.po, 4, 4, 208, 208, 0%
l10n/po/pt_BR/content/posts/2023-10-17-quarkus-2-16-12-final-released.adoc.po, 17, 17, 208, 208, 0%
l10n/po/pt_BR/content/posts/2023-12-13-quarkus-3-6-3-released.adoc.po, 16, 17, 208, 209, 1%
l10n/po/pt_BR/content/posts/2023/2023-02-13-quarkus-newsletter-29.adoc.po, 4, 4, 208, 208, 0%
l10n/po/pt_BR/content/posts/2023/2023-07-13-quarkus-newsletter-34.adoc.po, 4, 4, 208, 208, 0%
l10n/po/pt_BR/content/posts/2023/2023-10-17-quarkus-2-16-12-final-released.adoc.po, 17, 17, 208, 208, 0%
l10n/po/pt_BR/content/posts/2023/2023-12-13-quarkus-3-6-3-released.adoc.po, 16, 17, 208, 209, 1%
l10n/po/pt_BR/content/posts/2024-01-18-search-quarkus-io.adoc.po, 9, 9, 208, 208, 0%
l10n/po/pt_BR/content/posts/2024/2024-01-18-search-quarkus-io.adoc.po, 9, 9, 208, 208, 0%
l10n/po/pt_BR/content/posts/2022-02-08-quarkus-2-7-1-final-released.adoc.po, 18, 19, 207, 208, 1%
l10n/po/pt_BR/content/posts/2022/2022-02-08-quarkus-2-7-1-final-released.adoc.po, 18, 19, 207, 208, 1%
l10n/po/pt_BR/content/posts/2024-03-13-quarkus-newsletter-42.adoc.po, 4, 4, 207, 207, 0%
l10n/po/pt_BR/content/posts/2024-07-12-quarkus-newsletter-46.adoc.po, 4, 4, 207, 207, 0%
l10n/po/pt_BR/content/posts/2024/2024-03-13-quarkus-newsletter-42.adoc.po, 4, 4, 207, 207, 0%
l10n/po/pt_BR/content/posts/2024/2024-07-12-quarkus-newsletter-46.adoc.po, 4, 4, 207, 207, 0%
l10n/po/pt_BR/content/guides/update-quarkus.adoc.po, 9, 33, 206, 422, 52%
l10n/po/pt_BR/content/posts/2024-02-14-quarkus-3-7-3-released.adoc.po, 16, 17, 206, 207, 1%
l10n/po/pt_BR/content/posts/2024-02-21-quarkus-3-7-4-released.adoc.po, 16, 17, 206, 207, 1%
l10n/po/pt_BR/content/posts/2024/2024-02-14-quarkus-3-7-3-released.adoc.po, 16, 17, 206, 207, 1%
l10n/po/pt_BR/content/posts/2024/2024-02-21-quarkus-3-7-4-released.adoc.po, 16, 17, 206, 207, 1%
l10n/po/pt_BR/content/versions/main/guides/update-quarkus.adoc.po, 9, 33, 206, 422, 52%
l10n/po/pt_BR/content/posts/2023-08-26-quarkus-2-16-10-final-released.adoc.po, 17, 17, 205, 205, 0%
l10n/po/pt_BR/content/posts/2023/2023-08-26-quarkus-2-16-10-final-released.adoc.po, 17, 17, 205, 205, 0%
l10n/po/pt_BR/content/posts/2024-06-19-quarkus-3-11-3-released.adoc.po, 15, 16, 205, 206, 1%
l10n/po/pt_BR/content/posts/2024/2024-06-19-quarkus-3-11-3-released.adoc.po, 15, 16, 205, 206, 1%
l10n/po/pt_BR/content/posts/2022-08-08-quarkus-2-11-2-final-released.adoc.po, 16, 16, 203, 203, 0%
l10n/po/pt_BR/content/posts/2022/2022-08-08-quarkus-2-11-2-final-released.adoc.po, 16, 16, 203, 203, 0%
l10n/po/pt_BR/content/posts/2024-01-23-quarkus-3-6-7-released.adoc.po, 15, 16, 203, 204, 1%
l10n/po/pt_BR/content/posts/2024-05-15-quarkus-newsletter-44.adoc.po, 4, 4, 203, 203, 0%
l10n/po/pt_BR/content/posts/2024/2024-01-23-quarkus-3-6-7-released.adoc.po, 15, 16, 203, 204, 1%
l10n/po/pt_BR/content/posts/2024/2024-05-15-quarkus-newsletter-44.adoc.po, 4, 4, 203, 203, 0%
l10n/po/pt_BR/content/posts/2022-11-17-quarkus-newsletter-26.adoc.po, 4, 4, 202, 202, 0%
l10n/po/pt_BR/content/posts/2022/2022-11-17-quarkus-newsletter-26.adoc.po, 4, 4, 202, 202, 0%
l10n/po/pt_BR/content/posts/2023-10-13-quarkus-3-4-3-released.adoc.po, 15, 16, 201, 202, 1%
l10n/po/pt_BR/content/posts/2023/2023-10-13-quarkus-3-4-3-released.adoc.po, 15, 16, 201, 202, 1%
l10n/po/pt_BR/content/guides/grpc-xds.adoc.po, 24, 40, 200, 281, 29%
l10n/po/pt_BR/content/posts/2023-04-12-quarkus-newsletter-31.adoc.po, 4, 4, 200, 200, 0%
l10n/po/pt_BR/content/posts/2023/2023-04-12-quarkus-newsletter-31.adoc.po, 4, 4, 200, 200, 0%
l10n/po/pt_BR/content/versions/3.20/guides/grpc-xds.adoc.po, 24, 40, 200, 281, 29%
l10n/po/pt_BR/content/versions/3.27/guides/grpc-xds.adoc.po, 24, 40, 200, 281, 29%
l10n/po/pt_BR/content/versions/3.33/guides/grpc-xds.adoc.po, 24, 40, 200, 281, 29%
l10n/po/pt_BR/content/versions/3.34/guides/grpc-xds.adoc.po, 24, 40, 200, 281, 29%
l10n/po/pt_BR/content/posts/2022-11-07-quarkus-2-13-4-final-released.adoc.po, 16, 16, 199, 199, 0%
l10n/po/pt_BR/content/posts/2022/2022-11-07-quarkus-2-13-4-final-released.adoc.po, 16, 16, 199, 199, 0%
l10n/po/pt_BR/content/posts/2024-04-03-quarkus-3-9-2-released.adoc.po, 15, 16, 199, 200, 1%
l10n/po/pt_BR/content/posts/2024-04-10-quarkus-3-9-3-released.adoc.po, 15, 16, 199, 200, 1%
l10n/po/pt_BR/content/posts/2024-04-18-quarkus-3-9-4-released.adoc.po, 15, 16, 199, 200, 1%
l10n/po/pt_BR/content/posts/2024-04-29-quarkus-3-9-5-released.adoc.po, 15, 16, 199, 200, 1%
l10n/po/pt_BR/content/posts/2024/2024-04-03-quarkus-3-9-2-released.adoc.po, 15, 16, 199, 200, 1%
l10n/po/pt_BR/content/posts/2024/2024-04-10-quarkus-3-9-3-released.adoc.po, 15, 16, 199, 200, 1%
l10n/po/pt_BR/content/posts/2024/2024-04-18-quarkus-3-9-4-released.adoc.po, 15, 16, 199, 200, 1%
l10n/po/pt_BR/content/posts/2024/2024-04-29-quarkus-3-9-5-released.adoc.po, 15, 16, 199, 200, 1%
l10n/po/pt_BR/content/posts/2024-04-17-quarkus-3-8-4-released.adoc.po, 15, 16, 198, 199, 1%
l10n/po/pt_BR/content/posts/2024-06-05-quarkus-3-11-1-released.adoc.po, 14, 15, 198, 199, 1%
l10n/po/pt_BR/content/posts/2024-06-05-quarkus-3-8-5-released.adoc.po, 15, 16, 198, 199, 1%
l10n/po/pt_BR/content/posts/2024-06-17-quarkus-3-11-2-released.adoc.po, 14, 15, 198, 199, 1%
l10n/po/pt_BR/content/posts/2024-12-12-quarkus-newsletter-51.adoc.po, 4, 4, 198, 198, 0%
l10n/po/pt_BR/content/posts/2024/2024-04-17-quarkus-3-8-4-released.adoc.po, 15, 16, 198, 199, 1%
l10n/po/pt_BR/content/posts/2024/2024-06-05-quarkus-3-11-1-released.adoc.po, 14, 15, 198, 199, 1%
l10n/po/pt_BR/content/posts/2024/2024-06-05-quarkus-3-8-5-released.adoc.po, 15, 16, 198, 199, 1%
l10n/po/pt_BR/content/posts/2024/2024-06-17-quarkus-3-11-2-released.adoc.po, 14, 15, 198, 199, 1%
l10n/po/pt_BR/content/posts/2024/2024-12-12-quarkus-newsletter-51.adoc.po, 4, 4, 198, 198, 0%
l10n/po/pt_BR/content/posts/2024-03-07-quarkus-3-8-2-released.adoc.po, 15, 16, 197, 198, 1%
l10n/po/pt_BR/content/posts/2024-05-22-quarkus-3-10-2-released.adoc.po, 14, 15, 197, 198, 1%
l10n/po/pt_BR/content/posts/2024/2024-03-07-quarkus-3-8-2-released.adoc.po, 15, 16, 197, 198, 1%
l10n/po/pt_BR/content/posts/2024/2024-05-22-quarkus-3-10-2-released.adoc.po, 14, 15, 197, 198, 1%
l10n/po/pt_BR/content/versions/2.16/guides/grpc-xds.adoc.po, 26, 41, 196, 267, 27%
l10n/po/pt_BR/_data/projectfooter.yaml.po, 104, 107, 195, 198, 2%
l10n/po/pt_BR/content/posts/2021-05-06-quarkus-2-0-0-alpha2-released.adoc.po, 19, 21, 195, 198, 2%
l10n/po/pt_BR/content/posts/2021/2021-05-06-quarkus-2-0-0-alpha2-released.adoc.po, 19, 21, 195, 198, 2%
l10n/po/pt_BR/content/posts/2022-08-17-quarkus-newsletter-23.adoc.po, 5, 5, 195, 195, 0%
l10n/po/pt_BR/content/posts/2022/2022-08-17-quarkus-newsletter-23.adoc.po, 5, 5, 195, 195, 0%
l10n/po/pt_BR/content/posts/2024-08-29-quarkus-3-8-6-released.adoc.po, 15, 16, 195, 196, 1%
l10n/po/pt_BR/content/posts/2024-11-06-quarkus-3-16-2-released.adoc.po, 14, 15, 195, 196, 1%
l10n/po/pt_BR/content/posts/2024/2024-08-29-quarkus-3-8-6-released.adoc.po, 15, 16, 195, 196, 1%
l10n/po/pt_BR/content/posts/2024/2024-11-06-quarkus-3-16-2-released.adoc.po, 14, 15, 195, 196, 1%
l10n/po/pt_BR/content/posts/2023-11-09-quarkus-3-5-1-released.adoc.po, 16, 17, 194, 195, 1%
l10n/po/pt_BR/content/posts/2023/2023-11-09-quarkus-3-5-1-released.adoc.po, 16, 17, 194, 195, 1%
l10n/po/pt_BR/content/posts/2021-12-20-quarkus-2-5-4-final-released.adoc.po, 18, 18, 193, 193, 0%
l10n/po/pt_BR/content/posts/2021/2021-12-20-quarkus-2-5-4-final-released.adoc.po, 18, 18, 193, 193, 0%
l10n/po/pt_BR/content/posts/2026-09-07-quarkus-3-39-2-released.adoc.po, 21, 22, 193, 194, 1%
l10n/po/pt_BR/content/posts/2026/2026-09-07-quarkus-3-39-2-released.adoc.po, 21, 22, 193, 194, 1%
l10n/po/pt_BR/content/posts/2021-12-24-quarkus-2-6-1-final-released.adoc.po, 14, 14, 191, 191, 0%
l10n/po/pt_BR/content/posts/2021/2021-12-24-quarkus-2-6-1-final-released.adoc.po, 14, 14, 191, 191, 0%
l10n/po/pt_BR/content/posts/2023-09-06-quarkus-3-3-2-released.adoc.po, 15, 16, 191, 192, 1%
l10n/po/pt_BR/content/posts/2023/2023-09-06-quarkus-3-3-2-released.adoc.po, 15, 16, 191, 192, 1%
l10n/po/pt_BR/content/versions/3.15/guides/grpc-xds.adoc.po, 24, 40, 190, 271, 30%
l10n/po/pt_BR/content/posts/2025-04-09-quarkus-3-21-2-released.adoc.po, 17, 18, 189, 190, 1%
l10n/po/pt_BR/content/posts/2025-05-13-quarkus-newsletter-56.adoc.po, 4, 4, 189, 189, 0%
l10n/po/pt_BR/content/posts/2025/2025-04-09-quarkus-3-21-2-released.adoc.po, 17, 18, 189, 190, 1%
l10n/po/pt_BR/content/posts/2025/2025-05-13-quarkus-newsletter-56.adoc.po, 4, 4, 189, 189, 0%
l10n/po/pt_BR/content/posts/2020-09-18-quarkus-1-8-1-final-released.adoc.po, 17, 17, 188, 188, 0%
l10n/po/pt_BR/content/posts/2020/2020-09-18-quarkus-1-8-1-final-released.adoc.po, 17, 17, 188, 188, 0%
l10n/po/pt_BR/content/posts/2025-11-08-quarkus-3-29-2-released.adoc.po, 14, 15, 188, 189, 1%
l10n/po/pt_BR/content/posts/2025/2025-11-08-quarkus-3-29-2-released.adoc.po, 14, 15, 188, 189, 1%
l10n/po/pt_BR/content/posts/2026-09-10-quarkus-3-39-3-released.adoc.po, 16, 17, 188, 189, 1%
l10n/po/pt_BR/content/posts/2026/2026-09-10-quarkus-3-39-3-released.adoc.po, 16, 17, 188, 189, 1%
l10n/po/pt_BR/content/versions/2.13/guides/deploying-to-heroku.adoc.po, 15, 56, 186, 813, 78%
l10n/po/pt_BR/content/versions/2.16/guides/deploying-to-heroku.adoc.po, 15, 56, 186, 813, 78%
l10n/po/pt_BR/content/versions/3.2/guides/deploying-to-heroku.adoc.po, 15, 56, 186, 813, 78%
l10n/po/pt_BR/content/posts/2022-04-14-quarkus-newsletter-19.adoc.po, 4, 4, 185, 185, 0%
l10n/po/pt_BR/content/posts/2022/2022-04-14-quarkus-newsletter-19.adoc.po, 4, 4, 185, 185, 0%
l10n/po/pt_BR/content/posts/2024-09-14-quarkus-3-14-4-released.adoc.po, 15, 16, 185, 186, 1%
l10n/po/pt_BR/content/posts/2024/2024-09-14-quarkus-3-14-4-released.adoc.po, 15, 16, 185, 186, 1%
l10n/po/pt_BR/content/posts/2020-07-21-quarkus-1-6-1-final-released.adoc.po, 14, 14, 184, 184, 0%
l10n/po/pt_BR/content/posts/2020/2020-07-21-quarkus-1-6-1-final-released.adoc.po, 14, 14, 184, 184, 0%
l10n/po/pt_BR/content/posts/2023-12-06-quarkus-3-6-1-released.adoc.po, 15, 16, 184, 185, 1%
l10n/po/pt_BR/content/posts/2023-12-20-quarkus-3-6-4-released.adoc.po, 15, 16, 184, 185, 1%
l10n/po/pt_BR/content/posts/2023/2023-12-06-quarkus-3-6-1-released.adoc.po, 15, 16, 184, 185, 1%
l10n/po/pt_BR/content/posts/2023/2023-12-20-quarkus-3-6-4-released.adoc.po, 15, 16, 184, 185, 1%
l10n/po/pt_BR/content/posts/2024-01-10-quarkus-3-6-5-released.adoc.po, 15, 16, 184, 185, 1%
l10n/po/pt_BR/content/posts/2024/2024-01-10-quarkus-3-6-5-released.adoc.po, 15, 16, 184, 185, 1%
l10n/po/pt_BR/content/posts/2025-09-10-quarkus-3-26-3-released.adoc.po, 14, 15, 184, 185, 1%
l10n/po/pt_BR/content/posts/2025/2025-09-10-quarkus-3-26-3-released.adoc.po, 14, 15, 184, 185, 1%
l10n/po/pt_BR/content/posts/2023-11-16-quarkus-3-5-2-released.adoc.po, 15, 16, 183, 184, 1%
l10n/po/pt_BR/content/posts/2023-11-21-quarkus-3-5-3-released.adoc.po, 15, 16, 183, 184, 1%
l10n/po/pt_BR/content/posts/2023/2023-11-16-quarkus-3-5-2-released.adoc.po, 15, 16, 183, 184, 1%
l10n/po/pt_BR/content/posts/2023/2023-11-21-quarkus-3-5-3-released.adoc.po, 15, 16, 183, 184, 1%
l10n/po/pt_BR/content/posts/2025-03-12-quarkus-3-19-3-released.adoc.po, 16, 17, 183, 184, 1%
l10n/po/pt_BR/content/posts/2025/2025-03-12-quarkus-3-19-3-released.adoc.po, 16, 17, 183, 184, 1%
l10n/po/pt_BR/content/posts/2019-09-05-quarkus-0-21-2-released.adoc.po, 15, 15, 182, 182, 0%
l10n/po/pt_BR/content/posts/2019/2019-09-05-quarkus-0-21-2-released.adoc.po, 15, 15, 182, 182, 0%
l10n/po/pt_BR/content/posts/2022-10-11-quarkus-newsletter-25.adoc.po, 4, 4, 182, 182, 0%
l10n/po/pt_BR/content/posts/2022/2022-10-11-quarkus-newsletter-25.adoc.po, 4, 4, 182, 182, 0%
l10n/po/pt_BR/content/posts/2023-01-13-quarkus-newsletter-28.adoc.po, 4, 4, 182, 182, 0%
l10n/po/pt_BR/content/posts/2023/2023-01-13-quarkus-newsletter-28.adoc.po, 4, 4, 182, 182, 0%
l10n/po/pt_BR/content/posts/2024-08-12-quarkus-newsletter-47.adoc.po, 4, 4, 182, 182, 0%
l10n/po/pt_BR/content/posts/2024/2024-08-12-quarkus-newsletter-47.adoc.po, 4, 4, 182, 182, 0%
l10n/po/pt_BR/content/versions/3.2/guides/grpc-xds.adoc.po, 25, 41, 182, 263, 31%
l10n/po/pt_BR/content/versions/3.27/guides/mongodb-dev-services.adoc.po, 8, 11, 182, 249, 27%
l10n/po/pt_BR/content/versions/3.8/guides/grpc-xds.adoc.po, 25, 41, 182, 263, 31%
l10n/po/pt_BR/content/guides/security-basic-authentication-howto.adoc.po, 10, 27, 180, 306, 42%
l10n/po/pt_BR/content/posts/2022-02-23-quarkus-2-7-2-final-released.adoc.po, 16, 16, 180, 180, 0%
l10n/po/pt_BR/content/posts/2022/2022-02-23-quarkus-2-7-2-final-released.adoc.po, 16, 16, 180, 180, 0%
l10n/po/pt_BR/content/posts/2025-03-19-quarkus-3-19-4-released.adoc.po, 16, 17, 180, 181, 1%
l10n/po/pt_BR/content/posts/2025/2025-03-19-quarkus-3-19-4-released.adoc.po, 16, 17, 180, 181, 1%
l10n/po/pt_BR/content/versions/main/guides/security-basic-authentication-howto.adoc.po, 10, 27, 180, 306, 42%
l10n/po/pt_BR/content/posts/2025-08-13-quarkus-3-25-3-released.adoc.po, 14, 15, 179, 180, 1%
l10n/po/pt_BR/content/posts/2025/2025-08-13-quarkus-3-25-3-released.adoc.po, 14, 15, 179, 180, 1%
l10n/po/pt_BR/content/posts/2026-08-05-quarkus-3-38-1-released.adoc.po, 16, 17, 179, 180, 1%
l10n/po/pt_BR/content/posts/2026/2026-08-05-quarkus-3-38-1-released.adoc.po, 16, 17, 179, 180, 1%
l10n/po/pt_BR/content/guides/aws-lambda.adoc.po, 12, 142, 178, 2646, 94%
l10n/po/pt_BR/content/posts/2021-05-20-quarkus-2-0-0-alpha3-released.adoc.po, 23, 24, 178, 179, 1%
l10n/po/pt_BR/content/posts/2021/2021-05-20-quarkus-2-0-0-alpha3-released.adoc.po, 23, 24, 178, 179, 1%
l10n/po/pt_BR/content/posts/2024-12-04-quarkus-3-17-3-released.adoc.po, 16, 17, 178, 179, 1%
l10n/po/pt_BR/content/posts/2024/2024-12-04-quarkus-3-17-3-released.adoc.po, 16, 17, 178, 179, 1%
l10n/po/pt_BR/content/posts/2025-07-14-quarkus-newsletter-58.adoc.po, 4, 4, 178, 178, 0%
l10n/po/pt_BR/content/posts/2025/2025-07-14-quarkus-newsletter-58.adoc.po, 4, 4, 178, 178, 0%
l10n/po/pt_BR/content/posts/2026-01-21-quarkus-3-30-7-released.adoc.po, 14, 15, 178, 179, 1%
l10n/po/pt_BR/content/posts/2026-08-05-quarkus-3-27-5-1-released.adoc.po, 16, 17, 178, 179, 1%
l10n/po/pt_BR/content/posts/2026/2026-01-21-quarkus-3-30-7-released.adoc.po, 14, 15, 178, 179, 1%
l10n/po/pt_BR/content/posts/2026/2026-08-05-quarkus-3-27-5-1-released.adoc.po, 16, 17, 178, 179, 1%
l10n/po/pt_BR/content/versions/2.13/guides/funqy-amazon-lambda-http.adoc.po, 7, 14, 178, 264, 33%
l10n/po/pt_BR/content/versions/2.16/guides/funqy-amazon-lambda-http.adoc.po, 7, 14, 178, 264, 33%
l10n/po/pt_BR/content/guides/rabbitmq.adoc.po, 7, 92, 177, 1288, 87%
l10n/po/pt_BR/content/posts/2022-12-21-quarkus-2-15-1-final-released.adoc.po, 13, 13, 177, 177, 0%
l10n/po/pt_BR/content/posts/2022/2022-12-21-quarkus-2-15-1-final-released.adoc.po, 13, 13, 177, 177, 0%
l10n/po/pt_BR/content/posts/2023-07-31-quarkus-2-16-9-final-released.adoc.po, 13, 13, 177, 177, 0%
l10n/po/pt_BR/content/posts/2023-10-05-quarkus-3-4-2-released.adoc.po, 14, 15, 177, 178, 1%
l10n/po/pt_BR/content/posts/2023/2023-07-31-quarkus-2-16-9-final-released.adoc.po, 13, 13, 177, 177, 0%
l10n/po/pt_BR/content/posts/2023/2023-10-05-quarkus-3-4-2-released.adoc.po, 14, 15, 177, 178, 1%
l10n/po/pt_BR/content/posts/2026-05-29-mandrel-25-minimum-version.adoc.po, 8, 8, 177, 177, 0%
l10n/po/pt_BR/content/posts/2026/2026-05-29-mandrel-25-minimum-version.adoc.po, 8, 8, 177, 177, 0%
l10n/po/pt_BR/content/versions/2.13/guides/podman.adoc.po, 4, 36, 177, 641, 73%
l10n/po/pt_BR/content/versions/3.15/guides/rabbitmq.adoc.po, 7, 92, 177, 1288, 87%
l10n/po/pt_BR/content/versions/3.20/guides/rabbitmq.adoc.po, 7, 92, 177, 1288, 87%
l10n/po/pt_BR/content/versions/3.27/guides/rabbitmq.adoc.po, 7, 92, 177, 1288, 87%
l10n/po/pt_BR/content/versions/3.33/guides/rabbitmq.adoc.po, 7, 92, 177, 1288, 87%
l10n/po/pt_BR/content/versions/3.34/guides/rabbitmq.adoc.po, 7, 92, 177, 1288, 87%
l10n/po/pt_BR/content/versions/main/guides/rabbitmq.adoc.po, 7, 92, 177, 1288, 87%
l10n/po/pt_BR/content/posts/2023-07-05-quarkus-2-16-8-final-released.adoc.po, 13, 13, 176, 176, 0%
l10n/po/pt_BR/content/posts/2023/2023-07-05-quarkus-2-16-8-final-released.adoc.po, 13, 13, 176, 176, 0%
l10n/po/pt_BR/content/posts/2020-05-20-insights-3.adoc.po, 10, 10, 175, 175, 0%
l10n/po/pt_BR/content/posts/2020/2020-05-20-insights-3.adoc.po, 10, 10, 175, 175, 0%
l10n/po/pt_BR/content/posts/2025-01-14-quarkus-newsletter-52.adoc.po, 4, 4, 175, 175, 0%
l10n/po/pt_BR/content/posts/2025/2025-01-14-quarkus-newsletter-52.adoc.po, 4, 4, 175, 175, 0%
l10n/po/pt_BR/content/posts/2022-08-25-l10n-of-quarkusio.adoc.po, 11, 11, 174, 174, 0%
l10n/po/pt_BR/content/posts/2022-12-15-quarkus-newsletter-27.adoc.po, 4, 4, 174, 174, 0%
l10n/po/pt_BR/content/posts/2022/2022-08-25-l10n-of-quarkusio.adoc.po, 11, 11, 174, 174, 0%
l10n/po/pt_BR/content/posts/2022/2022-12-15-quarkus-newsletter-27.adoc.po, 4, 4, 174, 174, 0%
l10n/po/pt_BR/content/posts/2024-02-13-quarkus-newsletter-41.adoc.po, 4, 4, 174, 174, 0%
l10n/po/pt_BR/content/posts/2024-06-12-quarkus-newsletter-45.adoc.po, 4, 4, 174, 174, 0%
l10n/po/pt_BR/content/posts/2024/2024-02-13-quarkus-newsletter-41.adoc.po, 4, 4, 174, 174, 0%
l10n/po/pt_BR/content/posts/2024/2024-06-12-quarkus-newsletter-45.adoc.po, 4, 4, 174, 174, 0%
l10n/po/pt_BR/content/posts/2021-06-04-quarkus-2-0-0-cr3-released.adoc.po, 18, 19, 173, 174, 1%
l10n/po/pt_BR/content/posts/2021-10-25-intellij-quarkus-tools-1.8.0.adoc.po, 16, 16, 173, 173, 0%
l10n/po/pt_BR/content/posts/2021/2021-06-04-quarkus-2-0-0-cr3-released.adoc.po, 18, 19, 173, 174, 1%
l10n/po/pt_BR/content/posts/2021/2021-10-25-intellij-quarkus-tools-1.8.0.adoc.po, 16, 16, 173, 173, 0%
l10n/po/pt_BR/content/posts/2025-02-12-quarkus-3-18-3-released.adoc.po, 14, 15, 173, 174, 1%
l10n/po/pt_BR/content/posts/2025-03-18-quarkus-3-15-4-released.adoc.po, 14, 15, 173, 174, 1%
l10n/po/pt_BR/content/posts/2025/2025-02-12-quarkus-3-18-3-released.adoc.po, 14, 15, 173, 174, 1%
l10n/po/pt_BR/content/posts/2025/2025-03-18-quarkus-3-15-4-released.adoc.po, 14, 15, 173, 174, 1%
l10n/po/pt_BR/content/posts/2025-10-09-quarkus-3-28-3-released.adoc.po, 13, 14, 172, 173, 1%
l10n/po/pt_BR/content/posts/2025/2025-10-09-quarkus-3-28-3-released.adoc.po, 13, 14, 172, 173, 1%
l10n/po/pt_BR/content/posts/2026-03-05-quarkus-3-32-2-released.adoc.po, 14, 15, 171, 172, 1%
l10n/po/pt_BR/content/posts/2026-03-11-quarkus-3-32-3-released.adoc.po, 14, 15, 171, 172, 1%
l10n/po/pt_BR/content/posts/2026/2026-03-05-quarkus-3-32-2-released.adoc.po, 14, 15, 171, 172, 1%
l10n/po/pt_BR/content/posts/2026/2026-03-11-quarkus-3-32-3-released.adoc.po, 14, 15, 171, 172, 1%
l10n/po/pt_BR/content/posts/2024-12-11-quarkus-3-17-4-released.adoc.po, 18, 19, 170, 171, 1%
l10n/po/pt_BR/content/posts/2024/2024-12-11-quarkus-3-17-4-released.adoc.po, 18, 19, 170, 171, 1%
l10n/po/pt_BR/content/posts/2026-08-05-quarkus-3-33-3-1-released.adoc.po, 16, 17, 170, 171, 1%
l10n/po/pt_BR/content/posts/2026/2026-08-05-quarkus-3-33-3-1-released.adoc.po, 16, 17, 170, 171, 1%
l10n/po/pt_BR/content/posts/2023-02-01-quarkus-2-16-1-final-released.adoc.po, 14, 14, 169, 169, 0%
l10n/po/pt_BR/content/posts/2023/2023-02-01-quarkus-2-16-1-final-released.adoc.po, 14, 14, 169, 169, 0%
l10n/po/pt_BR/content/posts/2025-02-05-quarkus-3-18-2-released.adoc.po, 14, 15, 169, 170, 1%
l10n/po/pt_BR/content/posts/2025-03-05-quarkus-3-19-2-released.adoc.po, 14, 15, 169, 170, 1%
l10n/po/pt_BR/content/posts/2025/2025-02-05-quarkus-3-18-2-released.adoc.po, 14, 15, 169, 170, 1%
l10n/po/pt_BR/content/posts/2025/2025-03-05-quarkus-3-19-2-released.adoc.po, 14, 15, 169, 170, 1%
l10n/po/pt_BR/content/versions/2.13/guides/getting-started.adoc.po, 13, 104, 169, 1571, 90%
l10n/po/pt_BR/content/versions/2.16/guides/getting-started.adoc.po, 13, 104, 169, 1571, 90%
l10n/po/pt_BR/content/posts/2021-05-26-quarkus-1-13-5-final-released.adoc.po, 17, 17, 167, 167, 0%
l10n/po/pt_BR/content/posts/2021-08-20-60th-quarkus-insights.adoc.po, 9, 9, 167, 167, 0%
l10n/po/pt_BR/content/posts/2021/2021-05-26-quarkus-1-13-5-final-released.adoc.po, 17, 17, 167, 167, 0%
l10n/po/pt_BR/content/posts/2021/2021-08-20-60th-quarkus-insights.adoc.po, 9, 9, 167, 167, 0%
l10n/po/pt_BR/content/posts/2023-08-11-quarkus-3-2-4-final-released.adoc.po, 14, 14, 167, 167, 0%
l10n/po/pt_BR/content/posts/2023-08-28-quarkus-3-2-5-final-released.adoc.po, 14, 14, 167, 167, 0%
l10n/po/pt_BR/content/posts/2023/2023-08-11-quarkus-3-2-4-final-released.adoc.po, 14, 14, 167, 167, 0%
l10n/po/pt_BR/content/posts/2023/2023-08-28-quarkus-3-2-5-final-released.adoc.po, 14, 14, 167, 167, 0%
l10n/po/pt_BR/content/posts/2025-03-12-quarkus-newsletter-54.adoc.po, 4, 4, 167, 167, 0%
l10n/po/pt_BR/content/posts/2025/2025-03-12-quarkus-newsletter-54.adoc.po, 4, 4, 167, 167, 0%
l10n/po/pt_BR/content/posts/2026-04-17-quarkus-3-34-5-released.adoc.po, 13, 14, 167, 168, 1%
l10n/po/pt_BR/content/posts/2026/2026-04-17-quarkus-3-34-5-released.adoc.po, 13, 14, 167, 168, 1%
l10n/po/pt_BR/content/versions/2.16/guides/security-basic-authentication-howto.adoc.po, 10, 15, 167, 197, 16%
l10n/po/pt_BR/content/posts/2020-10-12-intellij-quarkus-tools-1.2.0.adoc.po, 31, 31, 166, 166, 0%
l10n/po/pt_BR/content/posts/2020/2020-10-12-intellij-quarkus-tools-1.2.0.adoc.po, 31, 31, 166, 166, 0%
l10n/po/pt_BR/content/versions/3.20/guides/mongodb-dev-services.adoc.po, 6, 9, 166, 233, 29%
l10n/po/pt_BR/content/posts/2019-11-28-quarkus-1-0-1-final-released.adoc.po, 16, 16, 165, 165, 0%
l10n/po/pt_BR/content/posts/2019/2019-11-28-quarkus-1-0-1-final-released.adoc.po, 16, 16, 165, 165, 0%
l10n/po/pt_BR/content/posts/2026-08-13-quarkus-3-38-2-released.adoc.po, 14, 15, 165, 166, 1%
l10n/po/pt_BR/content/posts/2026-08-19-quarkus-3-38-3-released.adoc.po, 14, 15, 165, 166, 1%
l10n/po/pt_BR/content/posts/2026/2026-08-13-quarkus-3-38-2-released.adoc.po, 14, 15, 165, 166, 1%
l10n/po/pt_BR/content/posts/2026/2026-08-19-quarkus-3-38-3-released.adoc.po, 14, 15, 165, 166, 1%
l10n/po/pt_BR/content/posts/2026/2026-09-17-quarkus-3-39-4-released.adoc.po, 14, 15, 165, 166, 1%
l10n/po/pt_BR/content/posts/2026-01-07-quarkus-3-30-6-released.adoc.po, 14, 15, 164, 165, 1%
l10n/po/pt_BR/content/posts/2026/2026-01-07-quarkus-3-30-6-released.adoc.po, 14, 15, 164, 165, 1%
l10n/po/pt_BR/content/guides/upx.adoc.po, 8, 33, 163, 413, 61%
l10n/po/pt_BR/content/posts/2021-01-27-quarkus-1-11-1-final-released.adoc.po, 17, 17, 163, 163, 0%
l10n/po/pt_BR/content/posts/2021/2021-01-27-quarkus-1-11-1-final-released.adoc.po, 17, 17, 163, 163, 0%
l10n/po/pt_BR/content/posts/2025-09-03-quarkus-3-26-2-released.adoc.po, 14, 15, 163, 164, 1%
l10n/po/pt_BR/content/posts/2025-09-17-quarkus-3-26-4-released.adoc.po, 14, 15, 163, 164, 1%
l10n/po/pt_BR/content/posts/2025/2025-09-03-quarkus-3-26-2-released.adoc.po, 14, 15, 163, 164, 1%
l10n/po/pt_BR/content/posts/2025/2025-09-17-quarkus-3-26-4-released.adoc.po, 14, 15, 163, 164, 1%
l10n/po/pt_BR/content/versions/3.27/guides/upx.adoc.po, 8, 33, 163, 413, 61%
l10n/po/pt_BR/content/versions/3.33/guides/upx.adoc.po, 8, 33, 163, 413, 61%
l10n/po/pt_BR/content/versions/3.34/guides/upx.adoc.po, 8, 33, 163, 413, 61%
l10n/po/pt_BR/content/versions/main/guides/upx.adoc.po, 8, 33, 163, 413, 61%
l10n/po/pt_BR/content/posts/2022-02-23-quarkus-newsletter-17.adoc.po, 4, 4, 162, 162, 0%
l10n/po/pt_BR/content/posts/2022-11-23-intellij-quarkus-tools-1.14.0.adoc.po, 12, 12, 162, 162, 0%
l10n/po/pt_BR/content/posts/2022/2022-02-23-quarkus-newsletter-17.adoc.po, 4, 4, 162, 162, 0%
l10n/po/pt_BR/content/posts/2022/2022-11-23-intellij-quarkus-tools-1.14.0.adoc.po, 12, 12, 162, 162, 0%
l10n/po/pt_BR/content/posts/2024-11-29-quarkus-3-17-2-released.adoc.po, 13, 14, 162, 163, 1%
l10n/po/pt_BR/content/posts/2024/2024-11-29-quarkus-3-17-2-released.adoc.po, 13, 14, 162, 163, 1%
l10n/po/pt_BR/content/posts/2025-11-14-quarkus-3-29-3-released.adoc.po, 14, 15, 162, 163, 1%
l10n/po/pt_BR/content/posts/2025/2025-11-14-quarkus-3-29-3-released.adoc.po, 14, 15, 162, 163, 1%
l10n/po/pt_BR/content/posts/2021-03-11-quarkus-1-12-2-final-released.adoc.po, 17, 17, 161, 161, 0%
l10n/po/pt_BR/content/posts/2021/2021-03-11-quarkus-1-12-2-final-released.adoc.po, 17, 17, 161, 161, 0%
l10n/po/pt_BR/templates/partials/support-help-band.html.po, 7, 11, 161, 172, 7%
l10n/po/pt_BR/content/posts/2023-05-15-quarkus-newsletter-32.adoc.po, 4, 4, 160, 160, 0%
l10n/po/pt_BR/content/posts/2023-11-20-quarkus-3-2-9-final-released.adoc.po, 18, 18, 160, 160, 0%
l10n/po/pt_BR/content/posts/2023/2023-05-15-quarkus-newsletter-32.adoc.po, 4, 4, 160, 160, 0%
l10n/po/pt_BR/content/posts/2023/2023-11-20-quarkus-3-2-9-final-released.adoc.po, 18, 18, 160, 160, 0%
l10n/po/pt_BR/content/posts/2026-01-23-quarkus-3-30-8-released.adoc.po, 14, 15, 160, 161, 1%
l10n/po/pt_BR/content/posts/2026/2026-01-23-quarkus-3-30-8-released.adoc.po, 14, 15, 160, 161, 1%
l10n/po/pt_BR/content/posts/2023-10-19-quarkus-3-2-7-final-released.adoc.po, 18, 18, 159, 159, 0%
l10n/po/pt_BR/content/posts/2023/2023-10-19-quarkus-3-2-7-final-released.adoc.po, 18, 18, 159, 159, 0%
l10n/po/pt_BR/content/posts/2024-07-03-quarkus-3-12-1-released.adoc.po, 14, 15, 159, 160, 1%
l10n/po/pt_BR/content/posts/2024-07-10-quarkus-3-12-2-released.adoc.po, 14, 15, 159, 160, 1%
l10n/po/pt_BR/content/posts/2024-07-17-quarkus-3-12-3-released.adoc.po, 14, 15, 159, 160, 1%
l10n/po/pt_BR/content/posts/2024-08-07-quarkus-3-13-1-released.adoc.po, 14, 15, 159, 160, 1%
l10n/po/pt_BR/content/posts/2024-08-12-quarkus-3-13-2-released.adoc.po, 14, 15, 159, 160, 1%
l10n/po/pt_BR/content/posts/2024/2024-07-03-quarkus-3-12-1-released.adoc.po, 14, 15, 159, 160, 1%
l10n/po/pt_BR/content/posts/2024/2024-07-10-quarkus-3-12-2-released.adoc.po, 14, 15, 159, 160, 1%
l10n/po/pt_BR/content/posts/2024/2024-07-17-quarkus-3-12-3-released.adoc.po, 14, 15, 159, 160, 1%
l10n/po/pt_BR/content/posts/2024/2024-08-07-quarkus-3-13-1-released.adoc.po, 14, 15, 159, 160, 1%
l10n/po/pt_BR/content/posts/2024/2024-08-12-quarkus-3-13-2-released.adoc.po, 14, 15, 159, 160, 1%
l10n/po/pt_BR/content/versions/3.15/guides/update-quarkus.adoc.po, 7, 29, 159, 359, 56%
l10n/po/pt_BR/content/versions/3.20/guides/update-quarkus.adoc.po, 7, 29, 159, 359, 56%
l10n/po/pt_BR/content/versions/3.27/guides/update-quarkus.adoc.po, 7, 29, 159, 359, 56%
l10n/po/pt_BR/content/versions/3.33/guides/update-quarkus.adoc.po, 7, 29, 159, 359, 56%
l10n/po/pt_BR/content/versions/3.34/guides/update-quarkus.adoc.po, 7, 29, 159, 359, 56%
l10n/po/pt_BR/content/posts/2025-12-24-quarkus-3-30-5-released.adoc.po, 14, 15, 158, 159, 1%
l10n/po/pt_BR/content/posts/2025/2025-12-24-quarkus-3-30-5-released.adoc.po, 14, 15, 158, 159, 1%
l10n/po/pt_BR/content/posts/2025-02-19-quarkus-3-18-4-released.adoc.po, 14, 15, 157, 158, 1%
l10n/po/pt_BR/content/posts/2025/2025-02-19-quarkus-3-18-4-released.adoc.po, 14, 15, 157, 158, 1%
l10n/po/pt_BR/content/posts/2023-06-07-quarkus-3-1-1-final-released.adoc.po, 14, 14, 156, 156, 0%
l10n/po/pt_BR/content/posts/2023-06-16-quarkus-3-1-2-final-released.adoc.po, 14, 14, 156, 156, 0%
l10n/po/pt_BR/content/posts/2023-06-29-quarkus-3-1-3-final-released.adoc.po, 14, 14, 156, 156, 0%
l10n/po/pt_BR/content/posts/2023/2023-06-07-quarkus-3-1-1-final-released.adoc.po, 14, 14, 156, 156, 0%
l10n/po/pt_BR/content/posts/2023/2023-06-16-quarkus-3-1-2-final-released.adoc.po, 14, 14, 156, 156, 0%
l10n/po/pt_BR/content/posts/2023/2023-06-29-quarkus-3-1-3-final-released.adoc.po, 14, 14, 156, 156, 0%
l10n/po/pt_BR/content/posts/2025-07-23-quarkus-3-24-5-released.adoc.po, 14, 15, 156, 157, 1%
l10n/po/pt_BR/content/posts/2025/2025-07-23-quarkus-3-24-5-released.adoc.po, 14, 15, 156, 157, 1%
l10n/po/pt_BR/content/posts/2025-11-19-quarkus-3-27-1-released.adoc.po, 14, 15, 155, 156, 1%
l10n/po/pt_BR/content/posts/2025/2025-11-19-quarkus-3-27-1-released.adoc.po, 14, 15, 155, 156, 1%
l10n/po/pt_BR/content/posts/2022-03-17-quarkus-newsletter-18.adoc.po, 4, 4, 154, 154, 0%
l10n/po/pt_BR/content/posts/2022/2022-03-17-quarkus-newsletter-18.adoc.po, 4, 4, 154, 154, 0%
l10n/po/pt_BR/content/posts/2025-08-20-quarkus-3-25-4-released.adoc.po, 14, 15, 154, 155, 1%
l10n/po/pt_BR/content/posts/2025-10-22-quarkus-3-28-5-released.adoc.po, 14, 15, 154, 155, 1%
l10n/po/pt_BR/content/posts/2025/2025-08-20-quarkus-3-25-4-released.adoc.po, 14, 15, 154, 155, 1%
l10n/po/pt_BR/content/posts/2025/2025-10-22-quarkus-3-28-5-released.adoc.po, 14, 15, 154, 155, 1%
l10n/po/pt_BR/content/posts/2026-07-17-quarkus-newsletter-70.adoc.po, 4, 4, 154, 154, 0%
l10n/po/pt_BR/content/posts/2026/2026-07-17-quarkus-newsletter-70.adoc.po, 4, 4, 154, 154, 0%
l10n/po/pt_BR/content/posts/2020-06-18-quarkus-1-5-2-final-released.adoc.po, 14, 14, 153, 153, 0%
l10n/po/pt_BR/content/posts/2020/2020-06-18-quarkus-1-5-2-final-released.adoc.po, 14, 14, 153, 153, 0%
l10n/po/pt_BR/content/posts/2024-11-13-quarkus-3-16-3-released.adoc.po, 14, 15, 153, 154, 1%
l10n/po/pt_BR/content/posts/2024-11-20-quarkus-3-16-4-released.adoc.po, 14, 15, 153, 154, 1%
l10n/po/pt_BR/content/posts/2024/2024-11-13-quarkus-3-16-3-released.adoc.po, 14, 15, 153, 154, 1%
l10n/po/pt_BR/content/posts/2024/2024-11-20-quarkus-3-16-4-released.adoc.po, 14, 15, 153, 154, 1%
l10n/po/pt_BR/content/posts/2025-01-22-quarkus-3-17-8-released.adoc.po, 14, 15, 153, 154, 1%
l10n/po/pt_BR/content/posts/2025/2025-01-22-quarkus-3-17-8-released.adoc.po, 14, 15, 153, 154, 1%
l10n/po/pt_BR/content/posts/2026-01-21-quarkus-3-27-2-released.adoc.po, 18, 19, 153, 154, 1%
l10n/po/pt_BR/content/posts/2026/2026-01-21-quarkus-3-27-2-released.adoc.po, 18, 19, 153, 154, 1%
l10n/po/pt_BR/content/posts/2024-12-20-quarkus-3-17-5-released.adoc.po, 13, 14, 152, 153, 1%
l10n/po/pt_BR/content/posts/2024/2024-12-20-quarkus-3-17-5-released.adoc.po, 13, 14, 152, 153, 1%
l10n/po/pt_BR/content/posts/2025-01-08-quarkus-3-17-6-released.adoc.po, 13, 14, 152, 153, 1%
l10n/po/pt_BR/content/posts/2025-06-05-quarkus-3-23-2-released.adoc.po, 13, 14, 152, 153, 1%
l10n/po/pt_BR/content/posts/2025/2025-01-08-quarkus-3-17-6-released.adoc.po, 13, 14, 152, 153, 1%
l10n/po/pt_BR/content/posts/2025/2025-06-05-quarkus-3-23-2-released.adoc.po, 13, 14, 152, 153, 1%
l10n/po/pt_BR/content/posts/2026-01-21-quarkus-3-20-5-released.adoc.po, 17, 18, 152, 153, 1%
l10n/po/pt_BR/content/posts/2026/2026-01-21-quarkus-3-20-5-released.adoc.po, 17, 18, 152, 153, 1%
l10n/po/pt_BR/templates/partials/standards.html.po, 36, 39, 152, 296, 49%
l10n/po/pt_BR/content/posts/2025-09-24-quarkus-3-15-7-released.adoc.po, 16, 17, 151, 152, 1%
l10n/po/pt_BR/content/posts/2025-09-24-quarkus-3-20-3-released.adoc.po, 16, 17, 151, 152, 1%
l10n/po/pt_BR/content/posts/2025/2025-09-24-quarkus-3-15-7-released.adoc.po, 16, 17, 151, 152, 1%
l10n/po/pt_BR/content/posts/2025/2025-09-24-quarkus-3-20-3-released.adoc.po, 16, 17, 151, 152, 1%
l10n/po/pt_BR/content/posts/2026-03-25-quarkus-3-20-6-released.adoc.po, 16, 17, 151, 152, 1%
l10n/po/pt_BR/content/posts/2026-03-25-quarkus-3-27-3-released.adoc.po, 16, 17, 151, 152, 1%
l10n/po/pt_BR/content/posts/2026/2026-03-25-quarkus-3-20-6-released.adoc.po, 16, 17, 151, 152, 1%
l10n/po/pt_BR/content/posts/2026/2026-03-25-quarkus-3-27-3-released.adoc.po, 16, 17, 151, 152, 1%
l10n/po/pt_BR/content/posts/2025-05-07-quarkus-3-22-2-released.adoc.po, 13, 14, 150, 151, 1%
l10n/po/pt_BR/content/posts/2025-05-15-quarkus-3-22-3-released.adoc.po, 13, 14, 150, 151, 1%
l10n/po/pt_BR/content/posts/2025-06-11-quarkus-3-23-3-released.adoc.po, 13, 14, 150, 151, 1%
l10n/po/pt_BR/content/posts/2025-06-19-quarkus-3-23-4-released.adoc.po, 13, 14, 150, 151, 1%
l10n/po/pt_BR/content/posts/2025-07-02-quarkus-3-24-2-released.adoc.po, 13, 14, 150, 151, 1%
l10n/po/pt_BR/content/posts/2025-07-09-quarkus-3-24-3-released.adoc.po, 13, 14, 150, 151, 1%
l10n/po/pt_BR/content/posts/2025-07-17-quarkus-3-24-4-released.adoc.po, 13, 14, 150, 151, 1%
l10n/po/pt_BR/content/posts/2025-11-19-quarkus-3-20-4-released.adoc.po, 15, 16, 150, 151, 1%
l10n/po/pt_BR/content/posts/2025/2025-05-07-quarkus-3-22-2-released.adoc.po, 13, 14, 150, 151, 1%
l10n/po/pt_BR/content/posts/2025/2025-05-15-quarkus-3-22-3-released.adoc.po, 13, 14, 150, 151, 1%
l10n/po/pt_BR/content/posts/2025/2025-06-11-quarkus-3-23-3-released.adoc.po, 13, 14, 150, 151, 1%
l10n/po/pt_BR/content/posts/2025/2025-06-19-quarkus-3-23-4-released.adoc.po, 13, 14, 150, 151, 1%
l10n/po/pt_BR/content/posts/2025/2025-07-02-quarkus-3-24-2-released.adoc.po, 13, 14, 150, 151, 1%
l10n/po/pt_BR/content/posts/2025/2025-07-09-quarkus-3-24-3-released.adoc.po, 13, 14, 150, 151, 1%
l10n/po/pt_BR/content/posts/2025/2025-07-17-quarkus-3-24-4-released.adoc.po, 13, 14, 150, 151, 1%
l10n/po/pt_BR/content/posts/2025/2025-11-19-quarkus-3-20-4-released.adoc.po, 15, 16, 150, 151, 1%
l10n/po/pt_BR/content/posts/2026-02-04-quarkus-3-31-2-released.adoc.po, 13, 14, 150, 151, 1%
l10n/po/pt_BR/content/posts/2026-02-11-quarkus-3-31-3-released.adoc.po, 13, 14, 150, 151, 1%
l10n/po/pt_BR/content/posts/2026-02-18-quarkus-3-31-4-released.adoc.po, 13, 14, 150, 151, 1%
l10n/po/pt_BR/content/posts/2026-04-02-quarkus-3-34-2-released.adoc.po, 13, 14, 150, 151, 1%
l10n/po/pt_BR/content/posts/2026-04-08-quarkus-3-34-3-released.adoc.po, 13, 14, 150, 151, 1%
l10n/po/pt_BR/content/posts/2026/2026-02-04-quarkus-3-31-2-released.adoc.po, 13, 14, 150, 151, 1%
l10n/po/pt_BR/content/posts/2026/2026-02-11-quarkus-3-31-3-released.adoc.po, 13, 14, 150, 151, 1%
l10n/po/pt_BR/content/posts/2026/2026-02-18-quarkus-3-31-4-released.adoc.po, 13, 14, 150, 151, 1%
l10n/po/pt_BR/content/posts/2026/2026-04-02-quarkus-3-34-2-released.adoc.po, 13, 14, 150, 151, 1%
l10n/po/pt_BR/content/posts/2026/2026-04-08-quarkus-3-34-3-released.adoc.po, 13, 14, 150, 151, 1%
l10n/po/pt_BR/content/guides/apicurio-registry-dev-services.adoc.po, 5, 21, 148, 375, 61%
l10n/po/pt_BR/content/posts/2021-06-09-quarkus-1-13-7-final-released.adoc.po, 15, 15, 148, 148, 0%
l10n/po/pt_BR/content/posts/2021/2021-06-09-quarkus-1-13-7-final-released.adoc.po, 15, 15, 148, 148, 0%
l10n/po/pt_BR/content/posts/2024-11-18-quarkus-3-15-2-released.adoc.po, 14, 15, 148, 149, 1%
l10n/po/pt_BR/content/posts/2024/2024-11-18-quarkus-3-15-2-released.adoc.po, 14, 15, 148, 149, 1%
l10n/po/pt_BR/content/posts/2025-01-21-quarkus-3-15-3-released.adoc.po, 14, 15, 148, 149, 1%
l10n/po/pt_BR/content/posts/2025/2025-01-21-quarkus-3-15-3-released.adoc.po, 14, 15, 148, 149, 1%
l10n/po/pt_BR/content/versions/3.33/guides/apicurio-registry-dev-services.adoc.po, 5, 21, 148, 375, 61%
l10n/po/pt_BR/content/versions/3.34/guides/apicurio-registry-dev-services.adoc.po, 5, 21, 148, 375, 61%
l10n/po/pt_BR/content/versions/main/guides/apicurio-registry-dev-services.adoc.po, 5, 21, 148, 375, 61%
l10n/po/pt_BR/content/posts/2025-01-15-quarkus-3-17-7-released.adoc.po, 13, 14, 147, 148, 1%
l10n/po/pt_BR/content/posts/2025-04-02-quarkus-3-21-1-released.adoc.po, 13, 14, 147, 148, 1%
l10n/po/pt_BR/content/posts/2025-04-16-quarkus-3-21-3-released.adoc.po, 13, 14, 147, 148, 1%
l10n/po/pt_BR/content/posts/2025-04-24-quarkus-3-21-4-released.adoc.po, 13, 14, 147, 148, 1%
l10n/po/pt_BR/content/posts/2025-08-06-quarkus-3-25-1-released.adoc.po, 13, 14, 147, 148, 1%
l10n/po/pt_BR/content/posts/2025-08-08-quarkus-3-25-2-released.adoc.po, 13, 14, 147, 148, 1%
l10n/po/pt_BR/content/posts/2025-10-01-quarkus-3-28-2-released.adoc.po, 13, 14, 147, 148, 1%
l10n/po/pt_BR/content/posts/2025-10-16-quarkus-3-28-4-released.adoc.po, 13, 14, 147, 148, 1%
l10n/po/pt_BR/content/posts/2025-11-20-quarkus-3-29-4-released.adoc.po, 13, 14, 147, 148, 1%
l10n/po/pt_BR/content/posts/2025-12-03-quarkus-3-30-2-released.adoc.po, 13, 14, 147, 148, 1%
l10n/po/pt_BR/content/posts/2025-12-10-quarkus-3-30-3-released.adoc.po, 13, 14, 147, 148, 1%
l10n/po/pt_BR/content/posts/2025-12-17-quarkus-3-30-4-released.adoc.po, 13, 14, 147, 148, 1%
l10n/po/pt_BR/content/posts/2025/2025-01-15-quarkus-3-17-7-released.adoc.po, 13, 14, 147, 148, 1%
l10n/po/pt_BR/content/posts/2025/2025-04-02-quarkus-3-21-1-released.adoc.po, 13, 14, 147, 148, 1%
l10n/po/pt_BR/content/posts/2025/2025-04-16-quarkus-3-21-3-released.adoc.po, 13, 14, 147, 148, 1%
l10n/po/pt_BR/content/posts/2025/2025-04-24-quarkus-3-21-4-released.adoc.po, 13, 14, 147, 148, 1%
l10n/po/pt_BR/content/posts/2025/2025-08-06-quarkus-3-25-1-released.adoc.po, 13, 14, 147, 148, 1%
l10n/po/pt_BR/content/posts/2025/2025-08-08-quarkus-3-25-2-released.adoc.po, 13, 14, 147, 148, 1%
l10n/po/pt_BR/content/posts/2025/2025-10-01-quarkus-3-28-2-released.adoc.po, 13, 14, 147, 148, 1%
l10n/po/pt_BR/content/posts/2025/2025-10-16-quarkus-3-28-4-released.adoc.po, 13, 14, 147, 148, 1%
l10n/po/pt_BR/content/posts/2025/2025-11-20-quarkus-3-29-4-released.adoc.po, 13, 14, 147, 148, 1%
l10n/po/pt_BR/content/posts/2025/2025-12-03-quarkus-3-30-2-released.adoc.po, 13, 14, 147, 148, 1%
l10n/po/pt_BR/content/posts/2025/2025-12-10-quarkus-3-30-3-released.adoc.po, 13, 14, 147, 148, 1%
l10n/po/pt_BR/content/posts/2025/2025-12-17-quarkus-3-30-4-released.adoc.po, 13, 14, 147, 148, 1%
l10n/po/pt_BR/content/posts/2026-04-23-quarkus-3-34-6-released.adoc.po, 13, 14, 147, 148, 1%
l10n/po/pt_BR/content/posts/2026-05-13-quarkus-3-35-3-released.adoc.po, 13, 14, 147, 148, 1%
l10n/po/pt_BR/content/posts/2026-05-20-quarkus-3-35-4-released.adoc.po, 13, 14, 147, 148, 1%
l10n/po/pt_BR/content/posts/2026-05-26-quarkus-3-27-4-released.adoc.po, 14, 15, 147, 148, 1%
l10n/po/pt_BR/content/posts/2026-05-26-quarkus-3-33-2-released.adoc.po, 14, 15, 147, 148, 1%
l10n/po/pt_BR/content/posts/2026-06-03-quarkus-3-36-1-released.adoc.po, 13, 14, 147, 148, 1%
l10n/po/pt_BR/content/posts/2026-06-11-quarkus-3-36-2-released.adoc.po, 13, 14, 147, 148, 1%
l10n/po/pt_BR/content/posts/2026-06-18-quarkus-3-36-3-released.adoc.po, 13, 14, 147, 148, 1%
l10n/po/pt_BR/content/posts/2026-07-02-quarkus-3-37-1-released.adoc.po, 13, 14, 147, 148, 1%
l10n/po/pt_BR/content/posts/2026-07-08-quarkus-3-37-2-released.adoc.po, 13, 14, 147, 148, 1%
l10n/po/pt_BR/content/posts/2026-07-16-quarkus-3-37-3-released.adoc.po, 13, 14, 147, 148, 1%
l10n/po/pt_BR/content/posts/2026-07-23-quarkus-3-37-4-released.adoc.po, 13, 14, 147, 148, 1%
l10n/po/pt_BR/content/posts/2026/2026-04-23-quarkus-3-34-6-released.adoc.po, 13, 14, 147, 148, 1%
l10n/po/pt_BR/content/posts/2026/2026-05-13-quarkus-3-35-3-released.adoc.po, 13, 14, 147, 148, 1%
l10n/po/pt_BR/content/posts/2026/2026-05-20-quarkus-3-35-4-released.adoc.po, 13, 14, 147, 148, 1%
l10n/po/pt_BR/content/posts/2026/2026-05-26-quarkus-3-27-4-released.adoc.po, 14, 15, 147, 148, 1%
l10n/po/pt_BR/content/posts/2026/2026-05-26-quarkus-3-33-2-released.adoc.po, 14, 15, 147, 148, 1%
l10n/po/pt_BR/content/posts/2026/2026-06-03-quarkus-3-36-1-released.adoc.po, 13, 14, 147, 148, 1%
l10n/po/pt_BR/content/posts/2026/2026-06-11-quarkus-3-36-2-released.adoc.po, 13, 14, 147, 148, 1%
l10n/po/pt_BR/content/posts/2026/2026-06-18-quarkus-3-36-3-released.adoc.po, 13, 14, 147, 148, 1%
l10n/po/pt_BR/content/posts/2026/2026-07-02-quarkus-3-37-1-released.adoc.po, 13, 14, 147, 148, 1%
l10n/po/pt_BR/content/posts/2026/2026-07-08-quarkus-3-37-2-released.adoc.po, 13, 14, 147, 148, 1%
l10n/po/pt_BR/content/posts/2026/2026-07-16-quarkus-3-37-3-released.adoc.po, 13, 14, 147, 148, 1%
l10n/po/pt_BR/content/posts/2026/2026-07-23-quarkus-3-37-4-released.adoc.po, 13, 14, 147, 148, 1%
l10n/po/pt_BR/content/posts/2025-05-20-quarkus-3-15-5-released.adoc.po, 14, 15, 145, 146, 1%
l10n/po/pt_BR/content/posts/2025-05-20-quarkus-3-20-1-released.adoc.po, 14, 15, 145, 146, 1%
l10n/po/pt_BR/content/posts/2025-07-23-quarkus-3-15-6-released.adoc.po, 14, 15, 145, 146, 1%
l10n/po/pt_BR/content/posts/2025-07-23-quarkus-3-20-2-released.adoc.po, 14, 15, 145, 146, 1%
l10n/po/pt_BR/content/posts/2025/2025-05-20-quarkus-3-15-5-released.adoc.po, 14, 15, 145, 146, 1%
l10n/po/pt_BR/content/posts/2025/2025-05-20-quarkus-3-20-1-released.adoc.po, 14, 15, 145, 146, 1%
l10n/po/pt_BR/content/posts/2025/2025-07-23-quarkus-3-15-6-released.adoc.po, 14, 15, 145, 146, 1%
l10n/po/pt_BR/content/posts/2025/2025-07-23-quarkus-3-20-2-released.adoc.po, 14, 15, 145, 146, 1%
l10n/po/pt_BR/content/posts/2021-10-18-quarkus-newsletter-13.adoc.po, 4, 4, 143, 143, 0%
l10n/po/pt_BR/content/posts/2021/2021-10-18-quarkus-newsletter-13.adoc.po, 4, 4, 143, 143, 0%
l10n/po/pt_BR/content/posts/2023-05-04-quarkus-3-0-2-final-released.adoc.po, 13, 13, 143, 143, 0%
l10n/po/pt_BR/content/posts/2023-05-10-quarkus-3-0-3-final-released.adoc.po, 13, 13, 143, 143, 0%
l10n/po/pt_BR/content/posts/2023-05-25-quarkus-3-0-4-final-released.adoc.po, 13, 13, 143, 143, 0%
l10n/po/pt_BR/content/posts/2023/2023-05-04-quarkus-3-0-2-final-released.adoc.po, 13, 13, 143, 143, 0%
l10n/po/pt_BR/content/posts/2023/2023-05-10-quarkus-3-0-3-final-released.adoc.po, 13, 13, 143, 143, 0%
l10n/po/pt_BR/content/posts/2023/2023-05-25-quarkus-3-0-4-final-released.adoc.po, 13, 13, 143, 143, 0%
l10n/po/pt_BR/content/versions/3.8/guides/update-quarkus.adoc.po, 6, 28, 143, 343, 59%
l10n/po/pt_BR/content/posts/2023-03-06-quarkus-2-16-4-final-released.adoc.po, 13, 13, 142, 142, 0%
l10n/po/pt_BR/content/posts/2023/2023-03-06-quarkus-2-16-4-final-released.adoc.po, 13, 13, 142, 142, 0%
l10n/po/pt_BR/content/posts/2020-05-07-quarkus-newsletter-6.adoc.po, 4, 4, 141, 141, 0%
l10n/po/pt_BR/content/posts/2020/2020-05-07-quarkus-newsletter-6.adoc.po, 4, 4, 141, 141, 0%
l10n/po/pt_BR/content/posts/2021-05-27-quarkus-1-13-6-final-released.adoc.po, 14, 14, 141, 141, 0%
l10n/po/pt_BR/content/posts/2021/2021-05-27-quarkus-1-13-6-final-released.adoc.po, 14, 14, 141, 141, 0%
l10n/po/pt_BR/content/posts/2020-10-09-quarkus-1-8-3-final-released.adoc.po, 13, 13, 140, 140, 0%
l10n/po/pt_BR/content/posts/2020/2020-10-09-quarkus-1-8-3-final-released.adoc.po, 13, 13, 140, 140, 0%
l10n/po/pt_BR/content/posts/2023-02-17-quarkus-2-16-3-final-released.adoc.po, 13, 13, 140, 140, 0%
l10n/po/pt_BR/content/posts/2023/2023-02-17-quarkus-2-16-3-final-released.adoc.po, 13, 13, 140, 140, 0%
l10n/po/pt_BR/content/posts/2020-12-16-quarkus-1-10-5-final-released.adoc.po, 14, 14, 139, 139, 0%
l10n/po/pt_BR/content/posts/2020/2020-12-16-quarkus-1-10-5-final-released.adoc.po, 14, 14, 139, 139, 0%
l10n/po/pt_BR/content/versions/2.13/guides/websockets.adoc.po, 5, 50, 139, 559, 76%
l10n/po/pt_BR/content/versions/2.16/guides/websockets.adoc.po, 5, 50, 139, 559, 76%
l10n/po/pt_BR/content/posts/2020-02-19-quarkus-1-2-1-final-released.adoc.po, 13, 13, 137, 137, 0%
l10n/po/pt_BR/content/posts/2020/2020-02-19-quarkus-1-2-1-final-released.adoc.po, 13, 13, 137, 137, 0%
l10n/po/pt_BR/content/posts/2021-02-09-quarkus-1-11-2-final-released.adoc.po, 16, 16, 137, 137, 0%
l10n/po/pt_BR/content/posts/2021/2021-02-09-quarkus-1-11-2-final-released.adoc.po, 16, 16, 137, 137, 0%
l10n/po/pt_BR/content/posts/2022-09-07-quarkus-2-12-1-final-released.adoc.po, 14, 14, 137, 137, 0%
l10n/po/pt_BR/content/posts/2022/2022-09-07-quarkus-2-12-1-final-released.adoc.po, 14, 14, 137, 137, 0%
l10n/po/pt_BR/content/posts/2021-07-16-quarkus-newsletter-10.adoc.po, 4, 4, 136, 136, 0%
l10n/po/pt_BR/content/posts/2021/2021-07-16-quarkus-newsletter-10.adoc.po, 4, 4, 136, 136, 0%
l10n/po/pt_BR/content/posts/2022-10-19-quarkus-2-13-3-final-released.adoc.po, 12, 12, 136, 136, 0%
l10n/po/pt_BR/content/posts/2022/2022-10-19-quarkus-2-13-3-final-released.adoc.po, 12, 12, 136, 136, 0%
l10n/po/pt_BR/_data/versioned/3-8/index/quarkiverse.yaml.po, 22, 102, 135, 597, 78%
l10n/po/pt_BR/_data/versioned/latest/index/quarkiverse.yaml.po, 22, 102, 135, 597, 78%
l10n/po/pt_BR/_data/versioned/main/index/quarkiverse.yaml.po, 22, 102, 135, 597, 78%
l10n/po/pt_BR/content/posts/2020-12-08-quarkus-1-10-3-final-released.adoc.po, 14, 14, 134, 134, 0%
l10n/po/pt_BR/content/posts/2020/2020-12-08-quarkus-1-10-3-final-released.adoc.po, 14, 14, 134, 134, 0%
l10n/po/pt_BR/content/posts/2023-11-08-quarkus-3-2-8-final-released.adoc.po, 14, 14, 134, 134, 0%
l10n/po/pt_BR/content/posts/2023/2023-11-08-quarkus-3-2-8-final-released.adoc.po, 14, 14, 134, 134, 0%
l10n/po/pt_BR/content/posts/2020-04-08-quarkus-1-3-2-final-released.adoc.po, 14, 14, 133, 133, 0%
l10n/po/pt_BR/content/posts/2020/2020-04-08-quarkus-1-3-2-final-released.adoc.po, 14, 14, 133, 133, 0%
l10n/po/pt_BR/content/guides/context-propagation.adoc.po, 6, 71, 132, 976, 87%
l10n/po/pt_BR/content/posts/2020-10-28-quarkus-1-9-1-final-released.adoc.po, 13, 13, 132, 132, 0%
l10n/po/pt_BR/content/posts/2020/2020-10-28-quarkus-1-9-1-final-released.adoc.po, 13, 13, 132, 132, 0%
l10n/po/pt_BR/content/posts/2023-01-04-quarkus-2-15-2-final-released.adoc.po, 12, 12, 132, 132, 0%
l10n/po/pt_BR/content/posts/2023/2023-01-04-quarkus-2-15-2-final-released.adoc.po, 12, 12, 132, 132, 0%
l10n/po/pt_BR/content/versions/main/guides/context-propagation.adoc.po, 6, 71, 132, 976, 87%
l10n/po/pt_BR/content/guides/config-yaml.adoc.po, 3, 28, 131, 493, 74%
l10n/po/pt_BR/content/posts/2020-08-18-quarkus-hackathon-finalist-announcement.adoc.po, 21, 21, 131, 131, 0%
l10n/po/pt_BR/content/posts/2020-11-05-quarkus-1-9-2-final-released.adoc.po, 13, 13, 131, 131, 0%
l10n/po/pt_BR/content/posts/2020/2020-08-18-quarkus-hackathon-finalist-announcement.adoc.po, 21, 21, 131, 131, 0%
l10n/po/pt_BR/content/posts/2020/2020-11-05-quarkus-1-9-2-final-released.adoc.po, 13, 13, 131, 131, 0%
l10n/po/pt_BR/content/posts/2021-12-16-quarkus-newsletter-15.adoc.po, 4, 4, 131, 131, 0%
l10n/po/pt_BR/content/posts/2021/2021-12-16-quarkus-newsletter-15.adoc.po, 4, 4, 131, 131, 0%
l10n/po/pt_BR/content/versions/2.13/guides/doc-concepts.adoc.po, 7, 39, 131, 558, 77%
l10n/po/pt_BR/content/versions/3.33/guides/config-yaml.adoc.po, 3, 28, 131, 493, 74%
l10n/po/pt_BR/content/versions/3.34/guides/config-yaml.adoc.po, 3, 28, 131, 493, 74%
l10n/po/pt_BR/content/versions/main/guides/config-yaml.adoc.po, 3, 28, 131, 493, 74%
l10n/po/pt_BR/content/posts/2020-09-09-quarkus-1-7-3-final-released.adoc.po, 13, 13, 130, 130, 0%
l10n/po/pt_BR/content/posts/2020/2020-09-09-quarkus-1-7-3-final-released.adoc.po, 13, 13, 130, 130, 0%
l10n/po/pt_BR/content/versions/3.2/guides/funqy-amazon-lambda-http.adoc.po, 5, 14, 130, 264, 51%
l10n/po/pt_BR/content/posts/2025-08-18-cve-fixes-aug-2025.adoc.po, 9, 9, 129, 129, 0%
l10n/po/pt_BR/content/posts/2025/2025-08-18-cve-fixes-aug-2025.adoc.po, 9, 9, 129, 129, 0%
l10n/po/pt_BR/content/versions/3.2/guides/security-basic-authentication-tutorial.adoc.po, 4, 106, 129, 1592, 92%
l10n/po/pt_BR/content/posts/2022-01-13-quarkus-newsletter-16.adoc.po, 4, 4, 128, 128, 0%
l10n/po/pt_BR/content/posts/2022/2022-01-13-quarkus-newsletter-16.adoc.po, 4, 4, 128, 128, 0%
l10n/po/pt_BR/content/versions/3.33/guides/context-propagation.adoc.po, 5, 71, 128, 976, 87%
l10n/po/pt_BR/content/versions/3.34/guides/context-propagation.adoc.po, 5, 71, 128, 976, 87%
l10n/po/pt_BR/content/posts/2020-08-27-quarkus-1-7-1-final-released.adoc.po, 13, 13, 127, 127, 0%
l10n/po/pt_BR/content/posts/2020/2020-08-27-quarkus-1-7-1-final-released.adoc.po, 13, 13, 127, 127, 0%
l10n/po/pt_BR/content/posts/2022-03-02-quarkus-2-7-3-final-released.adoc.po, 13, 13, 127, 127, 0%
l10n/po/pt_BR/content/posts/2022-07-06-quarkus-2-10-2-final-released.adoc.po, 12, 12, 127, 127, 0%
l10n/po/pt_BR/content/posts/2022/2022-03-02-quarkus-2-7-3-final-released.adoc.po, 13, 13, 127, 127, 0%
l10n/po/pt_BR/content/posts/2022/2022-07-06-quarkus-2-10-2-final-released.adoc.po, 12, 12, 127, 127, 0%
l10n/po/pt_BR/content/posts/2020-09-28-quarkus-newsletter-8.adoc.po, 6, 6, 126, 126, 0%
l10n/po/pt_BR/content/posts/2020/2020-09-28-quarkus-newsletter-8.adoc.po, 6, 6, 126, 126, 0%
l10n/po/pt_BR/content/posts/2022-05-06-quarkus-2-8-3-final-released.adoc.po, 12, 12, 126, 126, 0%
l10n/po/pt_BR/content/posts/2022-05-25-quarkus-2-9-2-final-released.adoc.po, 12, 12, 126, 126, 0%
l10n/po/pt_BR/content/posts/2022/2022-05-06-quarkus-2-8-3-final-released.adoc.po, 12, 12, 126, 126, 0%
l10n/po/pt_BR/content/posts/2022/2022-05-25-quarkus-2-9-2-final-released.adoc.po, 12, 12, 126, 126, 0%
l10n/po/pt_BR/content/posts/2023-07-24-profile-and-monitor-native-executables-with-jfr.adoc.po, 5, 5, 126, 126, 0%
l10n/po/pt_BR/content/posts/2023/2023-07-24-profile-and-monitor-native-executables-with-jfr.adoc.po, 5, 5, 126, 126, 0%
l10n/po/pt_BR/content/versions/2.13/guides/context-propagation.adoc.po, 7, 71, 125, 969, 88%
l10n/po/pt_BR/content/versions/2.16/guides/context-propagation.adoc.po, 7, 71, 125, 969, 88%
l10n/po/pt_BR/content/posts/2022-08-24-quarkus-2-11-3-final-released.adoc.po, 14, 14, 124, 124, 0%
l10n/po/pt_BR/content/posts/2022-09-20-intellij-quarkus-tools-1.13.0.adoc.po, 12, 12, 124, 124, 0%
l10n/po/pt_BR/content/posts/2022/2022-08-24-quarkus-2-11-3-final-released.adoc.po, 14, 14, 124, 124, 0%
l10n/po/pt_BR/content/posts/2022/2022-09-20-intellij-quarkus-tools-1.13.0.adoc.po, 12, 12, 124, 124, 0%
l10n/po/pt_BR/content/posts/2021-02-11-quarkus-1-11-3-final-released.adoc.po, 11, 11, 123, 123, 0%
l10n/po/pt_BR/content/posts/2021-03-03-quarkus-1-12-1-final-released.adoc.po, 14, 14, 123, 123, 0%
l10n/po/pt_BR/content/posts/2021/2021-02-11-quarkus-1-11-3-final-released.adoc.po, 11, 11, 123, 123, 0%
l10n/po/pt_BR/content/posts/2021/2021-03-03-quarkus-1-12-1-final-released.adoc.po, 14, 14, 123, 123, 0%
l10n/po/pt_BR/content/posts/2022-10-06-quarkus-2-13-1-final-released.adoc.po, 12, 12, 123, 123, 0%
l10n/po/pt_BR/content/posts/2022/2022-10-06-quarkus-2-13-1-final-released.adoc.po, 12, 12, 123, 123, 0%
l10n/po/pt_BR/content/posts/2023-02-09-quarkus-2-16-2-final-released.adoc.po, 13, 13, 123, 123, 0%
l10n/po/pt_BR/content/posts/2023/2023-02-09-quarkus-2-16-2-final-released.adoc.po, 13, 13, 123, 123, 0%
l10n/po/pt_BR/_data/katakodalist.yaml.po, 16, 17, 122, 135, 10%
l10n/po/pt_BR/content/posts/2021-09-16-quarkus-2-2-3-final-released.adoc.po, 12, 12, 122, 122, 0%
l10n/po/pt_BR/content/posts/2021/2021-09-16-quarkus-2-2-3-final-released.adoc.po, 12, 12, 122, 122, 0%
l10n/po/pt_BR/content/posts/2023-03-22-quarkus-2-16-5-final-released.adoc.po, 13, 13, 122, 122, 0%
l10n/po/pt_BR/content/posts/2023-04-04-quarkus-2-16-6-final-released.adoc.po, 13, 13, 122, 122, 0%
l10n/po/pt_BR/content/posts/2023-05-05-quarkus-2-16-7-final-released.adoc.po, 13, 13, 122, 122, 0%
l10n/po/pt_BR/content/posts/2023/2023-03-22-quarkus-2-16-5-final-released.adoc.po, 13, 13, 122, 122, 0%
l10n/po/pt_BR/content/posts/2023/2023-04-04-quarkus-2-16-6-final-released.adoc.po, 13, 13, 122, 122, 0%
l10n/po/pt_BR/content/posts/2023/2023-05-05-quarkus-2-16-7-final-released.adoc.po, 13, 13, 122, 122, 0%
l10n/po/pt_BR/content/versions/3.15/guides/deploying-to-heroku.adoc.po, 8, 69, 122, 984, 88%
l10n/po/pt_BR/content/versions/3.15/guides/virtual-threads.adoc.po, 6, 134, 122, 2792, 96%
l10n/po/pt_BR/content/versions/3.8/guides/deploying-to-heroku.adoc.po, 8, 69, 122, 984, 88%
l10n/po/pt_BR/content/versions/main/guides/extension-maturity-matrix.adoc.po, 3, 67, 122, 1441, 92%
l10n/po/pt_BR/content/posts/2021-07-13-quarkus-2-0-2-final-released.adoc.po, 12, 12, 121, 121, 0%
l10n/po/pt_BR/content/posts/2021/2021-07-13-quarkus-2-0-2-final-released.adoc.po, 12, 12, 121, 121, 0%
l10n/po/pt_BR/content/posts/2022-10-12-quarkus-2-13-2-final-released.adoc.po, 12, 12, 121, 121, 0%
l10n/po/pt_BR/content/posts/2022/2022-10-12-quarkus-2-13-2-final-released.adoc.po, 12, 12, 121, 121, 0%
l10n/po/pt_BR/content/posts/2023-01-10-quarkus-2-15-3-final-released.adoc.po, 12, 12, 121, 121, 0%
l10n/po/pt_BR/content/posts/2023/2023-01-10-quarkus-2-15-3-final-released.adoc.po, 12, 12, 121, 121, 0%
l10n/po/pt_BR/content/posts/2022-05-17-quarkus-2-9-1-final-released.adoc.po, 12, 12, 120, 120, 0%
l10n/po/pt_BR/content/posts/2022/2022-05-17-quarkus-2-9-1-final-released.adoc.po, 12, 12, 120, 120, 0%
l10n/po/pt_BR/content/posts/2021-09-07-quarkus-2-2-2-final-released.adoc.po, 12, 12, 119, 119, 0%
l10n/po/pt_BR/content/posts/2021-10-20-quarkus-2-3-1-final-released.adoc.po, 12, 12, 119, 119, 0%
l10n/po/pt_BR/content/posts/2021-11-03-quarkus-2-4-1-final-released.adoc.po, 12, 12, 119, 119, 0%
l10n/po/pt_BR/content/posts/2021-11-12-quarkus-2-4-2-final-released.adoc.po, 12, 12, 119, 119, 0%
l10n/po/pt_BR/content/posts/2021-12-01-quarkus-2-5-1-final-released.adoc.po, 12, 12, 119, 119, 0%
l10n/po/pt_BR/content/posts/2021-12-10-quarkus-2-5-2-final-released.adoc.po, 12, 12, 119, 119, 0%
l10n/po/pt_BR/content/posts/2021-12-15-quarkus-2-5-3-final-released.adoc.po, 12, 12, 119, 119, 0%
l10n/po/pt_BR/content/posts/2021/2021-09-07-quarkus-2-2-2-final-released.adoc.po, 12, 12, 119, 119, 0%
l10n/po/pt_BR/content/posts/2021/2021-10-20-quarkus-2-3-1-final-released.adoc.po, 12, 12, 119, 119, 0%
l10n/po/pt_BR/content/posts/2021/2021-11-03-quarkus-2-4-1-final-released.adoc.po, 12, 12, 119, 119, 0%
l10n/po/pt_BR/content/posts/2021/2021-11-12-quarkus-2-4-2-final-released.adoc.po, 12, 12, 119, 119, 0%
l10n/po/pt_BR/content/posts/2021/2021-12-01-quarkus-2-5-1-final-released.adoc.po, 12, 12, 119, 119, 0%
l10n/po/pt_BR/content/posts/2021/2021-12-10-quarkus-2-5-2-final-released.adoc.po, 12, 12, 119, 119, 0%
l10n/po/pt_BR/content/posts/2021/2021-12-15-quarkus-2-5-3-final-released.adoc.po, 12, 12, 119, 119, 0%
l10n/po/pt_BR/content/versions/3.2/guides/security-basic-authentication.adoc.po, 4, 32, 119, 474, 75%
l10n/po/pt_BR/content/guides/extension-maturity-matrix.adoc.po, 2, 67, 118, 1441, 92%
l10n/po/pt_BR/content/posts/2021-11-11-quarkus-newsletter-14.adoc.po, 4, 4, 118, 118, 0%
l10n/po/pt_BR/content/posts/2021-12-03-intellij-quarkus-tools-1.9.0.adoc.po, 10, 10, 118, 118, 0%
l10n/po/pt_BR/content/posts/2021/2021-11-11-quarkus-newsletter-14.adoc.po, 4, 4, 118, 118, 0%
l10n/po/pt_BR/content/posts/2021/2021-12-03-intellij-quarkus-tools-1.9.0.adoc.po, 10, 10, 118, 118, 0%
l10n/po/pt_BR/content/versions/3.20/guides/extension-maturity-matrix.adoc.po, 2, 65, 118, 1358, 92%
l10n/po/pt_BR/content/versions/3.27/guides/extension-maturity-matrix.adoc.po, 2, 65, 118, 1380, 92%
l10n/po/pt_BR/content/versions/3.33/guides/extension-maturity-matrix.adoc.po, 2, 65, 118, 1380, 92%
l10n/po/pt_BR/content/versions/3.34/guides/extension-maturity-matrix.adoc.po, 2, 65, 118, 1380, 92%
l10n/po/pt_BR/content/posts/2020-09-03-quarkus-1-7-2-final-released.adoc.po, 12, 12, 117, 117, 0%
l10n/po/pt_BR/content/posts/2020/2020-09-03-quarkus-1-7-2-final-released.adoc.po, 12, 12, 117, 117, 0%
l10n/po/pt_BR/content/posts/2021-08-26-quarkus-2-1-4-final-released.adoc.po, 12, 12, 117, 117, 0%
l10n/po/pt_BR/content/posts/2021/2021-08-26-quarkus-2-1-4-final-released.adoc.po, 12, 12, 117, 117, 0%
l10n/po/pt_BR/content/versions/3.2/guides/update-quarkus.adoc.po, 4, 28, 117, 343, 66%
l10n/po/pt_BR/content/posts/2020-10-06-quarkus-1-8-2-final-released.adoc.po, 12, 12, 116, 116, 0%
l10n/po/pt_BR/content/posts/2020/2020-10-06-quarkus-1-8-2-final-released.adoc.po, 12, 12, 116, 116, 0%
l10n/po/pt_BR/content/posts/2021-04-28-quarkus-1-13-3-final-released.adoc.po, 13, 13, 116, 116, 0%
l10n/po/pt_BR/content/posts/2021-05-12-quarkus-1-13-4-final-released.adoc.po, 13, 13, 116, 116, 0%
l10n/po/pt_BR/content/posts/2021-09-14-quarkus-newsletter-12.adoc.po, 4, 4, 116, 116, 0%
l10n/po/pt_BR/content/posts/2021/2021-04-28-quarkus-1-13-3-final-released.adoc.po, 13, 13, 116, 116, 0%
l10n/po/pt_BR/content/posts/2021/2021-05-12-quarkus-1-13-4-final-released.adoc.po, 13, 13, 116, 116, 0%
l10n/po/pt_BR/content/posts/2021/2021-09-14-quarkus-newsletter-12.adoc.po, 4, 4, 116, 116, 0%
l10n/po/pt_BR/content/posts/2020-05-15-insights-2.adoc.po, 6, 6, 115, 115, 0%
l10n/po/pt_BR/content/posts/2020-05-20-insights-4-5.adoc.po, 7, 7, 115, 115, 0%
l10n/po/pt_BR/content/posts/2020/2020-05-15-insights-2.adoc.po, 6, 6, 115, 115, 0%
l10n/po/pt_BR/content/posts/2020/2020-05-20-insights-4-5.adoc.po, 7, 7, 115, 115, 0%
l10n/po/pt_BR/content/posts/2021-07-22-quarkus-2-0-3-final-released.adoc.po, 12, 12, 115, 115, 0%
l10n/po/pt_BR/content/posts/2021/2021-07-22-quarkus-2-0-3-final-released.adoc.po, 12, 12, 115, 115, 0%
l10n/po/pt_BR/content/posts/2022-01-20-quarkus-2-6-3-final-released.adoc.po, 12, 12, 115, 115, 0%
l10n/po/pt_BR/content/posts/2022-03-09-quarkus-2-7-4-final-released.adoc.po, 12, 12, 115, 115, 0%
l10n/po/pt_BR/content/posts/2022-06-29-quarkus-2-10-1-final-released.adoc.po, 12, 12, 115, 115, 0%
l10n/po/pt_BR/content/posts/2022-09-21-quarkus-2-12-3-final-released.adoc.po, 13, 13, 115, 115, 0%
l10n/po/pt_BR/content/posts/2022/2022-01-20-quarkus-2-6-3-final-released.adoc.po, 12, 12, 115, 115, 0%
l10n/po/pt_BR/content/posts/2022/2022-03-09-quarkus-2-7-4-final-released.adoc.po, 12, 12, 115, 115, 0%
l10n/po/pt_BR/content/posts/2022/2022-06-29-quarkus-2-10-1-final-released.adoc.po, 12, 12, 115, 115, 0%
l10n/po/pt_BR/content/posts/2022/2022-09-21-quarkus-2-12-3-final-released.adoc.po, 13, 13, 115, 115, 0%
l10n/po/pt_BR/content/posts/2021-07-07-quarkus-2-0-1-final-released.adoc.po, 12, 12, 114, 114, 0%
l10n/po/pt_BR/content/posts/2021-08-04-quarkus-2-1-1-final-released.adoc.po, 12, 12, 114, 114, 0%
l10n/po/pt_BR/content/posts/2021-08-11-quarkus-2-1-2-final-released.adoc.po, 12, 12, 114, 114, 0%
l10n/po/pt_BR/content/posts/2021-08-19-quarkus-2-1-3-final-released.adoc.po, 12, 12, 114, 114, 0%
l10n/po/pt_BR/content/posts/2021/2021-07-07-quarkus-2-0-1-final-released.adoc.po, 12, 12, 114, 114, 0%
l10n/po/pt_BR/content/posts/2021/2021-08-04-quarkus-2-1-1-final-released.adoc.po, 12, 12, 114, 114, 0%
l10n/po/pt_BR/content/posts/2021/2021-08-11-quarkus-2-1-2-final-released.adoc.po, 12, 12, 114, 114, 0%
l10n/po/pt_BR/content/posts/2021/2021-08-19-quarkus-2-1-3-final-released.adoc.po, 12, 12, 114, 114, 0%
l10n/po/pt_BR/content/posts/2022-03-16-quarkus-2-7-5-final-released.adoc.po, 12, 12, 114, 114, 0%
l10n/po/pt_BR/content/posts/2022-04-19-quarkus-2-8-1-final-released.adoc.po, 12, 12, 114, 114, 0%
l10n/po/pt_BR/content/posts/2022-04-26-quarkus-2-8-2-final-released.adoc.po, 12, 12, 114, 114, 0%
l10n/po/pt_BR/content/posts/2022-09-13-quarkus-2-12-2-final-released.adoc.po, 13, 13, 114, 114, 0%
l10n/po/pt_BR/content/posts/2022-12-06-quarkus-2-14-3-final-released.adoc.po, 12, 12, 114, 114, 0%
l10n/po/pt_BR/content/posts/2022/2022-03-16-quarkus-2-7-5-final-released.adoc.po, 12, 12, 114, 114, 0%
l10n/po/pt_BR/content/posts/2022/2022-04-19-quarkus-2-8-1-final-released.adoc.po, 12, 12, 114, 114, 0%
l10n/po/pt_BR/content/posts/2022/2022-04-26-quarkus-2-8-2-final-released.adoc.po, 12, 12, 114, 114, 0%
l10n/po/pt_BR/content/posts/2022/2022-09-13-quarkus-2-12-2-final-released.adoc.po, 13, 13, 114, 114, 0%
l10n/po/pt_BR/content/posts/2022/2022-12-06-quarkus-2-14-3-final-released.adoc.po, 12, 12, 114, 114, 0%
l10n/po/pt_BR/content/posts/2021-08-20-quarkus-newsletter-11.adoc.po, 4, 4, 112, 112, 0%
l10n/po/pt_BR/content/posts/2021/2021-08-20-quarkus-newsletter-11.adoc.po, 4, 4, 112, 112, 0%
l10n/po/pt_BR/content/versions/3.2/guides/context-propagation.adoc.po, 4, 71, 112, 973, 89%
l10n/po/pt_BR/templates/partials/homepage-commonhaus-band.html.po, 5, 5, 111, 111, 0%
l10n/po/pt_BR/_data/guides-latest.yaml.po, 44, 711, 108, 4385, 98%
l10n/po/pt_BR/_data/guides-2-13.yaml.po, 40, 707, 104, 4381, 98%
l10n/po/pt_BR/content/posts/2021-03-11-ja-quarkus-io.adoc.po, 3, 3, 104, 104, 0%
l10n/po/pt_BR/content/posts/2021/2021-03-11-ja-quarkus-io.adoc.po, 3, 3, 104, 104, 0%
l10n/po/pt_BR/content/versions/2.13/guides/kafka-reactive-getting-started.adoc.po, 5, 88, 103, 1333, 93%
l10n/po/pt_BR/content/versions/2.16/guides/kafka-reactive-getting-started.adoc.po, 5, 88, 103, 1333, 93%
l10n/po/pt_BR/content/versions/3.2/guides/config-yaml.adoc.po, 4, 26, 103, 422, 76%
l10n/po/pt_BR/content/versions/3.15/guides/mongodb-dev-services.adoc.po, 4, 8, 101, 229, 56%
l10n/po/pt_BR/content/posts/2020-08-29-quarkus-hackathon-winners-announced.adoc.po, 16, 16, 99, 99, 0%
l10n/po/pt_BR/content/posts/2020/2020-08-29-quarkus-hackathon-winners-announced.adoc.po, 16, 16, 99, 99, 0%
l10n/po/pt_BR/content/posts/2020-05-05-quarkus-1-4-2-final-released.adoc.po, 11, 11, 97, 97, 0%
l10n/po/pt_BR/content/posts/2020-06-11-quarkus-1-5-1-final-released.adoc.po, 11, 11, 97, 97, 0%
l10n/po/pt_BR/content/posts/2020/2020-05-05-quarkus-1-4-2-final-released.adoc.po, 11, 11, 97, 97, 0%
l10n/po/pt_BR/content/posts/2020/2020-06-11-quarkus-1-5-1-final-released.adoc.po, 11, 11, 97, 97, 0%
l10n/po/pt_BR/content/guides/getting-started-reactive.adoc.po, 7, 80, 94, 1695, 95%
l10n/po/pt_BR/content/posts/2019-11-18-quarkus-newsletter-2.adoc.po, 4, 4, 94, 94, 0%
l10n/po/pt_BR/content/posts/2019/2019-11-18-quarkus-newsletter-2.adoc.po, 4, 4, 94, 94, 0%
l10n/po/pt_BR/content/versions/main/guides/getting-started-reactive.adoc.po, 7, 80, 94, 1695, 95%
l10n/po/pt_BR/content/versions/main/guides/observability.adoc.po, 5, 60, 94, 693, 87%
l10n/po/pt_BR/content/posts/2019-10-15-quarkus-on-jboss-asylum-podcast.adoc.po, 5, 5, 93, 93, 0%
l10n/po/pt_BR/content/posts/2019/2019-10-15-quarkus-on-jboss-asylum-podcast.adoc.po, 5, 5, 93, 93, 0%
l10n/po/pt_BR/content/posts/2020-01-14-quarkus-newsletter-4.adoc.po, 4, 4, 93, 93, 0%
l10n/po/pt_BR/content/posts/2020/2020-01-14-quarkus-newsletter-4.adoc.po, 4, 4, 93, 93, 0%
l10n/po/pt_BR/content/versions/2.13/guides/getting-started-reactive.adoc.po, 2, 78, 93, 1673, 95%
l10n/po/pt_BR/content/versions/2.16/guides/getting-started-reactive.adoc.po, 2, 78, 93, 1673, 95%
l10n/po/pt_BR/content/posts/2022-07-19-quarkus-insights-qanda4.adoc.po, 5, 5, 92, 92, 0%
l10n/po/pt_BR/content/posts/2022/2022-07-19-quarkus-insights-qanda4.adoc.po, 5, 5, 92, 92, 0%
l10n/po/pt_BR/content/posts/2021-02-17-intellij-quarkus-tools-1.4.0.adoc.po, 9, 9, 90, 90, 0%
l10n/po/pt_BR/content/posts/2021/2021-02-17-intellij-quarkus-tools-1.4.0.adoc.po, 9, 9, 90, 90, 0%
l10n/po/pt_BR/content/versions/3.2/guides/cli-tooling.adoc.po, 5, 164, 90, 1997, 96%
l10n/po/pt_BR/templates/partials/discussion.html.po, 5, 10, 90, 189, 53%
l10n/po/pt_BR/content/posts/2020-09-17-intellij-quarkus-tools-1.1.0.adoc.po, 13, 13, 86, 86, 0%
l10n/po/pt_BR/content/posts/2020/2020-09-17-intellij-quarkus-tools-1.1.0.adoc.po, 13, 13, 86, 86, 0%
l10n/po/pt_BR/content/guides/grpc-getting-started.adoc.po, 4, 52, 85, 753, 89%
l10n/po/pt_BR/content/versions/main/guides/grpc-getting-started.adoc.po, 4, 52, 85, 753, 89%
l10n/po/pt_BR/content/foundation.md.po, 9, 9, 84, 84, 0%
l10n/po/pt_BR/content/posts/2019-12-16-quarkus-newsletter-3.adoc.po, 4, 4, 84, 84, 0%
l10n/po/pt_BR/content/posts/2019/2019-12-16-quarkus-newsletter-3.adoc.po, 4, 4, 84, 84, 0%
l10n/po/pt_BR/content/versions/3.2/guides/security-identity-providers.adoc.po, 3, 13, 84, 184, 55%
l10n/po/pt_BR/content/posts/2021-01-15-intellij-quarkus-tools-1.3.0.adoc.po, 9, 9, 82, 82, 0%
l10n/po/pt_BR/content/posts/2021/2021-01-15-intellij-quarkus-tools-1.3.0.adoc.po, 9, 9, 82, 82, 0%
l10n/po/pt_BR/content/versions/2.13/guides/rabbitmq.adoc.po, 5, 87, 82, 1203, 94%
l10n/po/pt_BR/content/versions/2.16/guides/rabbitmq.adoc.po, 5, 87, 82, 1203, 94%
l10n/po/pt_BR/content/posts/2020-06-25-quarkus-newsletter-7.adoc.po, 3, 3, 81, 81, 0%
l10n/po/pt_BR/content/posts/2020/2020-06-25-quarkus-newsletter-7.adoc.po, 3, 3, 81, 81, 0%
l10n/po/pt_BR/content/posts/2021-05-27-quarkus-insights-qanda2.adoc.po, 3, 3, 81, 81, 0%
l10n/po/pt_BR/content/posts/2021/2021-05-27-quarkus-insights-qanda2.adoc.po, 3, 3, 81, 81, 0%
l10n/po/pt_BR/content/versions/3.33/guides/grpc-getting-started.adoc.po, 3, 52, 81, 753, 90%
l10n/po/pt_BR/content/versions/3.34/guides/grpc-getting-started.adoc.po, 3, 52, 81, 753, 90%
l10n/po/pt_BR/content/guides/security-identity-providers.adoc.po, 2, 13, 76, 187, 60%
l10n/po/pt_BR/content/posts/2020-02-26-quarkus-newsletter-5.adoc.po, 3, 3, 76, 76, 0%
l10n/po/pt_BR/content/posts/2020/2020-02-26-quarkus-newsletter-5.adoc.po, 3, 3, 76, 76, 0%
l10n/po/pt_BR/content/versions/3.20/guides/security-identity-providers.adoc.po, 2, 13, 76, 187, 60%
l10n/po/pt_BR/content/versions/3.27/guides/security-identity-providers.adoc.po, 2, 13, 76, 187, 60%
l10n/po/pt_BR/content/versions/3.33/guides/security-identity-providers.adoc.po, 2, 13, 76, 187, 60%
l10n/po/pt_BR/content/versions/3.34/guides/security-identity-providers.adoc.po, 2, 13, 76, 187, 60%
l10n/po/pt_BR/content/versions/main/guides/security-identity-providers.adoc.po, 2, 13, 76, 187, 60%
l10n/po/pt_BR/content/versions/3.2/guides/kafka-reactive-getting-started.adoc.po, 3, 88, 75, 1330, 95%
l10n/po/pt_BR/content/versions/3.15/guides/security-identity-providers.adoc.po, 2, 13, 74, 185, 60%
l10n/po/pt_BR/content/versions/3.8/guides/security-identity-providers.adoc.po, 2, 13, 74, 185, 60%
l10n/po/pt_BR/content/versions/2.13/guides/spring-boot-properties.adoc.po, 4, 62, 73, 715, 90%
l10n/po/pt_BR/content/posts/2022-01-13-quarkus-insights-qanda3.adoc.po, 4, 4, 72, 72, 0%
l10n/po/pt_BR/content/posts/2022/2022-01-13-quarkus-insights-qanda3.adoc.po, 4, 4, 72, 72, 0%
l10n/po/pt_BR/content/versions/main/guides/cli-tooling.adoc.po, 4, 171, 72, 2145, 97%
l10n/po/pt_BR/content/versions/2.13/guides/redis.adoc.po, 3, 90, 71, 987, 93%
l10n/po/pt_BR/content/versions/2.16/guides/redis.adoc.po, 3, 90, 71, 987, 93%
l10n/po/pt_BR/content/guides/websockets.adoc.po, 4, 55, 70, 621, 89%
l10n/po/pt_BR/content/posts/2019-05-08-welcome.adoc.po, 4, 4, 70, 70, 0%
l10n/po/pt_BR/content/posts/2019/2019-05-08-welcome.adoc.po, 4, 4, 70, 70, 0%
l10n/po/pt_BR/content/posts/2021-01-26-quarkus-newsletter-9.adoc.po, 3, 3, 70, 70, 0%
l10n/po/pt_BR/content/posts/2021/2021-01-26-quarkus-newsletter-9.adoc.po, 3, 3, 70, 70, 0%
l10n/po/pt_BR/content/versions/3.20/guides/quarkus-runtime-base-image.adoc.po, 3, 14, 70, 186, 63%
l10n/po/pt_BR/content/versions/3.20/guides/websockets.adoc.po, 4, 55, 70, 621, 89%
l10n/po/pt_BR/content/versions/3.27/guides/websockets.adoc.po, 4, 55, 70, 621, 89%
l10n/po/pt_BR/content/versions/3.33/guides/websockets.adoc.po, 4, 55, 70, 621, 89%
l10n/po/pt_BR/content/versions/3.34/guides/websockets.adoc.po, 4, 55, 70, 621, 89%
l10n/po/pt_BR/content/versions/main/guides/websockets.adoc.po, 4, 55, 70, 621, 89%
l10n/po/pt_BR/content/posts/2019-10-01-quarkus-newsletter-1.adoc.po, 4, 4, 69, 69, 0%
l10n/po/pt_BR/content/posts/2019/2019-10-01-quarkus-newsletter-1.adoc.po, 4, 4, 69, 69, 0%
l10n/po/pt_BR/content/guides/grpc-kubernetes.adoc.po, 3, 13, 68, 259, 74%
l10n/po/pt_BR/content/versions/3.15/guides/context-propagation.adoc.po, 4, 71, 68, 976, 94%
l10n/po/pt_BR/content/versions/3.20/guides/context-propagation.adoc.po, 4, 71, 68, 976, 94%
l10n/po/pt_BR/content/versions/3.27/guides/context-propagation.adoc.po, 4, 71, 68, 976, 94%
l10n/po/pt_BR/content/versions/main/guides/grpc-kubernetes.adoc.po, 3, 13, 68, 259, 74%
l10n/po/pt_BR/content/versions/3.2/guides/security-architecture.adoc.po, 6, 38, 67, 563, 89%
l10n/po/pt_BR/content/guides/spring-data-rest.adoc.po, 5, 125, 66, 1265, 95%
l10n/po/pt_BR/content/posts/2021-02-02-quarkus-insights-qanda.adoc.po, 4, 4, 66, 66, 0%
l10n/po/pt_BR/content/posts/2021/2021-02-02-quarkus-insights-qanda.adoc.po, 4, 4, 66, 66, 0%
l10n/po/pt_BR/content/versions/main/guides/spring-data-rest.adoc.po, 5, 125, 66, 1265, 95%
l10n/po/pt_BR/templates/partials/about.html.po, 8, 16, 66, 271, 76%
l10n/po/pt_BR/_data/index-docs.yaml.po, 12, 14, 65, 67, 3%
l10n/po/pt_BR/templates/partials/developer-joy.html.po, 7, 23, 65, 293, 78%
l10n/po/pt_BR/templates/partials/get-started-band-lightblue.html.po, 9, 9, 64, 64, 0%
l10n/po/pt_BR/templates/partials/get-started-band.html.po, 10, 10, 64, 64, 0%
l10n/po/pt_BR/content/versions/2.13/guides/README.adoc.po, 6, 20, 62, 187, 67%
l10n/po/pt_BR/content/versions/3.15/guides/grpc-kubernetes.adoc.po, 2, 13, 62, 259, 77%
l10n/po/pt_BR/content/versions/3.20/guides/grpc-kubernetes.adoc.po, 2, 13, 62, 259, 77%
l10n/po/pt_BR/content/versions/3.27/guides/grpc-kubernetes.adoc.po, 2, 13, 62, 259, 77%
l10n/po/pt_BR/content/versions/3.33/guides/grpc-kubernetes.adoc.po, 2, 13, 62, 259, 77%
l10n/po/pt_BR/content/versions/3.34/guides/grpc-kubernetes.adoc.po, 2, 13, 62, 259, 77%
l10n/po/pt_BR/content/versions/2.13/guides/security-enabling-basic-auth-howto.adoc.po, 7, 10, 60, 86, 31%
l10n/po/pt_BR/templates/partials/insights-band.html.po, 10, 10, 60, 60, 0%
l10n/po/pt_BR/content/versions/3.15/guides/aws-lambda.adoc.po, 4, 144, 57, 2665, 98%
l10n/po/pt_BR/content/versions/3.20/guides/aws-lambda.adoc.po, 4, 144, 57, 2665, 98%
l10n/po/pt_BR/content/versions/3.27/guides/aws-lambda.adoc.po, 4, 144, 57, 2665, 98%
l10n/po/pt_BR/content/versions/3.33/guides/aws-lambda.adoc.po, 4, 144, 57, 2665, 98%
l10n/po/pt_BR/content/versions/3.34/guides/aws-lambda.adoc.po, 4, 144, 57, 2665, 98%
l10n/po/pt_BR/content/versions/3.8/guides/aws-lambda.adoc.po, 4, 144, 57, 2665, 98%
l10n/po/pt_BR/content/versions/2.13/guides/spring-data-rest.adoc.po, 4, 120, 55, 1192, 96%
l10n/po/pt_BR/content/versions/2.16/guides/spring-data-rest.adoc.po, 4, 120, 55, 1192, 96%
l10n/po/pt_BR/content/versions/2.13/guides/security-enabling-basic-auth-tutorial.adoc.po, 6, 10, 54, 81, 34%
l10n/po/pt_BR/content/versions/3.2/guides/rabbitmq.adoc.po, 3, 87, 54, 1200, 96%
l10n/po/pt_BR/templates/partials/commonhaus-footerband.html.po, 4, 4, 51, 51, 0%
l10n/po/pt_BR/content/guides/camel.adoc.po, 2, 3, 50, 54, 8%
l10n/po/pt_BR/content/posts/2026-05-04-CVE-2026-39852.adoc.po, 7, 8, 50, 51, 2%
l10n/po/pt_BR/content/posts/2026-17-06-CVE-2026-50559.adoc.po, 7, 8, 50, 51, 2%
l10n/po/pt_BR/content/posts/2026/2026-05-04-CVE-2026-39852.adoc.po, 7, 8, 50, 51, 2%
l10n/po/pt_BR/content/posts/2026/2026-17-06-CVE-2026-50559.adoc.po, 7, 8, 50, 51, 2%
l10n/po/pt_BR/content/versions/2.13/guides/camel.adoc.po, 2, 3, 50, 54, 8%
l10n/po/pt_BR/content/versions/2.16/guides/camel.adoc.po, 2, 3, 50, 54, 8%
l10n/po/pt_BR/content/versions/3.15/guides/camel.adoc.po, 2, 3, 50, 54, 8%
l10n/po/pt_BR/content/versions/3.2/guides/amazon-lambda.adoc.po, 4, 144, 50, 2668, 99%
l10n/po/pt_BR/content/versions/3.2/guides/camel.adoc.po, 2, 3, 50, 54, 8%
l10n/po/pt_BR/content/versions/3.20/guides/camel.adoc.po, 2, 3, 50, 54, 8%
l10n/po/pt_BR/content/versions/3.27/guides/camel.adoc.po, 2, 3, 50, 54, 8%
l10n/po/pt_BR/content/versions/3.33/guides/camel.adoc.po, 2, 3, 50, 54, 8%
l10n/po/pt_BR/content/versions/3.34/guides/camel.adoc.po, 2, 3, 50, 54, 8%
l10n/po/pt_BR/content/versions/3.8/guides/camel.adoc.po, 2, 3, 50, 54, 8%
l10n/po/pt_BR/content/versions/main/guides/camel.adoc.po, 2, 3, 50, 54, 8%
l10n/po/pt_BR/content/guides/funqy-azure-functions-http.adoc.po, 2, 6, 49, 109, 56%
l10n/po/pt_BR/content/versions/main/guides/funqy-azure-functions-http.adoc.po, 2, 6, 49, 109, 56%
l10n/po/pt_BR/templates/partials/homepage-features-band.html.po, 5, 21, 49, 194, 75%
l10n/po/pt_BR/templates/partials/homepage-userstory-callout.html.po, 12, 12, 45, 45, 0%
l10n/po/pt_BR/content/versions/2.13/guides/quarkus-runtime-base-image.adoc.po, 1, 14, 44, 187, 77%
l10n/po/pt_BR/content/versions/3.8/guides/rabbitmq.adoc.po, 2, 92, 44, 1264, 97%
l10n/po/pt_BR/content/guides/funqy-aws-lambda-http.adoc.po, 1, 14, 43, 264, 84%
l10n/po/pt_BR/content/versions/2.13/guides/funqy-azure-functions-http.adoc.po, 1, 6, 43, 109, 61%
l10n/po/pt_BR/content/versions/2.16/guides/funqy-azure-functions-http.adoc.po, 1, 6, 43, 109, 61%
l10n/po/pt_BR/content/versions/3.15/guides/funqy-aws-lambda-http.adoc.po, 1, 14, 43, 264, 84%
l10n/po/pt_BR/content/versions/3.15/guides/funqy-azure-functions-http.adoc.po, 1, 6, 43, 109, 61%
l10n/po/pt_BR/content/versions/3.15/guides/redis.adoc.po, 1, 93, 43, 1013, 96%
l10n/po/pt_BR/content/versions/3.2/guides/funqy-azure-functions-http.adoc.po, 1, 6, 43, 109, 61%
l10n/po/pt_BR/content/versions/3.2/guides/redis.adoc.po, 1, 90, 43, 984, 96%
l10n/po/pt_BR/content/versions/3.20/guides/funqy-aws-lambda-http.adoc.po, 1, 14, 43, 264, 84%
l10n/po/pt_BR/content/versions/3.20/guides/funqy-azure-functions-http.adoc.po, 1, 6, 43, 109, 61%
l10n/po/pt_BR/content/versions/3.20/guides/redis.adoc.po, 1, 93, 43, 1013, 96%
l10n/po/pt_BR/content/versions/3.27/guides/funqy-aws-lambda-http.adoc.po, 1, 14, 43, 264, 84%
l10n/po/pt_BR/content/versions/3.27/guides/funqy-azure-functions-http.adoc.po, 1, 6, 43, 109, 61%
l10n/po/pt_BR/content/versions/3.33/guides/funqy-aws-lambda-http.adoc.po, 1, 14, 43, 264, 84%
l10n/po/pt_BR/content/versions/3.33/guides/funqy-azure-functions-http.adoc.po, 1, 6, 43, 109, 61%
l10n/po/pt_BR/content/versions/3.34/guides/funqy-aws-lambda-http.adoc.po, 1, 14, 43, 264, 84%
l10n/po/pt_BR/content/versions/3.34/guides/funqy-azure-functions-http.adoc.po, 1, 6, 43, 109, 61%
l10n/po/pt_BR/content/versions/3.8/guides/funqy-aws-lambda-http.adoc.po, 1, 14, 43, 264, 84%
l10n/po/pt_BR/content/versions/3.8/guides/funqy-azure-functions-http.adoc.po, 1, 6, 43, 109, 61%
l10n/po/pt_BR/content/versions/3.8/guides/redis.adoc.po, 1, 93, 43, 1013, 96%
l10n/po/pt_BR/content/versions/main/guides/funqy-aws-lambda-http.adoc.po, 1, 14, 43, 264, 84%
l10n/po/pt_BR/content/versions/2.16/guides/spring-boot-properties.adoc.po, 3, 62, 41, 712, 95%
l10n/po/pt_BR/templates/partials/publication-entries.html.po, 13, 13, 40, 40, 0%
l10n/po/pt_BR/content/guides/grpc-cli.adoc.po, 8, 9, 39, 40, 3%
l10n/po/pt_BR/content/versions/3.15/guides/grpc-cli.adoc.po, 8, 9, 39, 40, 3%
l10n/po/pt_BR/content/versions/3.15/guides/grpc-getting-started.adoc.po, 1, 52, 39, 782, 96%
l10n/po/pt_BR/content/versions/3.2/guides/lra.adoc.po, 1, 20, 39, 940, 96%
l10n/po/pt_BR/content/versions/3.20/guides/grpc-cli.adoc.po, 8, 9, 39, 40, 3%
l10n/po/pt_BR/content/versions/3.20/guides/grpc-getting-started.adoc.po, 1, 52, 39, 782, 96%
l10n/po/pt_BR/content/versions/3.27/guides/grpc-cli.adoc.po, 8, 9, 39, 40, 3%
l10n/po/pt_BR/content/versions/3.27/guides/grpc-getting-started.adoc.po, 1, 52, 39, 782, 96%
l10n/po/pt_BR/content/versions/3.33/guides/grpc-cli.adoc.po, 8, 9, 39, 40, 3%
l10n/po/pt_BR/content/versions/3.34/guides/grpc-cli.adoc.po, 8, 9, 39, 40, 3%
l10n/po/pt_BR/content/versions/3.8/guides/lra.adoc.po, 1, 20, 39, 940, 96%
l10n/po/pt_BR/content/versions/main/guides/grpc-cli.adoc.po, 8, 9, 39, 40, 3%
l10n/po/pt_BR/templates/partials/homepage-hero-newrelease-band.html.po, 6, 6, 39, 39, 0%
l10n/po/pt_BR/templates/partials/project-footer.html.po, 14, 14, 39, 39, 0%
l10n/po/pt_BR/content/ai-quarkus-for-ai.md.po, 4, 4, 38, 38, 0%
l10n/po/pt_BR/content/guides/tooling.adoc.po, 6, 18, 38, 151, 75%
l10n/po/pt_BR/content/versions/3.15/guides/getting-started-reactive.adoc.po, 3, 78, 38, 1660, 98%
l10n/po/pt_BR/content/versions/3.20/guides/getting-started-reactive.adoc.po, 3, 78, 38, 1660, 98%
l10n/po/pt_BR/content/versions/3.27/guides/getting-started-reactive.adoc.po, 3, 78, 38, 1660, 98%
l10n/po/pt_BR/content/versions/3.33/guides/getting-started-reactive.adoc.po, 3, 78, 38, 1660, 98%
l10n/po/pt_BR/content/versions/3.34/guides/getting-started-reactive.adoc.po, 3, 78, 38, 1660, 98%
l10n/po/pt_BR/content/versions/3.8/guides/kafka-reactive-getting-started.adoc.po, 2, 91, 38, 1376, 98%
l10n/po/pt_BR/content/versions/main/guides/tooling.adoc.po, 6, 18, 38, 151, 75%
l10n/po/pt_BR/content/versions/2.13/guides/tooling.adoc.po, 5, 18, 37, 153, 76%
l10n/po/pt_BR/content/versions/2.16/guides/tooling.adoc.po, 5, 18, 37, 153, 76%
l10n/po/pt_BR/content/versions/3.2/guides/cdi-integration.adoc.po, 5, 142, 37, 2421, 99%
l10n/po/pt_BR/content/versions/3.2/guides/tooling.adoc.po, 5, 18, 37, 153, 76%
l10n/po/pt_BR/templates/partials/homepage-ai-band.html.po, 4, 4, 37, 37, 0%
l10n/po/pt_BR/content/versions/3.15/guides/pulsar-dev-services.adoc.po, 1, 21, 36, 299, 88%
l10n/po/pt_BR/content/versions/3.2/guides/security-vulnerability-detection.adoc.po, 3, 19, 36, 252, 86%
l10n/po/pt_BR/content/versions/3.15/guides/tooling.adoc.po, 5, 18, 35, 151, 77%
l10n/po/pt_BR/content/versions/3.20/guides/tooling.adoc.po, 5, 18, 35, 151, 77%
l10n/po/pt_BR/content/versions/3.27/guides/tooling.adoc.po, 5, 18, 35, 151, 77%
l10n/po/pt_BR/content/versions/3.33/guides/tooling.adoc.po, 5, 18, 35, 151, 77%
l10n/po/pt_BR/content/versions/3.34/guides/tooling.adoc.po, 5, 18, 35, 151, 77%
l10n/po/pt_BR/content/versions/3.8/guides/tooling.adoc.po, 5, 18, 35, 151, 77%
l10n/po/pt_BR/_data/cheatsheets.yaml.po, 11, 11, 34, 34, 0%
l10n/po/pt_BR/_data/event_worldtour_hero.yaml.po, 2, 2, 34, 34, 0%
l10n/po/pt_BR/content/versions/3.20/guides/observability.adoc.po, 3, 57, 34, 627, 95%
l10n/po/pt_BR/content/versions/2.16/guides/kafka-dev-ui.adoc.po, 1, 7, 32, 71, 55%
l10n/po/pt_BR/content/versions/3.2/guides/kafka-dev-ui.adoc.po, 1, 7, 32, 71, 55%
l10n/po/pt_BR/content/versions/3.27/guides/config-yaml.adoc.po, 1, 32, 32, 531, 94%
l10n/po/pt_BR/content/versions/3.8/guides/kafka-dev-ui.adoc.po, 1, 7, 32, 71, 55%
l10n/po/pt_BR/content/guides/observability.adoc.po, 2, 57, 31, 630, 96%
l10n/po/pt_BR/content/versions/3.2/guides/security-basic-authentication-howto.adoc.po, 1, 24, 31, 266, 89%
l10n/po/pt_BR/content/versions/3.33/guides/observability.adoc.po, 2, 57, 31, 630, 96%
l10n/po/pt_BR/content/versions/3.34/guides/observability.adoc.po, 2, 57, 31, 630, 96%
l10n/po/pt_BR/_data/siteConfig.yml.po, 23, 27, 28, 32, 13%
l10n/po/pt_BR/content/guides/security-vulnerability-detection.adoc.po, 2, 19, 28, 252, 89%
l10n/po/pt_BR/content/versions/2.13/guides/spring-scheduled.adoc.po, 2, 67, 28, 806, 97%
l10n/po/pt_BR/content/versions/2.16/guides/spring-scheduled.adoc.po, 2, 67, 28, 806, 97%
l10n/po/pt_BR/content/versions/3.15/guides/security-vulnerability-detection.adoc.po, 2, 19, 28, 252, 89%
l10n/po/pt_BR/content/versions/3.20/guides/security-vulnerability-detection.adoc.po, 2, 19, 28, 252, 89%
l10n/po/pt_BR/content/versions/3.27/guides/observability.adoc.po, 2, 57, 28, 627, 96%
l10n/po/pt_BR/content/versions/3.27/guides/security-vulnerability-detection.adoc.po, 2, 19, 28, 252, 89%
l10n/po/pt_BR/content/versions/3.33/guides/security-vulnerability-detection.adoc.po, 2, 19, 28, 252, 89%
l10n/po/pt_BR/content/versions/3.34/guides/security-vulnerability-detection.adoc.po, 2, 19, 28, 252, 89%
l10n/po/pt_BR/content/versions/3.8/guides/security-vulnerability-detection.adoc.po, 2, 19, 28, 252, 89%
l10n/po/pt_BR/content/versions/main/guides/security-vulnerability-detection.adoc.po, 2, 19, 28, 252, 89%
l10n/po/pt_BR/templates/partials/userstories-band.html.po, 11, 11, 26, 26, 0%
l10n/po/pt_BR/templates/partials/homepage-hero-band-ssjprime.html.po, 5, 9, 24, 51, 53%
l10n/po/pt_BR/templates/partials/homepage-imperative_and_reactive-band.html.po, 2, 6, 24, 46, 48%
l10n/po/pt_BR/content/qtips.md.po, 3, 3, 23, 23, 0%
l10n/po/pt_BR/templates/partials/homepage-developer_joy-band.html.po, 3, 10, 23, 63, 64%
l10n/po/pt_BR/_data/publication-entries.yaml.po, 1, 1, 21, 21, 0%
l10n/po/pt_BR/content/userstories.md.po, 3, 3, 21, 21, 0%
l10n/po/pt_BR/content/versions/2.13/guides/spring-cache.adoc.po, 1, 58, 20, 738, 98%
l10n/po/pt_BR/content/versions/2.16/guides/config-mappings.adoc.po, 5, 54, 20, 742, 98%
l10n/po/pt_BR/content/versions/2.16/guides/spring-cache.adoc.po, 1, 58, 20, 738, 98%
l10n/po/pt_BR/templates/partials/homepage-container_first-band.html.po, 2, 4, 19, 69, 73%
l10n/po/pt_BR/templates/partials/homepage-hero-band.html.po, 3, 5, 19, 24, 21%
l10n/po/pt_BR/templates/partials/training-band.html.po, 10, 10, 19, 19, 0%
l10n/po/pt_BR/content/ai-ai-blueprints.md.po, 4, 4, 18, 18, 0%
l10n/po/pt_BR/content/versions/3.2/guides/rest-client-reactive.adoc.po, 2, 228, 18, 4038, 100%
l10n/po/pt_BR/content/ai-blueprints-chainofthought.md.po, 4, 4, 17, 17, 0%
l10n/po/pt_BR/content/ai-contextual-rag.md.po, 4, 4, 17, 17, 0%
l10n/po/pt_BR/content/ai-getting-started-with-ai.md.po, 4, 4, 17, 17, 0%
l10n/po/pt_BR/content/guides/spring-cache.adoc.po, 3, 63, 17, 775, 98%
l10n/po/pt_BR/content/guides/spring-scheduled.adoc.po, 3, 72, 17, 843, 98%
l10n/po/pt_BR/content/insights.md.po, 3, 3, 17, 17, 0%
l10n/po/pt_BR/content/versions/main/guides/spring-cache.adoc.po, 3, 63, 17, 775, 98%
l10n/po/pt_BR/content/versions/main/guides/spring-scheduled.adoc.po, 3, 72, 17, 843, 98%
l10n/po/pt_BR/content/ai-blueprints-contextualrag.md.po, 4, 4, 16, 16, 0%
l10n/po/pt_BR/content/ai-overview.md.po, 4, 4, 16, 16, 0%
l10n/po/pt_BR/content/discussion.md.po, 2, 3, 16, 19, 16%
l10n/po/pt_BR/content/spring-migrate.md.po, 4, 4, 16, 16, 0%
l10n/po/pt_BR/content/versions/3.27/guides/apicurio-registry-dev-services.adoc.po, 2, 21, 16, 366, 96%
l10n/po/pt_BR/_data/guides.yaml.po, 5, 5, 15, 15, 0%
l10n/po/pt_BR/content/ai-blueprints-frozenrag.md.po, 4, 4, 14, 14, 0%
l10n/po/pt_BR/content/ai-chain-of-thought.md.po, 4, 4, 14, 14, 0%
l10n/po/pt_BR/content/guides/podman.adoc.po, 2, 25, 14, 876, 99%
l10n/po/pt_BR/content/versions/3.33/guides/podman.adoc.po, 2, 25, 14, 876, 99%
l10n/po/pt_BR/content/versions/main/guides/podman.adoc.po, 2, 25, 14, 876, 99%
l10n/po/pt_BR/templates/partials/events-discussions-band.html.po, 1, 1, 14, 14, 0%
l10n/po/pt_BR/content/brand.md.po, 3, 3, 13, 13, 0%
l10n/po/pt_BR/content/get-started.md.po, 3, 3, 13, 13, 0%
l10n/po/pt_BR/content/guides/cli-tooling.adoc.po, 2, 169, 13, 2086, 100%
l10n/po/pt_BR/content/performance.md.po, 3, 3, 13, 13, 0%
l10n/po/pt_BR/content/versions/3.15/guides/cli-tooling.adoc.po, 2, 165, 13, 2004, 100%
l10n/po/pt_BR/content/versions/3.20/guides/cli-tooling.adoc.po, 2, 165, 13, 2004, 100%
l10n/po/pt_BR/content/versions/3.27/guides/cli-tooling.adoc.po, 2, 169, 13, 2086, 100%
l10n/po/pt_BR/content/versions/3.27/guides/redis.adoc.po, 1, 93, 13, 983, 99%
l10n/po/pt_BR/content/versions/3.33/guides/cli-tooling.adoc.po, 2, 169, 13, 2086, 100%
l10n/po/pt_BR/content/versions/3.33/guides/redis.adoc.po, 1, 93, 13, 983, 99%
l10n/po/pt_BR/content/versions/3.34/guides/cli-tooling.adoc.po, 2, 169, 13, 2086, 100%
l10n/po/pt_BR/content/versions/3.34/guides/redis.adoc.po, 1, 93, 13, 983, 99%
l10n/po/pt_BR/content/versions/3.8/guides/cli-tooling.adoc.po, 2, 165, 13, 2004, 100%
l10n/po/pt_BR/_data/getstarted-nextsteps.yaml.po, 2, 27, 12, 154, 93%
l10n/po/pt_BR/content/ai-agentic.md.po, 4, 4, 12, 12, 0%
l10n/po/pt_BR/content/benefactors.md.po, 3, 3, 12, 12, 0%
l10n/po/pt_BR/content/releases.md.po, 3, 3, 12, 12, 0%
l10n/po/pt_BR/templates/partials/newsletter-band.html.po, 6, 6, 12, 12, 0%
l10n/po/pt_BR/content/desktopwallpapers.md.po, 3, 3, 11, 11, 0%
l10n/po/pt_BR/content/eol.md.po, 3, 3, 11, 11, 0%
l10n/po/pt_BR/content/guides/spring-boot-properties.adoc.po, 2, 67, 11, 750, 99%
l10n/po/pt_BR/content/index.md.po, 4, 4, 11, 11, 0%
l10n/po/pt_BR/content/spring.md.po, 3, 3, 11, 11, 0%
l10n/po/pt_BR/content/versions/main/guides/spring-boot-properties.adoc.po, 2, 67, 11, 750, 99%
l10n/po/pt_BR/_data/getstarted-videos.yaml.po, 6, 21, 10, 83, 88%
l10n/po/pt_BR/content/versions/main/guides/grpc.adoc.po, 1, 17, 10, 143, 94%
l10n/po/pt_BR/content/wg.md.po, 4, 4, 9, 9, 0%
l10n/po/pt_BR/content/versions/3.2/guides/spring-data-rest.adoc.po, 1, 120, 8, 1189, 100%
l10n/po/pt_BR/content/versions/3.8/guides/spring-data-rest.adoc.po, 1, 123, 8, 1218, 100%
l10n/po/pt_BR/content/guides/grpc-virtual-threads.adoc.po, 1, 14, 7, 324, 98%
l10n/po/pt_BR/content/versions/main/guides/grpc-virtual-threads.adoc.po, 1, 14, 7, 324, 98%
l10n/po/pt_BR/templates/partials/feedback-community-band.html.po, 1, 12, 7, 113, 94%
l10n/po/pt_BR/_data/recent-posts-band.yaml.po, 2, 2, 6, 6, 0%
l10n/po/pt_BR/content/1kcontributors.md.po, 3, 3, 6, 6, 0%
l10n/po/pt_BR/content/ai-java-for-ai.md.po, 3, 3, 6, 6, 0%
l10n/po/pt_BR/content/support.md.po, 2, 2, 6, 6, 0%
l10n/po/pt_BR/content/usage_policy.md.po, 3, 3, 6, 6, 0%
l10n/po/pt_BR/content/versions/main/guides/guides.md.po, 2, 3, 6, 7, 15%
l10n/po/pt_BR/content/versions/3.15/guides/podman.adoc.po, 1, 25, 5, 876, 100%
l10n/po/pt_BR/content/versions/3.2/guides/podman.adoc.po, 1, 28, 5, 892, 100%
l10n/po/pt_BR/content/versions/3.20/guides/podman.adoc.po, 1, 25, 5, 876, 100%
l10n/po/pt_BR/content/versions/3.27/guides/podman.adoc.po, 1, 25, 5, 876, 100%
l10n/po/pt_BR/content/versions/3.34/guides/podman.adoc.po, 1, 25, 5, 876, 100%
l10n/po/pt_BR/content/versions/3.8/guides/podman.adoc.po, 1, 28, 5, 892, 100%
l10n/po/pt_BR/_data/getstarted-guides.yaml.po, 4, 15, 4, 105, 97%
l10n/po/pt_BR/content/author.md.po, 4, 5, 4, 5, 20%
l10n/po/pt_BR/content/blog.md.po, 4, 5, 4, 5, 20%
l10n/po/pt_BR/content/guides/config-mappings.adoc.po, 4, 56, 4, 784, 100%
l10n/po/pt_BR/content/guides/lra.adoc.po, 1, 20, 4, 940, 100%
l10n/po/pt_BR/content/versions/2.16/guides/kubernetes-dev-services.adoc.po, 1, 17, 4, 334, 99%
l10n/po/pt_BR/content/versions/3.15/guides/config-mappings.adoc.po, 4, 56, 4, 763, 100%
l10n/po/pt_BR/content/versions/3.2/guides/config-mappings.adoc.po, 4, 54, 4, 743, 100%
l10n/po/pt_BR/content/versions/3.20/guides/config-mappings.adoc.po, 4, 56, 4, 784, 100%
l10n/po/pt_BR/content/versions/3.27/guides/config-mappings.adoc.po, 4, 56, 4, 784, 100%
l10n/po/pt_BR/content/versions/3.33/guides/config-mappings.adoc.po, 4, 56, 4, 784, 100%
l10n/po/pt_BR/content/versions/3.34/guides/config-mappings.adoc.po, 4, 56, 4, 784, 100%
l10n/po/pt_BR/content/versions/3.8/guides/config-mappings.adoc.po, 4, 56, 4, 763, 100%
l10n/po/pt_BR/content/versions/3.8/guides/context-propagation.adoc.po, 1, 71, 4, 973, 100%
l10n/po/pt_BR/content/versions/main/guides/lra.adoc.po, 1, 20, 4, 940, 100%
l10n/po/pt_BR/templates/partials/homepage-extensions-band.html.po, 1, 3, 4, 46, 92%
l10n/po/pt_BR/content/stickers.md.po, 2, 2, 3, 3, 0%
l10n/po/pt_BR/templates/partials/homepage-performance-band.html.po, 1, 2, 3, 7, 58%
l10n/po/pt_BR/content/404.md.po, 2, 6, 2, 24, 92%
l10n/po/pt_BR/content/redirects/awards.md.po, 2, 2, 2, 2, 0%
l10n/po/pt_BR/content/redirects/community.md.po, 2, 2, 2, 2, 0%
l10n/po/pt_BR/content/redirects/continuum.md.po, 2, 2, 2, 2, 0%
l10n/po/pt_BR/content/redirects/extensions.md.po, 2, 2, 2, 2, 0%
l10n/po/pt_BR/content/redirects/github.md.po, 2, 2, 2, 2, 0%
l10n/po/pt_BR/content/redirects/guides/security-built-in-authentication.md.po, 2, 2, 2, 2, 0%
l10n/po/pt_BR/content/redirects/guides/security-oidc-bearer-authentication-concept.md.po, 2, 2, 2, 2, 0%
l10n/po/pt_BR/content/redirects/migrate-to-quarkus.md.po, 2, 2, 2, 2, 0%
l10n/po/pt_BR/content/redirects/roadmap.md.po, 2, 2, 2, 2, 0%
l10n/po/pt_BR/content/redirects/worldtour.md.po, 2, 2, 2, 2, 0%
l10n/po/pt_BR/content/security-openid-connect-web-authentication.md.po, 2, 2, 2, 2, 0%
l10n/po/pt_BR/templates/partials/container-first.html.po, 1, 16, 2, 544, 100%
l10n/po/pt_BR/_data/callout-quotes.yaml.po, 1, 3, 1, 55, 99%
l10n/po/pt_BR/content/about.md.po, 1, 3, 1, 11, 91%
l10n/po/pt_BR/content/books.md.po, 1, 3, 1, 28, 97%
l10n/po/pt_BR/content/components.md.po, 1, 2, 1, 2, 50%
l10n/po/pt_BR/content/container-first.md.po, 1, 3, 1, 15, 94%
l10n/po/pt_BR/content/developer-joy.md.po, 1, 3, 1, 10, 90%
l10n/po/pt_BR/content/events.md.po, 1, 3, 1, 13, 93%
l10n/po/pt_BR/content/guides/guides.md.po, 1, 3, 1, 5, 80%
l10n/po/pt_BR/content/kubernetes-native.md.po, 1, 3, 1, 11, 91%
l10n/po/pt_BR/content/newsletter.md.po, 1, 4, 1, 18, 95%
l10n/po/pt_BR/content/quarkus2.md.po, 1, 3, 1, 27, 97%
l10n/po/pt_BR/content/quarkus3.md.po, 1, 3, 1, 27, 97%
l10n/po/pt_BR/content/redirects/guides/amazon-dynamodb.md.po, 1, 2, 1, 2, 50%
l10n/po/pt_BR/content/redirects/guides/amazon-iam.md.po, 1, 2, 1, 2, 50%
l10n/po/pt_BR/content/redirects/guides/amazon-kms.md.po, 1, 2, 1, 2, 50%
l10n/po/pt_BR/content/redirects/guides/amazon-s3.md.po, 1, 2, 1, 2, 50%
l10n/po/pt_BR/content/redirects/guides/amazon-ses.md.po, 1, 2, 1, 2, 50%
l10n/po/pt_BR/content/redirects/guides/amazon-sns.md.po, 1, 2, 1, 2, 50%
l10n/po/pt_BR/content/redirects/guides/amazon-sqs.md.po, 1, 2, 1, 2, 50%
l10n/po/pt_BR/content/redirects/guides/amazon-ssm.md.po, 1, 2, 1, 2, 50%
l10n/po/pt_BR/content/redirects/guides/consul-config.md.po, 1, 2, 1, 2, 50%
l10n/po/pt_BR/content/redirects/guides/jgit.md.po, 1, 2, 1, 2, 50%
l10n/po/pt_BR/content/redirects/guides/logging-sentry.md.po, 1, 2, 1, 2, 50%
l10n/po/pt_BR/content/redirects/guides/micrometer.md.po, 1, 2, 1, 2, 50%
l10n/po/pt_BR/content/redirects/guides/neo4j.md.po, 1, 2, 1, 2, 50%
l10n/po/pt_BR/content/redirects/guides/security-getting-started.md.po, 1, 2, 1, 2, 50%
l10n/po/pt_BR/content/redirects/guides/security.md.po, 1, 2, 1, 2, 50%
l10n/po/pt_BR/content/redirects/guides/tika.md.po, 1, 2, 1, 2, 50%
l10n/po/pt_BR/content/redirects/guides/vault-auth.md.po, 1, 2, 1, 2, 50%
l10n/po/pt_BR/content/redirects/guides/vault-datasource.md.po, 1, 2, 1, 2, 50%
l10n/po/pt_BR/content/redirects/guides/vault-pki.md.po, 1, 2, 1, 2, 50%
l10n/po/pt_BR/content/redirects/guides/vault-transit.md.po, 1, 2, 1, 2, 50%
l10n/po/pt_BR/content/redirects/guides/vault.md.po, 1, 2, 1, 2, 50%
l10n/po/pt_BR/content/socials.md.po, 1, 3, 1, 19, 95%
l10n/po/pt_BR/content/standards.md.po, 1, 3, 1, 9, 89%
l10n/po/pt_BR/content/versions/2.13/guides/guides.md.po, 1, 3, 1, 3, 67%
l10n/po/pt_BR/content/versions/2.16/guides/guides.md.po, 1, 3, 1, 3, 67%
l10n/po/pt_BR/content/versions/3.15/guides/guides.md.po, 1, 3, 1, 3, 67%
l10n/po/pt_BR/content/versions/3.2/guides/guides.md.po, 1, 3, 1, 3, 67%
l10n/po/pt_BR/content/versions/3.20/guides/guides.md.po, 1, 3, 1, 3, 67%
l10n/po/pt_BR/content/versions/3.27/guides/guides.md.po, 1, 3, 1, 3, 67%
l10n/po/pt_BR/content/versions/3.33/guides/guides.md.po, 1, 3, 1, 3, 67%
l10n/po/pt_BR/content/versions/3.34/guides/guides.md.po, 1, 3, 1, 3, 67%
l10n/po/pt_BR/content/versions/3.8/guides/guides.md.po, 1, 3, 1, 3, 67%
l10n/po/pt_BR/_data/1kcontributor-list.yaml.po, 0, 3934, 0, 4858, 100%
l10n/po/pt_BR/_data/languages.yaml.po, 0, 1, 0, 20, 100%
l10n/po/pt_BR/content/guides/README.adoc.po, 0, 21, 0, 195, 100%
l10n/po/pt_BR/content/guides/deploying-to-heroku.adoc.po, 0, 85, 0, 1181, 100%
l10n/po/pt_BR/content/guides/doc-concept.adoc.po, 0, 41, 0, 605, 100%
l10n/po/pt_BR/content/guides/drools.adoc.po, 0, 73, 0, 1582, 100%
l10n/po/pt_BR/content/guides/grpc.adoc.po, 0, 19, 0, 151, 100%
l10n/po/pt_BR/content/guides/kafka-dev-ui.adoc.po, 0, 7, 0, 71, 100%
l10n/po/pt_BR/content/guides/redis.adoc.po, 0, 90, 0, 954, 100%
l10n/po/pt_BR/content/guides/security-basic-authentication.adoc.po, 0, 36, 0, 528, 100%
l10n/po/pt_BR/content/guides/security-overview.adoc.po, 0, 48, 0, 691, 100%
l10n/po/pt_BR/content/guides/telemetry-examples.yaml.po, 0, 2, 0, 2, 100%
l10n/po/pt_BR/content/posts/2021-12-03-quarkus-devservices-testcontainers-podman.adoc.po, 0, 29, 0, 657, 100%
l10n/po/pt_BR/content/posts/2021/2021-12-03-quarkus-devservices-testcontainers-podman.adoc.po, 0, 29, 0, 657, 100%
l10n/po/pt_BR/content/versions/2.13/guides/amqp-dev-services.adoc.po, 0, 16, 0, 268, 100%
l10n/po/pt_BR/content/versions/2.13/guides/apicurio-registry-dev-services.adoc.po, 0, 19, 0, 350, 100%
l10n/po/pt_BR/content/versions/2.13/guides/grpc.adoc.po, 0, 12, 0, 122, 100%
l10n/po/pt_BR/content/versions/2.13/guides/telemetry-examples.yaml.po, 0, 2, 0, 2, 100%
l10n/po/pt_BR/content/versions/2.13/guides/upx.adoc.po, 0, 26, 0, 293, 100%
l10n/po/pt_BR/content/versions/2.16/guides/README.adoc.po, 0, 21, 0, 195, 100%
l10n/po/pt_BR/content/versions/2.16/guides/amqp-dev-services.adoc.po, 0, 16, 0, 268, 100%
l10n/po/pt_BR/content/versions/2.16/guides/apicurio-registry-dev-services.adoc.po, 0, 19, 0, 350, 100%
l10n/po/pt_BR/content/versions/2.16/guides/doc-concept.adoc.po, 0, 41, 0, 605, 100%
l10n/po/pt_BR/content/versions/2.16/guides/grpc.adoc.po, 0, 14, 0, 130, 100%
l10n/po/pt_BR/content/versions/2.16/guides/podman.adoc.po, 0, 34, 0, 619, 100%
l10n/po/pt_BR/content/versions/2.16/guides/quarkus-runtime-base-image.adoc.po, 0, 14, 0, 186, 100%
l10n/po/pt_BR/content/versions/2.16/guides/telemetry-examples.yaml.po, 0, 2, 0, 2, 100%
l10n/po/pt_BR/content/versions/2.16/guides/upx.adoc.po, 0, 26, 0, 293, 100%
l10n/po/pt_BR/content/versions/3.15/guides/README.adoc.po, 0, 21, 0, 195, 100%
l10n/po/pt_BR/content/versions/3.15/guides/amqp-dev-services.adoc.po, 0, 16, 0, 268, 100%
l10n/po/pt_BR/content/versions/3.15/guides/apicurio-registry-dev-services.adoc.po, 0, 19, 0, 350, 100%
l10n/po/pt_BR/content/versions/3.15/guides/config-yaml.adoc.po, 0, 31, 0, 499, 100%
l10n/po/pt_BR/content/versions/3.15/guides/doc-concept.adoc.po, 0, 41, 0, 605, 100%
l10n/po/pt_BR/content/versions/3.15/guides/grpc-virtual-threads.adoc.po, 0, 14, 0, 324, 100%
l10n/po/pt_BR/content/versions/3.15/guides/grpc.adoc.po, 0, 19, 0, 151, 100%
l10n/po/pt_BR/content/versions/3.15/guides/init-tasks.adoc.po, 0, 32, 0, 603, 100%
l10n/po/pt_BR/content/versions/3.15/guides/kafka-dev-ui.adoc.po, 0, 7, 0, 71, 100%
l10n/po/pt_BR/content/versions/3.15/guides/kafka-getting-started.adoc.po, 0, 91, 0, 1380, 100%
l10n/po/pt_BR/content/versions/3.15/guides/kubernetes-dev-services.adoc.po, 0, 17, 0, 334, 100%
l10n/po/pt_BR/content/versions/3.15/guides/lra.adoc.po, 0, 20, 0, 940, 100%
l10n/po/pt_BR/content/versions/3.15/guides/quarkus-runtime-base-image.adoc.po, 0, 14, 0, 186, 100%
l10n/po/pt_BR/content/versions/3.15/guides/security-basic-authentication-howto.adoc.po, 0, 24, 0, 268, 100%
l10n/po/pt_BR/content/versions/3.15/guides/security-basic-authentication.adoc.po, 0, 32, 0, 470, 100%
l10n/po/pt_BR/content/versions/3.15/guides/security-overview.adoc.po, 0, 48, 0, 691, 100%
l10n/po/pt_BR/content/versions/3.15/guides/spring-boot-properties.adoc.po, 0, 65, 0, 739, 100%
l10n/po/pt_BR/content/versions/3.15/guides/spring-cache.adoc.po, 0, 61, 0, 764, 100%
l10n/po/pt_BR/content/versions/3.15/guides/spring-data-rest.adoc.po, 0, 124, 0, 1249, 100%
l10n/po/pt_BR/content/versions/3.15/guides/spring-scheduled.adoc.po, 0, 70, 0, 832, 100%
l10n/po/pt_BR/content/versions/3.15/guides/telemetry-examples.yaml.po, 0, 2, 0, 2, 100%
l10n/po/pt_BR/content/versions/3.15/guides/upx.adoc.po, 0, 26, 0, 293, 100%
l10n/po/pt_BR/content/versions/3.15/guides/websockets.adoc.po, 0, 53, 0, 585, 100%
l10n/po/pt_BR/content/versions/3.2/guides/README.adoc.po, 0, 21, 0, 195, 100%
l10n/po/pt_BR/content/versions/3.2/guides/amqp-dev-services.adoc.po, 0, 16, 0, 268, 100%
l10n/po/pt_BR/content/versions/3.2/guides/apicurio-registry-dev-services.adoc.po, 0, 19, 0, 350, 100%
l10n/po/pt_BR/content/versions/3.2/guides/doc-concept.adoc.po, 0, 41, 0, 605, 100%
l10n/po/pt_BR/content/versions/3.2/guides/getting-started-reactive.adoc.po, 0, 78, 0, 1657, 100%
l10n/po/pt_BR/content/versions/3.2/guides/grpc-kubernetes.adoc.po, 0, 13, 0, 258, 100%
l10n/po/pt_BR/content/versions/3.2/guides/grpc.adoc.po, 0, 16, 0, 140, 100%
l10n/po/pt_BR/content/versions/3.2/guides/kubernetes-dev-services.adoc.po, 0, 17, 0, 334, 100%
l10n/po/pt_BR/content/versions/3.2/guides/quarkus-runtime-base-image.adoc.po, 0, 14, 0, 186, 100%
l10n/po/pt_BR/content/versions/3.2/guides/spring-boot-properties.adoc.po, 0, 62, 0, 710, 100%
l10n/po/pt_BR/content/versions/3.2/guides/spring-cache.adoc.po, 0, 58, 0, 735, 100%
l10n/po/pt_BR/content/versions/3.2/guides/spring-scheduled.adoc.po, 0, 67, 0, 803, 100%
l10n/po/pt_BR/content/versions/3.2/guides/telemetry-examples.yaml.po, 0, 2, 0, 2, 100%
l10n/po/pt_BR/content/versions/3.2/guides/upx.adoc.po, 0, 26, 0, 293, 100%
l10n/po/pt_BR/content/versions/3.2/guides/websockets.adoc.po, 0, 50, 0, 556, 100%
l10n/po/pt_BR/content/versions/3.20/guides/README.adoc.po, 0, 21, 0, 195, 100%
l10n/po/pt_BR/content/versions/3.20/guides/apicurio-registry-dev-services.adoc.po, 0, 19, 0, 350, 100%
l10n/po/pt_BR/content/versions/3.20/guides/config-yaml.adoc.po, 0, 31, 0, 499, 100%
l10n/po/pt_BR/content/versions/3.20/guides/deploying-to-heroku.adoc.po, 0, 85, 0, 1181, 100%
l10n/po/pt_BR/content/versions/3.20/guides/doc-concept.adoc.po, 0, 41, 0, 605, 100%
l10n/po/pt_BR/content/versions/3.20/guides/drools.adoc.po, 0, 73, 0, 1582, 100%
l10n/po/pt_BR/content/versions/3.20/guides/grpc-virtual-threads.adoc.po, 0, 14, 0, 324, 100%
l10n/po/pt_BR/content/versions/3.20/guides/grpc.adoc.po, 0, 19, 0, 151, 100%
l10n/po/pt_BR/content/versions/3.20/guides/kafka-dev-ui.adoc.po, 0, 7, 0, 71, 100%
l10n/po/pt_BR/content/versions/3.20/guides/kafka-getting-started.adoc.po, 0, 91, 0, 1380, 100%
l10n/po/pt_BR/content/versions/3.20/guides/lra.adoc.po, 0, 20, 0, 940, 100%
l10n/po/pt_BR/content/versions/3.20/guides/security-basic-authentication-howto.adoc.po, 0, 24, 0, 268, 100%
l10n/po/pt_BR/content/versions/3.20/guides/security-basic-authentication.adoc.po, 0, 32, 0, 470, 100%
l10n/po/pt_BR/content/versions/3.20/guides/security-overview.adoc.po, 0, 48, 0, 691, 100%
l10n/po/pt_BR/content/versions/3.20/guides/spring-boot-properties.adoc.po, 0, 65, 0, 739, 100%
l10n/po/pt_BR/content/versions/3.20/guides/spring-cache.adoc.po, 0, 61, 0, 764, 100%
l10n/po/pt_BR/content/versions/3.20/guides/spring-data-rest.adoc.po, 0, 124, 0, 1249, 100%
l10n/po/pt_BR/content/versions/3.20/guides/spring-scheduled.adoc.po, 0, 70, 0, 832, 100%
l10n/po/pt_BR/content/versions/3.20/guides/telemetry-examples.yaml.po, 0, 2, 0, 2, 100%
l10n/po/pt_BR/content/versions/3.20/guides/upx.adoc.po, 0, 26, 0, 293, 100%
l10n/po/pt_BR/content/versions/3.27/guides/README.adoc.po, 0, 21, 0, 195, 100%
l10n/po/pt_BR/content/versions/3.27/guides/deploying-to-heroku.adoc.po, 0, 85, 0, 1181, 100%
l10n/po/pt_BR/content/versions/3.27/guides/doc-concept.adoc.po, 0, 41, 0, 605, 100%
l10n/po/pt_BR/content/versions/3.27/guides/drools.adoc.po, 0, 73, 0, 1582, 100%
l10n/po/pt_BR/content/versions/3.27/guides/grpc-virtual-threads.adoc.po, 0, 14, 0, 324, 100%
l10n/po/pt_BR/content/versions/3.27/guides/grpc.adoc.po, 0, 19, 0, 151, 100%
l10n/po/pt_BR/content/versions/3.27/guides/kafka-dev-ui.adoc.po, 0, 7, 0, 71, 100%
l10n/po/pt_BR/content/versions/3.27/guides/kafka-getting-started.adoc.po, 0, 91, 0, 1380, 100%
l10n/po/pt_BR/content/versions/3.27/guides/lra.adoc.po, 0, 20, 0, 940, 100%
l10n/po/pt_BR/content/versions/3.27/guides/security-basic-authentication-howto.adoc.po, 0, 24, 0, 268, 100%
l10n/po/pt_BR/content/versions/3.27/guides/security-basic-authentication.adoc.po, 0, 36, 0, 528, 100%
l10n/po/pt_BR/content/versions/3.27/guides/security-overview.adoc.po, 0, 48, 0, 691, 100%
l10n/po/pt_BR/content/versions/3.27/guides/spring-boot-properties.adoc.po, 0, 65, 0, 739, 100%
l10n/po/pt_BR/content/versions/3.27/guides/spring-cache.adoc.po, 0, 61, 0, 764, 100%
l10n/po/pt_BR/content/versions/3.27/guides/spring-data-rest.adoc.po, 0, 124, 0, 1249, 100%
l10n/po/pt_BR/content/versions/3.27/guides/spring-scheduled.adoc.po, 0, 70, 0, 832, 100%
l10n/po/pt_BR/content/versions/3.27/guides/telemetry-examples.yaml.po, 0, 2, 0, 2, 100%
l10n/po/pt_BR/content/versions/3.33/guides/README.adoc.po, 0, 21, 0, 195, 100%
l10n/po/pt_BR/content/versions/3.33/guides/deploying-to-heroku.adoc.po, 0, 85, 0, 1181, 100%
l10n/po/pt_BR/content/versions/3.33/guides/doc-concept.adoc.po, 0, 41, 0, 605, 100%
l10n/po/pt_BR/content/versions/3.33/guides/drools.adoc.po, 0, 73, 0, 1582, 100%
l10n/po/pt_BR/content/versions/3.33/guides/grpc-virtual-threads.adoc.po, 0, 14, 0, 324, 100%
l10n/po/pt_BR/content/versions/3.33/guides/grpc.adoc.po, 0, 19, 0, 151, 100%
l10n/po/pt_BR/content/versions/3.33/guides/kafka-dev-ui.adoc.po, 0, 7, 0, 71, 100%
l10n/po/pt_BR/content/versions/3.33/guides/kafka-getting-started.adoc.po, 0, 91, 0, 1380, 100%
l10n/po/pt_BR/content/versions/3.33/guides/lra.adoc.po, 0, 20, 0, 940, 100%
l10n/po/pt_BR/content/versions/3.33/guides/security-basic-authentication-howto.adoc.po, 0, 24, 0, 268, 100%
l10n/po/pt_BR/content/versions/3.33/guides/security-basic-authentication.adoc.po, 0, 36, 0, 528, 100%
l10n/po/pt_BR/content/versions/3.33/guides/security-overview.adoc.po, 0, 48, 0, 691, 100%
l10n/po/pt_BR/content/versions/3.33/guides/spring-boot-properties.adoc.po, 0, 65, 0, 739, 100%
l10n/po/pt_BR/content/versions/3.33/guides/spring-cache.adoc.po, 0, 61, 0, 764, 100%
l10n/po/pt_BR/content/versions/3.33/guides/spring-data-rest.adoc.po, 0, 124, 0, 1249, 100%
l10n/po/pt_BR/content/versions/3.33/guides/spring-scheduled.adoc.po, 0, 70, 0, 832, 100%
l10n/po/pt_BR/content/versions/3.33/guides/telemetry-examples.yaml.po, 0, 2, 0, 2, 100%
l10n/po/pt_BR/content/versions/3.34/guides/README.adoc.po, 0, 21, 0, 195, 100%
l10n/po/pt_BR/content/versions/3.34/guides/deploying-to-heroku.adoc.po, 0, 85, 0, 1181, 100%
l10n/po/pt_BR/content/versions/3.34/guides/doc-concept.adoc.po, 0, 41, 0, 605, 100%
l10n/po/pt_BR/content/versions/3.34/guides/drools.adoc.po, 0, 73, 0, 1582, 100%
l10n/po/pt_BR/content/versions/3.34/guides/grpc-virtual-threads.adoc.po, 0, 14, 0, 324, 100%
l10n/po/pt_BR/content/versions/3.34/guides/grpc.adoc.po, 0, 19, 0, 151, 100%
l10n/po/pt_BR/content/versions/3.34/guides/kafka-dev-ui.adoc.po, 0, 7, 0, 71, 100%
l10n/po/pt_BR/content/versions/3.34/guides/kafka-getting-started.adoc.po, 0, 91, 0, 1380, 100%
l10n/po/pt_BR/content/versions/3.34/guides/lra.adoc.po, 0, 20, 0, 940, 100%
l10n/po/pt_BR/content/versions/3.34/guides/security-basic-authentication-howto.adoc.po, 0, 24, 0, 268, 100%
l10n/po/pt_BR/content/versions/3.34/guides/security-basic-authentication.adoc.po, 0, 36, 0, 528, 100%
l10n/po/pt_BR/content/versions/3.34/guides/security-overview.adoc.po, 0, 48, 0, 691, 100%
l10n/po/pt_BR/content/versions/3.34/guides/spring-boot-properties.adoc.po, 0, 65, 0, 739, 100%
l10n/po/pt_BR/content/versions/3.34/guides/spring-cache.adoc.po, 0, 61, 0, 764, 100%
l10n/po/pt_BR/content/versions/3.34/guides/spring-data-rest.adoc.po, 0, 124, 0, 1249, 100%
l10n/po/pt_BR/content/versions/3.34/guides/spring-scheduled.adoc.po, 0, 70, 0, 832, 100%
l10n/po/pt_BR/content/versions/3.34/guides/telemetry-examples.yaml.po, 0, 2, 0, 2, 100%
l10n/po/pt_BR/content/versions/3.8/guides/README.adoc.po, 0, 21, 0, 195, 100%
l10n/po/pt_BR/content/versions/3.8/guides/amqp-dev-services.adoc.po, 0, 16, 0, 268, 100%
l10n/po/pt_BR/content/versions/3.8/guides/apicurio-registry-dev-services.adoc.po, 0, 19, 0, 350, 100%
l10n/po/pt_BR/content/versions/3.8/guides/config-yaml.adoc.po, 0, 31, 0, 499, 100%
l10n/po/pt_BR/content/versions/3.8/guides/doc-concept.adoc.po, 0, 41, 0, 605, 100%
l10n/po/pt_BR/content/versions/3.8/guides/getting-started-reactive.adoc.po, 0, 78, 0, 1657, 100%
l10n/po/pt_BR/content/versions/3.8/guides/grpc-getting-started.adoc.po, 0, 52, 0, 779, 100%
l10n/po/pt_BR/content/versions/3.8/guides/grpc-kubernetes.adoc.po, 0, 13, 0, 258, 100%
l10n/po/pt_BR/content/versions/3.8/guides/grpc-virtual-threads.adoc.po, 0, 14, 0, 324, 100%
l10n/po/pt_BR/content/versions/3.8/guides/grpc.adoc.po, 0, 17, 0, 145, 100%
l10n/po/pt_BR/content/versions/3.8/guides/init-tasks.adoc.po, 0, 32, 0, 603, 100%
l10n/po/pt_BR/content/versions/3.8/guides/kubernetes-dev-services.adoc.po, 0, 17, 0, 334, 100%
l10n/po/pt_BR/content/versions/3.8/guides/pulsar-dev-services.adoc.po, 0, 21, 0, 301, 100%
l10n/po/pt_BR/content/versions/3.8/guides/quarkus-runtime-base-image.adoc.po, 0, 14, 0, 186, 100%
l10n/po/pt_BR/content/versions/3.8/guides/security-basic-authentication-howto.adoc.po, 0, 24, 0, 268, 100%
l10n/po/pt_BR/content/versions/3.8/guides/security-basic-authentication.adoc.po, 0, 32, 0, 470, 100%
l10n/po/pt_BR/content/versions/3.8/guides/security-overview.adoc.po, 0, 46, 0, 645, 100%
l10n/po/pt_BR/content/versions/3.8/guides/spring-boot-properties.adoc.po, 0, 65, 0, 739, 100%
l10n/po/pt_BR/content/versions/3.8/guides/spring-cache.adoc.po, 0, 61, 0, 764, 100%
l10n/po/pt_BR/content/versions/3.8/guides/spring-scheduled.adoc.po, 0, 70, 0, 832, 100%
l10n/po/pt_BR/content/versions/3.8/guides/telemetry-examples.yaml.po, 0, 2, 0, 2, 100%
l10n/po/pt_BR/content/versions/3.8/guides/upx.adoc.po, 0, 26, 0, 293, 100%
l10n/po/pt_BR/content/versions/3.8/guides/virtual-threads.adoc.po, 0, 134, 0, 2790, 100%
l10n/po/pt_BR/content/versions/3.8/guides/websockets.adoc.po, 0, 53, 0, 585, 100%
l10n/po/pt_BR/content/versions/main/guides/README.adoc.po, 0, 21, 0, 195, 100%
l10n/po/pt_BR/content/versions/main/guides/deploying-to-heroku.adoc.po, 0, 85, 0, 1181, 100%
l10n/po/pt_BR/content/versions/main/guides/doc-concept.adoc.po, 0, 41, 0, 605, 100%
l10n/po/pt_BR/content/versions/main/guides/drools.adoc.po, 0, 73, 0, 1582, 100%
l10n/po/pt_BR/content/versions/main/guides/kafka-dev-ui.adoc.po, 0, 7, 0, 71, 100%
l10n/po/pt_BR/content/versions/main/guides/redis.adoc.po, 0, 90, 0, 954, 100%
l10n/po/pt_BR/content/versions/main/guides/security-basic-authentication.adoc.po, 0, 36, 0, 528, 100%
l10n/po/pt_BR/content/versions/main/guides/security-overview.adoc.po, 0, 48, 0, 691, 100%
l10n/po/pt_BR/content/versions/main/guides/telemetry-examples.yaml.po, 0, 2, 0, 2, 100%
l10n/po/pt_BR/templates/partials/homepage-features-icon-band.html.po, 0, 13, 0, 223, 100%
